INSERT INTO `wp_termmeta` (`meta_id`, `term_id`, `meta_key`, `meta_value`) VALUES
(78, 733, 'product_count_product_cat', '3'),
(79, 1220, 'order', '0'),
(80, 1221, 'order', '0'),
(81, 1222, 'order', '0'),
(82, 1223, 'order', '0'),
(83, 1224, 'order', '0'),
(84, 1225, 'order', '0'),
(85, 1221, 'product_count_product_cat', '0'),
(86, 1220, 'product_count_product_cat', '0'),
(87, 1226, 'order_pa_color', '0'),
(88, 1227, 'order_pa_color', '0'),
(89, 1228, 'order_pa_color', '0'),
(90, 1229, 'order_pa_size', '0'),
(91, 1230, 'order_pa_size', '0'),
(92, 1231, 'order_pa_size', '0'),
(93, 1222, 'product_count_product_cat', '0'),
(94, 1232, 'order_pa_color', '0'),
(95, 1223, 'product_count_product_cat', '0'),
(96, 1233, 'order_pa_color', '0'),
(97, 1224, 'product_count_product_cat', '0'),
(98, 1225, 'product_count_product_cat', '0'),
(99, 1236, 'order', '0'),
(100, 1236, 'product_count_product_cat', '0'),
(101, 1535, 'order', '0'),
(102, 1535, 'product_count_product_cat', '0'),
(103, 1536, 'order', '0'),
(104, 1536, 'product_count_product_cat', '0'),
(105, 721, '_sb_dynamic_form_fields', 'eyJhY3Rpb24iOiJlZGl0ZWR0YWciLCJ0YWdfSUQiOiI3MjEiLCJ0YXhvbm9teSI6InNiX2R5bmFtaWNfZm9ybV90ZW1wbGF0ZXMiLCJfd3Bfb3JpZ2luYWxfaHR0cF9yZWZlcmVyIjoiaHR0cDpcL1wvYWRmb3Jlc3Quc2NyaXB0c2J1bmRsZS5jb21cL21hdGNoZm9yZXN0XC93cC1hZG1pblwvZWRpdC10YWdzLnBocD90YXhvbm9teT1zYl9keW5hbWljX2Zvcm1fdGVtcGxhdGVzJnBvc3RfdHlwZT1hZF9wb3N0IiwiX3dwbm9uY2UiOiIxNmNhZTBhY2YzIiwiX3dwX2h0dHBfcmVmZXJlciI6IlwvbWF0Y2hmb3Jlc3RcL3dwLWFkbWluXC90ZXJtLnBocD90YXhvbm9teT1zYl9keW5hbWljX2Zvcm1fdGVtcGxhdGVzJnRhZ19JRD03MjEmcG9zdF90eXBlPWFkX3Bvc3Qmd3BfaHR0cF9yZWZlcmVyPSUyRm1hdGNoZm9yZXN0JTJGd3AtYWRtaW4lMkZlZGl0LXRhZ3MucGhwJTNGdGF4b25vbXklM0RzYl9keW5hbWljX2Zvcm1fdGVtcGxhdGVzJTI2cG9zdF90eXBlJTNEYWRfcG9zdCIsIm5hbWUiOiJNYXRjaEZvcmVzdCBUZW1wbGF0ZSIsInNsdWciOiJ0ZXN0LXRlbXBsYXRlIiwiZGVzY3JpcHRpb24iOiIiLCJfc2JfZGVmYXVsdF9jYXRfcHJpY2Vfc2hvdyI6IjAiLCJfc2JfZGVmYXVsdF9jYXRfcHJpY2VfcmVxdWlyZWQiOiIwIiwiX3NiX2RlZmF1bHRfY2F0X3ByaWNlX3R5cGVfc2hvdyI6IjAiLCJfc2JfZGVmYXVsdF9jYXRfcHJpY2VfdHlwZV9yZXF1aXJlZCI6IjAiLCJfc2JfZGVmYXVsdF9jYXRfdmlkZW9fc2hvdyI6IjAiLCJfc2JfZGVmYXVsdF9jYXRfdmlkZW9fcmVxdWlyZWQiOiIwIiwiX3NiX2RlZmF1bHRfY2F0X3RhZ3Nfc2hvdyI6IjAiLCJfc2JfZGVmYXVsdF9jYXRfdGFnc19yZXF1aXJlZCI6IjAiLCJfc2JfZGVmYXVsdF9jYXRfaW1hZ2Vfc2hvdyI6IjEiLCJfc2JfZGVmYXVsdF9jYXRfaW1hZ2VfcmVxdWlyZWQiOiIxIiwiX3NiX2RlZmF1bHRfY2F0X2NvbmRpdGlvbl9zaG93IjoiMCIsIl9zYl9kZWZhdWx0X2NhdF9jb25kaXRpb25fcmVxdWlyZWQiOiIwIiwiX3NiX2RlZmF1bHRfY2F0X3dhcnJhbnR5X3Nob3ciOiIwIiwiX3NiX2RlZmF1bHRfY2F0X3dhcnJhbnR5X3JlcXVpcmVkIjoiMCIsIl9zYl9kZWZhdWx0X2NhdF9hZF90eXBlX3Nob3ciOiIxIiwiX3NiX2RlZmF1bHRfY2F0X2FkX3R5cGVfcmVxdWlyZWQiOiIxIiwiX3NiX2R5bmFtaWNfZm9ybV90eXBlcyI6WyIxIiwiMSIsIjMiLCIyIiwiMSIsIjEiLCIxIiwiMiIsIjIiLCIyIiwiMSIsIjEiLCIzIiwiMSIsIjMiLCIxIiwiMSIsIjMiXSwiX3NiX2R5bmFtaWNfZm9ybV9pbl9zZWFyY2giOlsieWVzIiwieWVzIiwieWVzIiwieWVzIiwieWVzIiwieWVzIiwieWVzIiwieWVzIiwieWVzIiwieWVzIiwieWVzIiwieWVzIiwieWVzIiwieWVzIiwieWVzIiwieWVzIiwieWVzIiwieWVzIl0sIl9zYl9keW5hbWljX2Zvcm1fY29sdW1ucyI6WyIxMiIsIjEyIiwiMTIiLCIxMiIsIjEyIiwiMTIiLCIxMiIsIjEyIiwiMTIiLCIxMiIsIjEyIiwiMTIiLCIxMiIsIjEyIiwiMTIiLCIxMiIsIjEyIiwiMTIiXSwiX3NiX2R5bmFtaWNfZm9ybV9yZXF1aXJlcyI6WyIxIiwiMCIsIjEiLCIwIiwiMCIsIjEiLCIxIiwiMCIsIjAiLCIwIiwiMCIsIjAiLCIwIiwiMCIsIjAiLCIwIiwiMCIsIjAiXSwiX3NiX2R5bmFtaWNfZm9ybV9zdGF0dXMiOlsiMSIsIjEiLCIxIiwiMSIsIjEiLCIxIiwiMSIsIjEiLCIxIiwiMSIsIjEiLCIxIiwiMSIsIjEiLCIxIiwiMSIsIjEiLCIxIl0sIl9zYl9keW5hbWljX2Zvcm1fdGl0bGVzIjpbIk5hbWUiLCJGYXRoZXIgTmFtZSIsIkdlbmRlciIsIlJlbGlnaW9uIiwiQWdlIiwiSGVpZ2h0IiwiV2VpZ2h0IiwiTGFuZ2F1Z2UiLCJNYXJ0aWFsIFN0YXR1cyIsIlF1YWxpZmljYXRpb24iLCJPY2N1cGF0aW9uIiwiSW5jb21lIiwiTG9va2luZyBGb3I6IiwiUGFydG5lclxcJ3MgQWdlIiwiUGFydG5lclxcJ3MgUXVhbGlmaWN0YWlvbiIsIlBhcnRuZXJcXCdzIE9jY3VwYXRpb24iLCJQYXJ0bmVyXFwncyBJbmNvbWUiLCJSZWxpZ2lvbiJdLCJfc2JfZHluYW1pY19mb3JtX3NsdWdzIjpbIm5hbWUiLCJmYXRoZXJfbmFtZSIsImdlbmRlciIsInJlbGlnaW9uIiwiYWdlIiwiaGVpZ2h0Iiwid2VpZ2h0IiwibGFuZ2F1Z2UiLCJtYXJ0aWFsX3N0YXR1cyIsInF1YWxpZmljYXRpb24iLCJvY2N1cGF0aW9uIiwiaW5jb21lIiwibG9va2luZ19mb3JfIiwicGFydG5lcl9zX2FnZSIsInBhcnRuZXJfc19xdWFsaWZpY3RhaW9uIiwicGFydG5lcl9zX29jY3VwYXRpb24iLCJwYXJ0bmVyX3NfaW5jb21lIiwicmVsaWdpb24iXSwiX3NiX2R5bmFtaWNfZm9ybV92YWx1ZXMiOlsiIiwiIiwiTWFsZXxGZW1hbGUiLCJNdXNsaW18SGluZHV8Q2hyaXN0aWFufEpld2lzaHxCdWRkaGlzdHxKYWlufFNpa2giLCIiLCIiLCIiLCJVcmR1fEVuZ2xpc2h8UHVuamFiaXxIaW5kaXxTaW5kaGl8UGFzaHRvfEJhbG9jaGl8TWFyYXRoaXxPdGhlcnMiLCJTaW5nbGV8RGl2b3JjZWR8V2lkb3dlZHxNYXJyaWVkIiwiSGlnaCBTY2hvb2x8QmFjaGVsb3JzfE1hc3RlcnN8UGhEIiwiIiwiIiwiU2luZ2xlfERpdm9yY2VkfFdpZG93ZWR8TWFycmllZCIsIiIsIkhpZ2ggU2Nob29sfEJhY2hlbG9yc3xNYXN0ZXJzfFBoRCIsIiIsIiIsIk11c2xpbXxIaW5kdXxDaHJpc3RpYW58SmV3aXNofEJ1ZGRoaXN0fEphaW58U2lraCJdfQ=='),
(114, 1552, '_sb_dynamic_form_fields', 'eyJhY3Rpb24iOiJlZGl0ZWR0YWciLCJ0YWdfSUQiOiIxNTUyIiwidGF4b25vbXkiOiJzYl9keW5hbWljX2Zvcm1fdGVtcGxhdGVzIiwiX3dwX29yaWdpbmFsX2h0dHBfcmVmZXJlciI6Imh0dHA6XC9cL2FkZm9yZXN0LnNjcmlwdHNidW5kbGUuY29tXC9zZXJ2aWNlZm9yZXN0XC93cC1hZG1pblwvZWRpdC10YWdzLnBocD90YXhvbm9teT1zYl9keW5hbWljX2Zvcm1fdGVtcGxhdGVzJnBvc3RfdHlwZT1hZF9wb3N0IiwiX3dwbm9uY2UiOiIzNWRmY2U1YmYzIiwiX3dwX2h0dHBfcmVmZXJlciI6Ilwvc2VydmljZWZvcmVzdFwvd3AtYWRtaW5cL3Rlcm0ucGhwP3RheG9ub215PXNiX2R5bmFtaWNfZm9ybV90ZW1wbGF0ZXMmdGFnX0lEPTE1NTImcG9zdF90eXBlPWFkX3Bvc3Qmd3BfaHR0cF9yZWZlcmVyPSUyRnNlcnZpY2Vmb3Jlc3QlMkZ3cC1hZG1pbiUyRmVkaXQtdGFncy5waHAlM0Z0YXhvbm9teSUzRHNiX2R5bmFtaWNfZm9ybV90ZW1wbGF0ZXMlMjZwb3N0X3R5cGUlM0RhZF9wb3N0IiwibmFtZSI6IlNlcnZpY2VGb3Jlc3QgVGVtcGxhdGUiLCJzbHVnIjoic2VydmljZWZvcmVzdC10ZW1wbGF0ZSIsImRlc2NyaXB0aW9uIjoiIiwiX3NiX2RlZmF1bHRfY2F0X3ByaWNlX3Nob3ciOiIxIiwiX3NiX2RlZmF1bHRfY2F0X3ByaWNlX3JlcXVpcmVkIjoiMSIsIl9zYl9kZWZhdWx0X2NhdF9wcmljZV90eXBlX3Nob3ciOiIxIiwiX3NiX2RlZmF1bHRfY2F0X3ByaWNlX3R5cGVfcmVxdWlyZWQiOiIxIiwiX3NiX2RlZmF1bHRfY2F0X3ZpZGVvX3Nob3ciOiIxIiwiX3NiX2RlZmF1bHRfY2F0X3ZpZGVvX3JlcXVpcmVkIjoiMSIsIl9zYl9kZWZhdWx0X2NhdF90YWdzX3Nob3ciOiIxIiwiX3NiX2RlZmF1bHRfY2F0X3RhZ3NfcmVxdWlyZWQiOiIxIiwiX3NiX2RlZmF1bHRfY2F0X2ltYWdlX3Nob3ciOiIxIiwiX3NiX2RlZmF1bHRfY2F0X2ltYWdlX3JlcXVpcmVkIjoiMSIsIl9zYl9kZWZhdWx0X2NhdF9jb25kaXRpb25fc2hvdyI6IjAiLCJfc2JfZGVmYXVsdF9jYXRfY29uZGl0aW9uX3JlcXVpcmVkIjoiMCIsIl9zYl9kZWZhdWx0X2NhdF93YXJyYW50eV9zaG93IjoiMCIsIl9zYl9kZWZhdWx0X2NhdF93YXJyYW50eV9yZXF1aXJlZCI6IjAiLCJfc2JfZGVmYXVsdF9jYXRfYWRfdHlwZV9zaG93IjoiMSIsIl9zYl9kZWZhdWx0X2NhdF9hZF90eXBlX3JlcXVpcmVkIjoiMSIsIl9zYl9keW5hbWljX2Zvcm1fdHlwZXMiOlsiMSIsIjEiLCIxIl0sIl9zYl9keW5hbWljX2Zvcm1faW5fc2VhcmNoIjpbInllcyIsInllcyIsInllcyJdLCJfc2JfZHluYW1pY19mb3JtX2NvbHVtbnMiOlsiMTIiLCIxMiIsIjEyIl0sIl9zYl9keW5hbWljX2Zvcm1fcmVxdWlyZXMiOlsiMCIsIjAiLCIwIl0sIl9zYl9keW5hbWljX2Zvcm1fc3RhdHVzIjpbIjEiLCIxIiwiMSJdLCJfc2JfZHluYW1pY19mb3JtX3RpdGxlcyI6WyJTa2lsbHMiLCJBdmFpbGFiaWxpdHkiLCJTZXJ2aWNlcyJdLCJfc2JfZHluYW1pY19mb3JtX3NsdWdzIjpbInNwZWNpYWxpemF0aW9uIiwiYXZhaWxhYmlsaXR5Iiwic2VydmljZXMiXSwiX3NiX2R5bmFtaWNfZm9ybV92YWx1ZXMiOlsiIiwiIiwiIl19'),
(115, 1553, 'order', '0'),
(116, 1553, 'product_count_product_cat', '9'),
(117, 1574, '_sb_category_template', '1585'),
(118, 1575, '_sb_category_template', '1585'),
(119, 1576, '_sb_category_template', '1585'),
(120, 1577, '_sb_category_template', '1585'),
(121, 1578, '_sb_category_template', '1585'),
(122, 1579, '_sb_category_template', '1585'),
(123, 1585, '_sb_dynamic_form_fields', 'eyJhY3Rpb24iOiJlZGl0ZWR0YWciLCJ0YWdfSUQiOiIxNTg1IiwidGF4b25vbXkiOiJzYl9keW5hbWljX2Zvcm1fdGVtcGxhdGVzIiwiX3dwX29yaWdpbmFsX2h0dHBfcmVmZXJlciI6Imh0dHA6XC9cL2FkZm9yZXN0LnNjcmlwdHNidW5kbGUuY29tXC9ib29rZm9yZXN0XC93cC1hZG1pblwvdGVybS5waHA/dGF4b25vbXk9c2JfZHluYW1pY19mb3JtX3RlbXBsYXRlcyZ0YWdfSUQ9MTU4NSZwb3N0X3R5cGU9YWRfcG9zdCZ3cF9odHRwX3JlZmVyZXI9JTJGYm9va2ZvcmVzdCUyRndwLWFkbWluJTJGZWRpdC10YWdzLnBocCUzRnRheG9ub215JTNEc2JfZHluYW1pY19mb3JtX3RlbXBsYXRlcyUyNnBvc3RfdHlwZSUzRGFkX3Bvc3QiLCJfd3Bub25jZSI6ImM1MWM1YjIxMTYiLCJfd3BfaHR0cF9yZWZlcmVyIjoiXC9ib29rZm9yZXN0XC93cC1hZG1pblwvdGVybS5waHA/dGF4b25vbXk9c2JfZHluYW1pY19mb3JtX3RlbXBsYXRlcyZ0YWdfSUQ9MTU4NSZwb3N0X3R5cGU9YWRfcG9zdCZ3cF9odHRwX3JlZmVyZXI9JTJGYm9va2ZvcmVzdCUyRndwLWFkbWluJTJGZWRpdC10YWdzLnBocCUzRnRheG9ub215JTNEc2JfZHluYW1pY19mb3JtX3RlbXBsYXRlcyUyNnBvc3RfdHlwZSUzRGFkX3Bvc3QmbWVzc2FnZT0zIiwibmFtZSI6IkJvb2tGb3Jlc3QgVGVtcGxhdGUiLCJzbHVnIjoiYm9va2ZvcmVzdC10ZW1wbGF0ZSIsImRlc2NyaXB0aW9uIjoiIiwiX3NiX2RlZmF1bHRfY2F0X3ByaWNlX3Nob3ciOiIxIiwiX3NiX2RlZmF1bHRfY2F0X3ByaWNlX3JlcXVpcmVkIjoiMSIsIl9zYl9kZWZhdWx0X2NhdF9wcmljZV90eXBlX3Nob3ciOiIxIiwiX3NiX2RlZmF1bHRfY2F0X3ByaWNlX3R5cGVfcmVxdWlyZWQiOiIxIiwiX3NiX2RlZmF1bHRfY2F0X3ZpZGVvX3Nob3ciOiIxIiwiX3NiX2RlZmF1bHRfY2F0X3ZpZGVvX3JlcXVpcmVkIjoiMSIsIl9zYl9kZWZhdWx0X2NhdF90YWdzX3Nob3ciOiIxIiwiX3NiX2RlZmF1bHRfY2F0X3RhZ3NfcmVxdWlyZWQiOiIxIiwiX3NiX2RlZmF1bHRfY2F0X2ltYWdlX3Nob3ciOiIxIiwiX3NiX2RlZmF1bHRfY2F0X2ltYWdlX3JlcXVpcmVkIjoiMSIsIl9zYl9kZWZhdWx0X2NhdF9jb25kaXRpb25fc2hvdyI6IjEiLCJfc2JfZGVmYXVsdF9jYXRfY29uZGl0aW9uX3JlcXVpcmVkIjoiMSIsIl9zYl9kZWZhdWx0X2NhdF93YXJyYW50eV9zaG93IjoiMSIsIl9zYl9kZWZhdWx0X2NhdF93YXJyYW50eV9yZXF1aXJlZCI6IjEiLCJfc2JfZGVmYXVsdF9jYXRfYWRfdHlwZV9zaG93IjoiMSIsIl9zYl9kZWZhdWx0X2NhdF9hZF90eXBlX3JlcXVpcmVkIjoiMSIsIl9zYl9keW5hbWljX2Zvcm1fdHlwZXMiOlsiMSIsIjEiXSwiX3NiX2R5bmFtaWNfZm9ybV9pbl9zZWFyY2giOlsieWVzIiwieWVzIl0sIl9zYl9keW5hbWljX2Zvcm1fY29sdW1ucyI6WyIxMiIsIjEyIl0sIl9zYl9keW5hbWljX2Zvcm1fcmVxdWlyZXMiOlsiMCIsIjAiXSwiX3NiX2R5bmFtaWNfZm9ybV9zdGF0dXMiOlsiMSIsIjEiXSwiX3NiX2R5bmFtaWNfZm9ybV90aXRsZXMiOlsiQXV0aG9yIG5hbWUiLCJQdWJsaXNoZXIgOiJdLCJfc2JfZHluYW1pY19mb3JtX3NsdWdzIjpbImF1dGhvcl9uYW1lIiwicHVibGlzaGVyXyJdLCJfc2JfZHluYW1pY19mb3JtX3ZhbHVlcyI6WyIiLCIiXX0='),
(124, 1595, '_sb_category_template', ''),
(125, 1596, '_sb_category_template', '');

INSERT INTO `wp_terms` (`term_id`, `name`, `slug`, `term_group`) VALUES
(1, 'Uncategorized', 'uncategorized', 0),
(2, 'simple', 'simple', 0),
(3, 'grouped', 'grouped', 0),
(4, 'variable', 'variable', 0),
(5, 'external', 'external', 0),
(6, 'exclude-from-search', 'exclude-from-search', 0),
(7, 'exclude-from-catalog', 'exclude-from-catalog', 0),
(8, 'featured', 'featured', 0),
(9, 'outofstock', 'outofstock', 0),
(10, 'rated-1', 'rated-1', 0),
(11, 'rated-2', 'rated-2', 0),
(12, 'rated-3', 'rated-3', 0),
(13, 'rated-4', 'rated-4', 0),
(14, 'rated-5', 'rated-5', 0),
(15, 'accord', 'accord', 0),
(16, 'beautiful cat', 'beautiful-cat', 0),
(17, 'beautiful homes', 'beautiful-homes', 0),
(18, 'Bike', 'bike', 0),
(19, 'branded shirts', 'branded-shirts', 0),
(20, 'branded shoes', 'branded-shoes', 0),
(21, 'car', 'car', 0),
(22, 'cat', 'cat', 0),
(23, 'Cat for sale', 'cat-for-sale', 0),
(24, 'civic', 'civic', 0),
(25, 'CURREN', 'curren', 0),
(26, 'CURREN Watch', 'curren-watch', 0),
(27, 'CURREN watch for sale', 'curren-watch-for-sale', 0),
(28, 'Dell', 'dell', 0),
(29, 'Dell Laptops', 'dell-laptops', 0),
(30, 'Dell\'s Latitude', 'dells-latitude', 0),
(31, 'Dimond', 'dimond', 0),
(32, 'Ducati bike', 'ducati-bike', 0),
(33, 'Ducati Multistrada 1200 S', 'ducati-multistrada-1200-s', 0),
(34, 'Entaniya 250 Micro fisheye lenses', 'entaniya-250-micro-fisheye-lenses', 0),
(35, 'Entaniya 250 Micro fisheye lenses feature', 'entaniya-250-micro-fisheye-lenses-feature', 0),
(36, 'Galaxy C9', 'galaxy-c9', 0),
(37, 'good looking shirts', 'good-looking-shirts', 0),
(38, 'honda', 'honda', 0),
(39, 'house sale rule', 'house-sale-rule', 0),
(40, 'how to buy home', 'how-to-buy-home', 0),
(41, 'how to find a home', 'how-to-find-a-home', 0),
(42, 'i phone 7', 'i-phone-7', 0),
(43, 'i phone 7 feature', 'i-phone-7-feature', 0),
(44, 'Lamborghini Aventador', 'lamborghini-aventador', 0),
(45, 'MacBook', 'macbook', 0),
(46, 'MacBook Air', 'macbook-air', 0),
(47, 'MacBook Air 2017', 'macbook-air-2017', 0),
(48, 'MacBook Air for sale', 'macbook-air-for-sale', 0),
(49, 'men shirts', 'men-shirts', 0),
(50, 'New model ofLamborghini Aventador', 'new-model-oflamborghini-aventador', 0),
(51, 'Plated CZ Diamon rings', 'plated-cz-diamon-rings', 0),
(52, 'Properties of i phone 7', 'properties-of-i-phone-7', 0),
(53, 'purchasing any house', 'purchasing-any-house', 0),
(54, 'Rings', 'rings', 0),
(55, 'rule of purchasing any house', 'rule-of-purchasing-any-house', 0),
(56, 'Samsung', 'samsung', 0),
(57, 'shirt', 'shirt', 0),
(58, 'shoes', 'shoes', 0),
(59, 'shoes for sale', 'shoes-for-sale', 0),
(60, 'soney camera', 'soney-camera', 0),
(61, 'Soney mobiles for sale', 'soney-mobiles-for-sale', 0),
(62, 'Sony mobiles', 'sony-mobiles', 0),
(63, 'Sony Xperia XZ', 'sony-xperia-xz', 0),
(64, 'sports', 'sports', 0),
(65, 'Sports Bike 2015', 'sports-bike-2015', 0),
(66, 'stylish Lamborghini Aventador', 'stylish-lamborghini-aventador', 0),
(67, 'Unveils Galaxy C9', 'unveils-galaxy-c9', 0),
(68, 'watch', 'watch', 0),
(69, 'Yamaha', 'yamaha', 0),
(70, 'Yamaha YZF', 'yamaha-yzf', 0),
(71, 'Yamaha YZF-R3', 'yamaha-yzf-r3', 0),
(119, 'car', 'car', 0),
(172, 'home', 'home', 0),
(206, 'New', 'new', 0),
(213, 'No', 'no', 0),
(272, 'Used', 'used', 0),
(287, 'Yes', 'yes', 0),
(334, '$', 'aud', 0),
(335, '¥', 'cny', 0),
(336, '﷼', 'qar', 0),
(337, '₨', 'pkr', 0),
(341, '£', 'egp', 0),
(342, '₽', 'rub', 0),
(343, '฿', 'thb', 0),
(344, 'Дин', 'rsd', 0),
(345, 'Main Menu', 'main-menu', 0),
(433, 'United States', 'united-states', 0),
(434, 'Alabama', 'alabama', 0),
(435, 'Arizona', 'arizona', 0),
(436, 'Arkansas', 'arkansas', 0),
(437, 'California', 'california', 0),
(438, 'Colorado', 'colorado', 0),
(439, 'Connecticut', 'connecticut', 0),
(440, 'Delaware', 'delaware', 0),
(441, 'District of Columbia', 'district-of-columbia', 0),
(442, 'Florida', 'florida', 0),
(443, 'Georgia', 'georgia', 0),
(444, 'New Hampshire', 'new-hampshire', 0),
(445, 'New Jersey', 'new-jersey', 0),
(446, 'New Mexico', 'new-mexico', 0),
(447, 'New York', 'new-york', 0),
(448, 'North Carolina', 'north-carolina', 0),
(449, 'Washington', 'washington', 0),
(450, 'Anniston', 'anniston', 0),
(451, 'Chickasaw', 'chickasaw', 0),
(452, 'Demopolis', 'demopolis', 0),
(453, 'Enterprise', 'enterprise', 0),
(454, 'Phenix City', 'phenix-city', 0),
(455, 'Sheffield', 'sheffield', 0),
(456, 'Avondale', 'avondale', 0),
(457, 'Bisbee', 'bisbee', 0),
(458, 'Casa Grande', 'casa-grande', 0),
(459, 'Kingman', 'kingman', 0),
(460, 'Lake Havasu City', 'lake-havasu-city', 0),
(461, 'Carmel', 'carmel', 0),
(462, 'Claremont', 'claremont', 0),
(463, 'Compton', 'compton', 0),
(464, 'Costa Mesa', 'costa-mesa', 0),
(465, 'Downey', 'downey', 0),
(466, 'Belle Glade', 'belle-glade', 0),
(467, 'Boca Raton', 'boca-raton', 0),
(468, 'De Land', 'de-land', 0),
(469, 'Fort Lauderdale', 'fort-lauderdale', 0),
(470, 'Hollywood', 'hollywood', 0),
(471, 'Homestead', 'homestead', 0),
(472, 'Melbourne', 'melbourne', 0),
(473, 'Miami', 'miami', 0),
(474, 'Augusta', 'augusta', 0),
(475, 'Bainbridge', 'bainbridge', 0),
(476, 'Blairsville', 'blairsville', 0),
(477, 'Carrollton', 'carrollton', 0),
(478, 'Dalton', 'dalton', 0),
(479, 'Berlin', 'berlin', 0),
(480, 'Concord', 'concord', 0),
(481, 'Derry', 'derry', 0),
(482, 'Manchester', 'manchester', 0),
(483, 'Asbury Park', 'asbury-park', 0),
(484, 'Bloomfield', 'bloomfield', 0),
(485, 'Clifton', 'clifton', 0),
(486, 'Elizabeth', 'elizabeth', 0),
(487, 'Long Beach', 'long-beach', 0),
(488, 'Belen', 'belen', 0),
(489, 'Clovis', 'clovis', 0),
(490, 'Hobbs', 'hobbs', 0),
(491, 'Roswell', 'roswell', 0),
(492, 'Tucumcari', 'tucumcari', 0),
(493, 'Binghamton', 'binghamton', 0),
(494, 'Crown Point', 'crown-point', 0),
(495, 'Hudson', 'hudson', 0),
(496, 'Johnstown', 'johnstown', 0),
(497, 'Durham', 'durham', 0),
(498, 'Edenton', 'edenton', 0),
(499, 'Gastonia', 'gastonia', 0),
(500, 'Henderson', 'henderson', 0),
(501, 'Jacksonville', 'jacksonville', 0),
(502, 'Aberdeen', 'aberdeen', 0),
(503, 'Anacortes', 'anacortes', 0),
(504, 'Auburn', 'auburn', 0),
(505, 'Bellevue', 'bellevue', 0),
(506, 'Bellingham', 'bellingham', 0),
(507, 'Bremerton', 'bremerton', 0),
(644, 'house', 'house', 0),
(721, 'MatchForest Template', 'test-template', 0),
(733, 'Uncategorized', 'uncategorized', 0),
(1220, 'Clothing', 'clothing', 0),
(1221, 'Tshirts', 'tshirts', 0),
(1222, 'Hoodies', 'hoodies', 0),
(1223, 'Accessories', 'accessories', 0),
(1224, 'Music', 'music', 0),
(1225, 'Decor', 'decor', 0),
(1226, 'Blue', 'blue', 0),
(1227, 'Green', 'green', 0),
(1228, 'Red', 'red', 0),
(1229, 'Large', 'large', 0),
(1230, 'Medium', 'medium', 0),
(1231, 'Small', 'small', 0),
(1232, 'Gray', 'gray', 0),
(1233, 'Yellow', 'yellow', 0),
(1236, 'Fashion', 'fashion', 0),
(1535, 'Health', 'health', 0),
(1536, 'Wedding', 'wedding', 0),
(1541, 'Canada', 'canada', 0),
(1542, 'India', 'india', 0),
(1543, 'Paksitan', 'paksitan', 0),
(1544, 'Italy', 'italy', 0),
(1545, 'Germany', 'germany', 0),
(1546, 'Malaysia', 'malaysia', 0),
(1547, 'Wedding', 'wedding', 0),
(1552, 'ServiceForest Template', 'serviceforest-template', 0),
(1553, 'Services', 'services', 0),
(1554, 'massage', 'massage', 0),
(1555, 'relax', 'relax', 0),
(1556, 'hair', 'hair', 0),
(1557, 'cut', 'cut', 0),
(1558, 'salon', 'salon', 0),
(1559, 'law', 'law', 0),
(1560, 'adv', 'adv', 0),
(1561, 'doctor', 'doctor', 0),
(1562, 'paint', 'paint', 0),
(1563, 'shop', 'shop', 0),
(1564, 'repair', 'repair', 0),
(1565, 'pipe', 'pipe', 0),
(1566, 'plumber', 'plumber', 0),
(1567, 'electirc', 'electirc', 0),
(1568, 'eyes', 'eyes', 0),
(1569, 'care', 'care', 0),
(1574, 'Literature', 'literature', 0),
(1575, 'Religion Books', 'religion-books', 0),
(1576, 'Science Fiction Books', 'science-fiction-books', 0),
(1577, 'Business', 'business', 0),
(1578, 'Management', 'management', 0),
(1579, 'Islamic History', 'islamic-history', 0),
(1580, 'Textbook', 'textbook', 0),
(1581, 'Anthology', 'anthology', 0),
(1582, 'Graphic novel', 'graphic-novel', 0),
(1583, 'Picture book', 'picture-book', 0),
(1584, 'Cookbook', 'cookbook', 0),
(1585, 'BookForest Template', 'bookforest-template', 0),
(1586, 'Motivational books', 'motivational-books', 0),
(1587, 'book reading', 'book-reading', 0),
(1588, 'Business carrer', 'business-carrer', 0),
(1589, 'carrer development', 'carrer-development', 0),
(1590, 'information about history', 'information-about-history', 0),
(1591, 'Book for childern', 'book-for-childern', 0),
(1592, 'Religon History', 'religon-history', 0),
(1593, 'Religon', 'religon', 0),
(1594, 'Self awareness', 'self-awareness', 0),
(1595, 'Cooking', 'cooking', 0),
(1596, 'Health', 'health', 0);

INSERT INTO `wp_term_relationships` (`object_id`, `term_taxonomy_id`, `term_order`) VALUES
(0, 201, 0),
(0, 514, 0),
(0, 552, 0),
(0, 654, 0),
(0, 739, 0),
(0, 740, 0),
(0, 741, 0),
(0, 1084, 0),
(0, 1186, 0),
(0, 1187, 0),
(0, 1188, 0),
(0, 1189, 0),
(0, 1482, 0),
(0, 1483, 0),
(0, 1484, 0),
(507, 1, 0),
(507, 20, 0),
(507, 58, 0),
(507, 59, 0),
(520, 1, 0),
(520, 31, 0),
(520, 51, 0),
(520, 54, 0),
(523, 1, 0),
(749, 2, 0),
(749, 733, 0),
(753, 2, 0),
(753, 14, 0),
(753, 733, 0),
(1085, 2, 0),
(1085, 13, 0),
(1085, 733, 0),
(2313, 272, 0),
(2313, 287, 0),
(2348, 206, 0),
(2348, 334, 0),
(2348, 433, 0),
(2353, 334, 0),
(2353, 433, 0),
(2353, 434, 0),
(2354, 272, 0),
(2354, 287, 0),
(2354, 336, 0),
(2354, 433, 0),
(2354, 435, 0),
(2354, 458, 0),
(2368, 213, 0),
(2368, 272, 0),
(2368, 335, 0),
(2368, 433, 0),
(2368, 435, 0),
(2371, 341, 0),
(2371, 433, 0),
(2371, 447, 0),
(2371, 495, 0),
(2433, 345, 0),
(2436, 345, 0),
(2438, 345, 0),
(2440, 345, 0),
(2442, 345, 0),
(2444, 345, 0),
(2447, 345, 0),
(2449, 345, 0),
(2451, 345, 0),
(2453, 345, 0),
(2455, 345, 0),
(2458, 345, 0),
(2460, 345, 0),
(2462, 345, 0),
(2464, 345, 0),
(2467, 345, 0),
(2469, 345, 0),
(2474, 345, 0),
(2476, 345, 0),
(2478, 345, 0),
(2479, 345, 0),
(2480, 345, 0),
(2481, 345, 0),
(2482, 345, 0),
(2483, 345, 0),
(2484, 345, 0),
(2485, 345, 0),
(2488, 334, 0),
(2488, 433, 0),
(2509, 334, 0),
(2509, 433, 0),
(2510, 213, 0),
(2510, 272, 0),
(2510, 336, 0),
(2510, 433, 0),
(2510, 435, 0),
(2531, 345, 0),
(2532, 345, 0),
(2533, 345, 0),
(2534, 345, 0),
(2535, 345, 0),
(2536, 345, 0),
(2537, 345, 0),
(2538, 345, 0),
(2539, 345, 0),
(2540, 345, 0),
(2541, 345, 0),
(2542, 345, 0),
(2549, 345, 0),
(2550, 345, 0),
(2651, 272, 0),
(2651, 287, 0),
(2651, 343, 0),
(2930, 272, 0),
(2930, 287, 0),
(2930, 334, 0),
(2930, 433, 0),
(2930, 437, 0),
(2930, 462, 0),
(3566, 206, 0),
(3566, 287, 0),
(3566, 334, 0),
(3566, 433, 0),
(3566, 435, 0),
(3566, 458, 0),
(3759, 272, 0),
(3759, 334, 0),
(3759, 433, 0),
(4166, 206, 0),
(4166, 287, 0),
(4166, 334, 0),
(4166, 433, 0),
(7096, 733, 0),
(7097, 733, 0),
(7098, 733, 0),
(7099, 733, 0),
(7100, 733, 0),
(7101, 733, 0),
(7106, 733, 0),
(7215, 345, 0),
(7855, 345, 0),
(7865, 345, 0),
(7866, 345, 0),
(9136, 334, 0),
(9136, 644, 0),
(9136, 1541, 0),
(9136, 1562, 0),
(9142, 119, 0),
(9142, 335, 0),
(9142, 433, 0),
(9142, 437, 0),
(9142, 1564, 0),
(9147, 343, 0),
(9147, 1541, 0),
(9147, 1561, 0),
(9147, 1568, 0),
(9150, 334, 0),
(9150, 1543, 0),
(9150, 1554, 0),
(9150, 1555, 0),
(9157, 119, 0),
(9157, 341, 0),
(9157, 1542, 0),
(9157, 1564, 0),
(9157, 1569, 0),
(9160, 172, 0),
(9160, 1545, 0),
(9160, 1563, 0),
(9163, 334, 0),
(9163, 1541, 0),
(9163, 1559, 0),
(9166, 1544, 0),
(9166, 1561, 0),
(9168, 334, 0),
(9168, 433, 0),
(9168, 438, 0),
(9168, 1556, 0),
(9168, 1557, 0),
(9168, 1558, 0),
(9173, 1543, 0),
(9173, 1567, 0),
(9176, 433, 0),
(9176, 442, 0),
(9176, 470, 0),
(9176, 1559, 0),
(9176, 1560, 0),
(9180, 334, 0),
(9180, 433, 0),
(9180, 1565, 0),
(9180, 1566, 0),
(9197, 1, 0),
(9201, 345, 0),
(9202, 345, 0),
(9205, 345, 0),
(9206, 345, 0),
(9207, 345, 0),
(9208, 345, 0),
(9209, 345, 0),
(9210, 345, 0),
(9211, 345, 0),
(9212, 345, 0),
(9213, 345, 0),
(9254, 1547, 0),
(9257, 1547, 0),
(9315, 2, 0),
(9315, 1553, 0),
(9329, 2, 0),
(9329, 1553, 0),
(9330, 2, 0),
(9330, 1553, 0),
(9331, 2, 0),
(9331, 1553, 0),
(9332, 2, 0),
(9332, 1553, 0),
(9333, 2, 0),
(9333, 1553, 0),
(9336, 2, 0),
(9336, 1553, 0),
(9337, 2, 0),
(9337, 1553, 0),
(9338, 2, 0),
(9338, 1553, 0),
(9339, 2, 0),
(9339, 1553, 0),
(9340, 2, 0),
(9340, 1553, 0),
(9341, 2, 0),
(9341, 1553, 0),
(9480, 206, 0),
(9480, 287, 0),
(9480, 334, 0),
(9480, 1545, 0),
(9480, 1574, 0),
(9480, 1583, 0),
(9480, 1586, 0),
(9480, 1587, 0),
(9483, 213, 0),
(9483, 272, 0),
(9483, 334, 0),
(9483, 1546, 0),
(9483, 1577, 0),
(9483, 1581, 0),
(9483, 1588, 0),
(9483, 1589, 0),
(9486, 206, 0),
(9486, 213, 0),
(9486, 334, 0),
(9486, 433, 0),
(9486, 1574, 0),
(9486, 1583, 0),
(9486, 1587, 0),
(9489, 272, 0),
(9489, 287, 0),
(9489, 334, 0),
(9489, 1544, 0),
(9489, 1574, 0),
(9489, 1581, 0),
(9489, 1590, 0),
(9492, 206, 0),
(9492, 287, 0),
(9492, 334, 0),
(9492, 1543, 0),
(9492, 1576, 0),
(9492, 1583, 0),
(9492, 1591, 0),
(9495, 272, 0),
(9495, 287, 0),
(9495, 334, 0),
(9495, 1545, 0),
(9495, 1575, 0),
(9495, 1580, 0),
(9495, 1592, 0),
(9495, 1593, 0),
(9498, 206, 0),
(9498, 213, 0),
(9498, 334, 0),
(9498, 1541, 0),
(9498, 1574, 0),
(9498, 1583, 0),
(9498, 1586, 0),
(9498, 1594, 0);

INSERT INTO `wp_term_taxonomy` (`term_taxonomy_id`, `term_id`, `taxonomy`, `description`, `parent`, `count`) VALUES
(1, 1, 'category', '', 0, 4),
(2, 2, 'product_type', '', 0, 12),
(3, 3, 'product_type', '', 0, 0),
(4, 4, 'product_type', '', 0, 0),
(5, 5, 'product_type', '', 0, 0),
(6, 6, 'product_visibility', '', 0, 0),
(7, 7, 'product_visibility', '', 0, 0),
(8, 8, 'product_visibility', '', 0, 0),
(9, 9, 'product_visibility', '', 0, 0),
(10, 10, 'product_visibility', '', 0, 0),
(11, 11, 'product_visibility', '', 0, 0),
(12, 12, 'product_visibility', '', 0, 0),
(13, 13, 'product_visibility', '', 0, 1),
(14, 14, 'product_visibility', '', 0, 1),
(15, 15, 'post_tag', '', 0, 0),
(16, 16, 'post_tag', '', 0, 0),
(17, 17, 'post_tag', '', 0, 0),
(18, 18, 'post_tag', '', 0, 0),
(19, 19, 'post_tag', '', 0, 0),
(20, 20, 'post_tag', '', 0, 1),
(21, 21, 'post_tag', '', 0, 0),
(22, 22, 'post_tag', '', 0, 0),
(23, 23, 'post_tag', '', 0, 0),
(24, 24, 'post_tag', '', 0, 0),
(25, 25, 'post_tag', '', 0, 0),
(26, 26, 'post_tag', '', 0, 0),
(27, 27, 'post_tag', '', 0, 0),
(28, 28, 'post_tag', '', 0, 0),
(29, 29, 'post_tag', '', 0, 0),
(30, 30, 'post_tag', '', 0, 0),
(31, 31, 'post_tag', '', 0, 1),
(32, 32, 'post_tag', '', 0, 0),
(33, 33, 'post_tag', '', 0, 0),
(34, 34, 'post_tag', '', 0, 0),
(35, 35, 'post_tag', '', 0, 0),
(36, 36, 'post_tag', '', 0, 0),
(37, 37, 'post_tag', '', 0, 0),
(38, 38, 'post_tag', '', 0, 0),
(39, 39, 'post_tag', '', 0, 0),
(40, 40, 'post_tag', '', 0, 0),
(41, 41, 'post_tag', '', 0, 0),
(42, 42, 'post_tag', '', 0, 0),
(43, 43, 'post_tag', '', 0, 0),
(44, 44, 'post_tag', '', 0, 0),
(45, 45, 'post_tag', '', 0, 0),
(46, 46, 'post_tag', '', 0, 0),
(47, 47, 'post_tag', '', 0, 0),
(48, 48, 'post_tag', '', 0, 0),
(49, 49, 'post_tag', '', 0, 0),
(50, 50, 'post_tag', '', 0, 0),
(51, 51, 'post_tag', '', 0, 1),
(52, 52, 'post_tag', '', 0, 0),
(53, 53, 'post_tag', '', 0, 0),
(54, 54, 'post_tag', '', 0, 1),
(55, 55, 'post_tag', '', 0, 0),
(56, 56, 'post_tag', '', 0, 0),
(57, 57, 'post_tag', '', 0, 0),
(58, 58, 'post_tag', '', 0, 1),
(59, 59, 'post_tag', '', 0, 1),
(60, 60, 'post_tag', '', 0, 0),
(61, 61, 'post_tag', '', 0, 0),
(62, 62, 'post_tag', '', 0, 0),
(63, 63, 'post_tag', '', 0, 0),
(64, 64, 'post_tag', '', 0, 0),
(65, 65, 'post_tag', '', 0, 0),
(66, 66, 'post_tag', '', 0, 0),
(67, 67, 'post_tag', '', 0, 0),
(68, 68, 'post_tag', '', 0, 0),
(69, 69, 'post_tag', '', 0, 0),
(70, 70, 'post_tag', '', 0, 0),
(71, 71, 'post_tag', '', 0, 0),
(119, 119, 'ad_tags', '', 0, 2),
(172, 172, 'ad_tags', '', 0, 1),
(206, 206, 'ad_condition', '', 0, 4),
(213, 213, 'ad_warranty', '', 0, 3),
(272, 272, 'ad_condition', '', 0, 3),
(287, 287, 'ad_warranty', '', 0, 4),
(334, 334, 'ad_currency', '', 0, 12),
(335, 335, 'ad_currency', '', 0, 1),
(336, 336, 'ad_currency', '', 0, 0),
(337, 337, 'ad_currency', '', 0, 0),
(341, 341, 'ad_currency', '', 0, 1),
(342, 342, 'ad_currency', '', 0, 0),
(343, 343, 'ad_currency', '', 0, 1),
(344, 344, 'ad_currency', '', 0, 0),
(345, 345, 'nav_menu', '', 0, 56),
(433, 433, 'ad_country', '', 0, 5),
(434, 434, 'ad_country', '', 433, 0),
(435, 435, 'ad_country', '', 433, 0),
(436, 436, 'ad_country', '', 433, 0),
(437, 437, 'ad_country', '', 433, 1),
(438, 438, 'ad_country', '', 433, 1),
(439, 439, 'ad_country', '', 433, 0),
(440, 440, 'ad_country', '', 433, 0),
(441, 441, 'ad_country', '', 433, 0),
(442, 442, 'ad_country', '', 433, 1),
(443, 443, 'ad_country', '', 433, 0),
(444, 444, 'ad_country', '', 433, 0),
(445, 445, 'ad_country', '', 433, 0),
(446, 446, 'ad_country', '', 433, 0),
(447, 447, 'ad_country', '', 433, 0),
(448, 448, 'ad_country', '', 433, 0),
(449, 449, 'ad_country', '', 433, 0),
(450, 450, 'ad_country', '', 434, 0),
(451, 451, 'ad_country', '', 434, 0),
(452, 452, 'ad_country', '', 434, 0),
(453, 453, 'ad_country', '', 434, 0),
(454, 454, 'ad_country', '', 434, 0),
(455, 455, 'ad_country', '', 434, 0),
(456, 456, 'ad_country', '', 435, 0),
(457, 457, 'ad_country', '', 435, 0),
(458, 458, 'ad_country', '', 435, 0),
(459, 459, 'ad_country', '', 435, 0),
(460, 460, 'ad_country', '', 435, 0),
(461, 461, 'ad_country', '', 437, 0),
(462, 462, 'ad_country', '', 437, 0),
(463, 463, 'ad_country', '', 437, 0),
(464, 464, 'ad_country', '', 437, 0),
(465, 465, 'ad_country', '', 437, 0),
(466, 466, 'ad_country', '', 442, 0),
(467, 467, 'ad_country', '', 442, 0),
(468, 468, 'ad_country', '', 442, 0),
(469, 469, 'ad_country', '', 442, 0),
(470, 470, 'ad_country', '', 442, 1),
(471, 471, 'ad_country', '', 442, 0),
(472, 472, 'ad_country', '', 442, 0),
(473, 473, 'ad_country', '', 442, 0),
(474, 474, 'ad_country', '', 443, 0),
(475, 475, 'ad_country', '', 443, 0),
(476, 476, 'ad_country', '', 443, 0),
(477, 477, 'ad_country', '', 443, 0),
(478, 478, 'ad_country', '', 443, 0),
(479, 479, 'ad_country', '', 444, 0),
(480, 480, 'ad_country', '', 444, 0),
(481, 481, 'ad_country', '', 444, 0),
(482, 482, 'ad_country', '', 444, 0),
(483, 483, 'ad_country', '', 445, 0),
(484, 484, 'ad_country', '', 445, 0),
(485, 485, 'ad_country', '', 445, 0),
(486, 486, 'ad_country', '', 445, 0),
(487, 487, 'ad_country', '', 445, 0),
(488, 488, 'ad_country', '', 446, 0),
(489, 489, 'ad_country', '', 446, 0),
(490, 490, 'ad_country', '', 446, 0),
(491, 491, 'ad_country', '', 446, 0),
(492, 492, 'ad_country', '', 446, 0),
(493, 493, 'ad_country', '', 447, 0),
(494, 494, 'ad_country', '', 447, 0),
(495, 495, 'ad_country', '', 447, 0),
(496, 496, 'ad_country', '', 447, 0),
(497, 497, 'ad_country', '', 448, 0),
(498, 498, 'ad_country', '', 448, 0),
(499, 499, 'ad_country', '', 448, 0),
(500, 500, 'ad_country', '', 448, 0),
(501, 501, 'ad_country', '', 448, 0),
(502, 502, 'ad_country', '', 449, 0),
(503, 503, 'ad_country', '', 449, 0),
(504, 504, 'ad_country', '', 449, 0),
(505, 505, 'ad_country', '', 449, 0),
(506, 506, 'ad_country', '', 449, 0),
(507, 507, 'ad_country', '', 449, 0),
(644, 644, 'ad_tags', '', 0, 1),
(721, 721, 'sb_dynamic_form_templates', '', 0, 0),
(733, 733, 'product_cat', '', 0, 3),
(1220, 1220, 'product_cat', '', 0, 0),
(1221, 1221, 'product_cat', '', 1220, 0),
(1222, 1222, 'product_cat', '', 1220, 0),
(1223, 1223, 'product_cat', '', 1220, 0),
(1224, 1224, 'product_cat', '', 0, 0),
(1225, 1225, 'product_cat', '', 0, 0),
(1226, 1226, 'pa_color', '', 0, 0),
(1227, 1227, 'pa_color', '', 0, 0),
(1228, 1228, 'pa_color', '', 0, 0),
(1229, 1229, 'pa_size', '', 0, 0),
(1230, 1230, 'pa_size', '', 0, 0),
(1231, 1231, 'pa_size', '', 0, 0),
(1232, 1232, 'pa_color', '', 0, 0),
(1233, 1233, 'pa_color', '', 0, 0),
(1236, 1236, 'product_cat', '', 0, 0),
(1535, 1535, 'product_cat', '', 0, 0),
(1536, 1536, 'product_cat', '', 0, 0),
(1541, 1541, 'ad_country', '', 0, 4),
(1542, 1542, 'ad_country', '', 0, 1),
(1543, 1543, 'ad_country', '', 0, 3),
(1544, 1544, 'ad_country', '', 0, 2),
(1545, 1545, 'ad_country', '', 0, 3),
(1546, 1546, 'ad_country', '', 0, 1),
(1547, 1547, 'category', '', 0, 2),
(1552, 1552, 'sb_dynamic_form_templates', '', 0, 0),
(1553, 1553, 'product_cat', '', 0, 9),
(1554, 1554, 'ad_tags', '', 0, 1),
(1555, 1555, 'ad_tags', '', 0, 1),
(1556, 1556, 'ad_tags', '', 0, 1),
(1557, 1557, 'ad_tags', '', 0, 1),
(1558, 1558, 'ad_tags', '', 0, 1),
(1559, 1559, 'ad_tags', '', 0, 2),
(1560, 1560, 'ad_tags', '', 0, 1),
(1561, 1561, 'ad_tags', '', 0, 2),
(1562, 1562, 'ad_tags', '', 0, 1),
(1563, 1563, 'ad_tags', '', 0, 1),
(1564, 1564, 'ad_tags', '', 0, 2),
(1565, 1565, 'ad_tags', '', 0, 1),
(1566, 1566, 'ad_tags', '', 0, 1),
(1567, 1567, 'ad_tags', '', 0, 1),
(1568, 1568, 'ad_tags', '', 0, 1),
(1569, 1569, 'ad_tags', '', 0, 1),
(1574, 1574, 'ad_cats', '', 0, 4),
(1575, 1575, 'ad_cats', '', 0, 1),
(1576, 1576, 'ad_cats', '', 0, 1),
(1577, 1577, 'ad_cats', '', 0, 1),
(1578, 1578, 'ad_cats', '', 0, 0),
(1579, 1579, 'ad_cats', '', 0, 0),
(1580, 1580, 'ad_type', '', 0, 1),
(1581, 1581, 'ad_type', '', 0, 2),
(1582, 1582, 'ad_type', '', 0, 0),
(1583, 1583, 'ad_type', '', 0, 4),
(1584, 1584, 'ad_type', '', 0, 0),
(1585, 1585, 'sb_dynamic_form_templates', '', 0, 0),
(1586, 1586, 'ad_tags', '', 0, 2),
(1587, 1587, 'ad_tags', '', 0, 2),
(1588, 1588, 'ad_tags', '', 0, 1),
(1589, 1589, 'ad_tags', '', 0, 1),
(1590, 1590, 'ad_tags', '', 0, 1),
(1591, 1591, 'ad_tags', '', 0, 1),
(1592, 1592, 'ad_tags', '', 0, 1),
(1593, 1593, 'ad_tags', '', 0, 1),
(1594, 1594, 'ad_tags', '', 0, 1),
(1595, 1595, 'ad_cats', '', 0, 0),
(1596, 1596, 'ad_cats', '', 0, 0);