INSERT INTO `wp_termmeta` (`meta_id`, `term_id`, `meta_key`, `meta_value`) VALUES (1, 79, '_sb_category_template', ''), (2, 82, '_sb_category_template', ''), (3, 102, '_sb_category_template', NULL), (4, 111, '_sb_category_template', NULL), (5, 116, '_sb_category_template', NULL), (6, 124, '_sb_category_template', ''), (7, 126, '_sb_category_template', NULL), (8, 143, '_sb_category_template', NULL), (9, 150, '_sb_category_template', ''), (10, 153, '_sb_category_template', NULL), (11, 158, '_sb_category_template', NULL), (12, 164, '_sb_category_template', NULL), (13, 166, '_sb_category_template', NULL), (14, 173, '_sb_category_template', ''), (15, 174, '_sb_category_template', NULL), (16, 192, '_sb_category_template', ''), (17, 198, '_sb_category_template', NULL), (18, 202, '_sb_category_template', NULL), (19, 203, '_sb_category_template', NULL), (20, 214, '_sb_category_template', NULL), (21, 215, '_sb_category_template', NULL), (22, 216, '_sb_category_template', NULL), (23, 220, '_sb_category_template', NULL), (24, 225, '_sb_category_template', ''), (25, 227, '_sb_category_template', NULL), (26, 245, '_sb_category_template', ''), (27, 250, '_sb_category_template', NULL), (28, 259, '_sb_category_template', NULL), (29, 262, '_sb_category_template', ''), (30, 263, '_sb_category_template', NULL), (31, 269, '_sb_category_template', NULL), (32, 270, '_sb_category_template', NULL), (33, 275, '_sb_category_template', ''), (34, 277, '_sb_category_template', NULL), (35, 279, '_sb_category_template', NULL), (36, 291, '_sb_category_template', NULL), (37, 292, '_sb_category_template', NULL), (38, 293, '_sb_category_template', NULL), (39, 294, '_sb_category_template', NULL), (40, 295, '_sb_category_template', NULL), (41, 296, '_sb_category_template', NULL), (42, 297, '_sb_category_template', NULL), (43, 298, '_sb_category_template', NULL), (44, 299, '_sb_category_template', NULL), (45, 300, '_sb_category_template', NULL), (46, 301, '_sb_category_template', NULL), (47, 302, '_sb_category_template', NULL), (48, 303, '_sb_category_template', NULL), (49, 304, '_sb_category_template', NULL), (50, 305, '_sb_category_template', ''), (51, 306, '_sb_category_template', NULL), (52, 307, '_sb_category_template', NULL), (53, 308, '_sb_category_template', NULL), (54, 309, '_sb_category_template', NULL), (55, 310, '_sb_category_template', NULL), (56, 311, '_sb_category_template', NULL), (57, 312, '_sb_category_template', NULL), (58, 313, '_sb_category_template', NULL), (59, 314, '_sb_category_template', NULL), (60, 315, '_sb_category_template', NULL), (61, 316, '_sb_category_template', NULL), (62, 317, '_sb_category_template', NULL), (63, 318, '_sb_category_template', NULL), (64, 319, '_sb_category_template', NULL), (65, 320, '_sb_category_template', NULL), (66, 321, '_sb_category_template', NULL), (67, 322, '_sb_category_template', NULL), (68, 323, '_sb_category_template', NULL), (69, 324, '_sb_category_template', NULL), (70, 325, '_sb_category_template', NULL), (71, 326, '_sb_category_template', NULL), (72, 327, '_sb_category_template', NULL), (73, 328, '_sb_category_template', NULL), (74, 329, '_sb_category_template', NULL), (75, 330, '_sb_category_template', NULL), (76, 331, '_sb_category_template', NULL), (77, 332, '_sb_category_template', NULL);


INSERT INTO `wp_terms` (`term_id`, `name`, `slug`, `term_group`) VALUES (1, 'Uncategorized', 'uncategorized', 0), (2, 'simple', 'simple', 0), (3, 'grouped', 'grouped', 0), (4, 'variable', 'variable', 0), (5, 'external', 'external', 0), (6, 'exclude-from-search', 'exclude-from-search', 0), (7, 'exclude-from-catalog', 'exclude-from-catalog', 0), (8, 'featured', 'featured', 0), (9, 'outofstock', 'outofstock', 0), (10, 'rated-1', 'rated-1', 0), (11, 'rated-2', 'rated-2', 0), (12, 'rated-3', 'rated-3', 0), (13, 'rated-4', 'rated-4', 0), (14, 'rated-5', 'rated-5', 0), (15, 'اتفاق', 'accord', 0), (16, 'القط الجميل', 'beautiful-cat', 0), (17, 'بيوت جميلة', 'beautiful-homes', 0), (18, 'دراجة هوائية', 'bike', 0), (19, 'القمصان ذات العلامات التجارية', 'branded-shirts', 0), (20, 'الأحذية ذات العلامات التجارية', 'branded-shoes', 0), (21, 'سيارة', 'car', 0), (22, 'سيارة', 'cat', 0), (23, 'القط للبيع', 'cat-for-sale', 0), (24, 'مدني', 'civic', 0), (26, 'ساعة كيرن', 'curren-watch', 0), (27, 'كيرن ساعة للبيع', 'curren-watch-for-sale', 0), (28, 'ديل', 'dell', 0), (29, 'أجهزة لاب توب من ديل', 'dell-laptops', 0), (30, 'خط العرض من ديل', 'dells-latitude', 0), (31, 'ديموند', 'dimond', 0), (32, 'دوكاتي الدراجة', 'ducati-bike', 0), (33, 'دوكاتي مولتيسترادا 1200 S', 'ducati-multistrada-1200-s', 0), (34, 'إنتانيا 250 عدسات فيش الصغيرة', 'entaniya-250-micro-fisheye-lenses', 0), (35, 'إنتانيا 250 مايكرو فيش العدسات ميزة', 'entaniya-250-micro-fisheye-lenses-feature', 0), (36, 'غالاكسي C9', 'galaxy-c9', 0), (37, 'قمصان جيدة المظهر', 'good-looking-shirts', 0), (38, 'هوندا', 'honda', 0), (39, 'منزل بيع القاعدة', 'house-sale-rule', 0), (40, 'كيفية شراء المنزل', 'how-to-buy-home', 0), (41, 'كيفية العثور على منزل', 'how-to-find-a-home', 0), (42, 'ط الهاتف 7', 'i-phone-7', 0), (43, 'ط الهاتف 7 ميزة', 'i-phone-7-feature', 0), (44, 'لامبورغيني أفينتادور', 'lamborghini-aventador', 0), (46, 'ماك بوك اير', 'macbook-air', 0), (47, '2017 ماك بوك اير', 'macbook-air-2017', 0), (48, 'ماك بوك اير للبيع', 'macbook-air-for-sale', 0), (49, 'الرجال القمصان', 'men-shirts', 0), (50, 'نموذج جديد من لامبورغيني أفينتادور', 'new-model-oflamborghini-aventador', 0), (51, 'مطلي تشيكوسلوفاكيا الماس خواتم', 'plated-cz-diamon-rings', 0), (53, 'شراء أي منزل', 'purchasing-any-house', 0), (54, 'خواتم', 'rings', 0), (55, 'حكم شراء أي منزل', 'rule-of-purchasing-any-house', 0), (56, 'سامسونج', 'samsung', 0), (57, 'قميص', 'shirt', 0), (58, 'أحذية', 'shoes', 0), (59, 'أحذية للبيع', 'shoes-for-sale', 0), (60, 'كاميرا سوني', 'soney-camera', 0), (61, 'سوني للبيع', 'soney-mobiles-for-sale', 0), (62, 'سوني الهواتف النقالة', 'sony-mobiles', 0), (63, 'سوني اريكسون شز', 'sony-xperia-xz', 0), (64, 'رياضات', 'sports', 0), (65, 'الدراجة الرياضية 2015', 'sports-bike-2015', 0), (66, 'stylish Lamborghini Aventador', 'stylish-lamborghini-aventador', 0), (67, 'Unveils Galaxy C9', 'unveils-galaxy-c9', 0), (68, 'watch', 'watch', 0), (69, 'Yamaha', 'yamaha', 0), (70, 'Yamaha YZF', 'yamaha-yzf', 0), (71, 'Yamaha YZF-R3', 'yamaha-yzf-r3', 0), (79, 'الحيوانات الأليفة', '%d8%a7%d9%84%d8%ad%d9%8a%d9%88%d8%a7%d9%86%d8%a7%d8%aa-%d8%a7%d9%84%d8%ad%d9%8a%d9%88%d8%a7%d9%86%d8%a7%d8%aa-%d8%a7%d9%84%d8%a3%d9%84%d9%8a%d9%81%d8%a9', 0), (82, 'تصميم فني', '%d8%aa%d8%b5%d9%85%d9%8a%d9%85-%d9%81%d9%86%d9%8a', 0), (102, 'الطيور', '%d8%a7%d9%84%d8%b7%d9%8a%d9%88%d8%b1', 0), (111, 'ببغاء صغيرة', '%d8%a8%d8%a8%d8%ba%d8%a7%d8%a1-%d8%b5%d8%ba%d9%8a%d8%b1%d8%a9', 0), (112, 'يشترى', '%d9%8a%d8%b4%d8%aa%d8%b1%d9%89', 0), (116, 'ببغاء الكايك', '%d8%a8%d8%a8%d8%ba%d8%a7%d8%a1-%d8%a7%d9%84%d9%83%d8%a7%d9%8a%d9%83', 0), (124, 'اكسسوارات السيارات', '%d8%a7%d9%83%d8%b3%d8%b3%d9%88%d8%a7%d8%b1%d8%a7%d8%aa-%d8%a7%d9%84%d8%b3%d9%8a%d8%a7%d8%b1%d8%a7%d8%aa', 0), (126, 'القطط', '%d8%a7%d9%84%d9%82%d8%b7%d8%b7', 0), (143, 'الكلاب', '%d8%a7%d9%84%d9%83%d9%84%d8%a7%d8%a8', 0), (149, 'تبادل', '%d8%aa%d8%a8%d8%a7%d8%af%d9%84', 0), (150, 'موضه', '%d9%85%d9%88%d8%b6%d9%87', 0), (153, 'سمك', '%d8%b3%d9%85%d9%83', 0), (158, 'البلدغ الفرنسي', '%d8%a7%d9%84%d8%a8%d9%84%d8%af%d8%ba-%d8%a7%d9%84%d9%81%d8%b1%d9%86%d8%b3%d9%8a', 0), (164, 'ذهبية', 'goldfish', 0), (166, 'رمادي، الببغاء', '%d8%b1%d9%85%d8%a7%d8%af%d9%8a%d8%8c-%d8%a7%d9%84%d8%a8%d8%a8%d8%ba%d8%a7%d8%a1', 0), (173, 'تطبيقات الرئيسية', '%d8%aa%d8%b7%d8%a8%d9%8a%d9%82%d8%a7%d8%aa-%d8%a7%d9%84%d8%b1%d8%a6%d9%8a%d8%b3%d9%8a%d8%a9', 0), (174, 'تطبيقات الرئيسية', '%d8%aa%d8%b7%d8%a8%d9%8a%d9%82%d8%a7%d8%aa-%d8%a7%d9%84%d8%b1%d8%a6%d9%8a%d8%b3%d9%8a%d8%a91', 0), (192, 'وظائف', '%d9%88%d8%b8%d8%a7%d8%a6%d9%81', 0), (195, 'فقدت ووجدت', '%d9%81%d9%82%d8%af%d8%aa-%d9%88%d9%88%d8%ac%d8%af%d8%aa', 0), (198, 'طائر الحب', '%d8%b7%d8%a7%d8%a6%d8%b1-%d8%a7%d9%84%d8%ad%d8%a8', 0), (202, 'موبايل وأجهزة لوحية', '%d9%85%d9%88%d8%a8%d8%a7%d9%8a%d9%84-%d9%88%d8%a3%d8%ac%d9%87%d8%b2%d8%a9-%d9%84%d9%88%d8%ad%d9%8a%d8%a9', 0), (203, 'مولي', '%d9%85%d9%88%d9%84%d9%8a', 0), (206, 'الجديد', '%d8%a7%d9%84%d8%ac%d8%af%d9%8a%d8%af', 0), (213, 'لا', '%d9%84%d8%a7', 0), (214, 'الآخرين', '%d8%a7%d9%84%d8%a2%d8%ae%d8%b1%d9%8a%d9%861', 0), (215, 'الآخرين', '%d8%a7%d9%84%d8%a2%d8%ae%d8%b1%d9%8a%d9%86', 0), (216, 'آخرون-الأسماك', '%d8%a2%d8%ae%d8%b1%d9%88%d9%86-%d8%a7%d9%84%d8%a3%d8%b3%d9%85%d8%a7%d9%83', 0), (220, 'حفرة الثور', '%d8%ad%d9%81%d8%b1%d8%a9-%d8%a7%d9%84%d8%ab%d9%88%d8%b1', 0), (225, 'العقارات', '%d8%a7%d9%84%d8%b9%d9%82%d8%a7%d8%b1%d8%a7%d8%aa', 0), (227, 'الأحمر بلاتي', '%d8%a7%d9%84%d8%a3%d8%ad%d9%85%d8%b1-%d8%a8%d9%84%d8%a7%d8%aa%d9%8a', 0), (241, 'يبيع', '%d9%8a%d8%a8%d9%8a%d8%b9', 0), (245, 'خدمات', '%d8%ae%d8%af%d9%85%d8%a7%d8%aa', 0), (250, 'أحذية', '%d8%a3%d8%ad%d8%b0%d9%8a%d8%a9', 0), (259, 'عصفور', '%d8%b9%d8%b5%d9%81%d9%88%d8%b1', 0), (262, 'رياضات', '%d8%b1%d9%8a%d8%a7%d8%b6%d8%a7%d8%aa', 0), (263, 'والسلع الرياضية', '%d9%88%d8%a7%d9%84%d8%b3%d9%84%d8%b9-%d8%a7%d9%84%d8%b1%d9%8a%d8%a7%d8%b6%d9%8a%d8%a9', 0), (269, 'النمر بارب', '%d8%a7%d9%84%d9%86%d9%85%d8%b1-%d8%a8%d8%a7%d8%b1%d8%a8', 0), (270, 'تلفزيون بشاشة مسطحة', '%d8%aa%d9%84%d9%81%d8%b2%d9%8a%d9%88%d9%86-%d8%a8%d8%b4%d8%a7%d8%b4%d8%a9-%d9%85%d8%b3%d8%b7%d8%ad%d8%a9', 0), (272, 'مستخدم', '%d9%85%d8%b3%d8%aa%d8%ae%d8%af%d9%85', 0), (275, 'المركبات', '%d8%a7%d9%84%d9%85%d8%b1%d9%83%d8%a8%d8%a7%d8%aa', 0), (277, 'ساعات', '%d8%b3%d8%a7%d8%b9%d8%a7%d8%aa', 0), (279, 'الساعات والمجوهرات', '%d8%a7%d9%84%d8%b3%d8%a7%d8%b9%d8%a7%d8%aa-%d9%88%d8%a7%d9%84%d9%85%d8%ac%d9%88%d9%87%d8%b1%d8%a7%d8%aa', 0), (287, 'نعم فعلا', '%d9%86%d8%b9%d9%85-%d9%81%d8%b9%d9%84%d8%a7', 0), (291, 'إريدال، الترير', '%d8%a5%d8%b1%d9%8a%d8%af%d8%a7%d9%84%d8%8c-%d8%a7%d9%84%d8%aa%d8%b1%d9%8a%d8%b1', 0), (292, 'اكيتا', '%d8%a7%d9%83%d9%8a%d8%aa%d8%a7', 0), (293, 'حقائب وجمال المنتجات', '%d8%ad%d9%82%d8%a7%d8%a6%d8%a8-%d9%88%d8%ac%d9%85%d8%a7%d9%84-%d8%a7%d9%84%d9%85%d9%86%d8%aa%d8%ac%d8%a7%d8%aa', 0), (294, 'وظائف مصرفية / مالية', '%d9%88%d8%b8%d8%a7%d8%a6%d9%81-%d9%85%d8%b5%d8%b1%d9%81%d9%8a%d8%a9-%d9%85%d8%a7%d9%84%d9%8a%d8%a9', 0), (295, 'كلب صيد', '%d9%83%d9%84%d8%a8-%d8%b5%d9%8a%d8%af', 0), (296, 'الأسود، تيترا', '%d8%a7%d9%84%d8%a3%d8%b3%d9%88%d8%af%d8%8c-%d8%aa%d9%8a%d8%aa%d8%b1%d8%a7', 0), (297, 'الكلب البوليسي', '%d8%a7%d9%84%d9%83%d9%84%d8%a8-%d8%a7%d9%84%d8%a8%d9%88%d9%84%d9%8a%d8%b3%d9%8a', 0), (298, 'سيارات', '%d8%b3%d9%8a%d8%a7%d8%b1%d8%a7%d8%aa', 0), (299, 'تنظيف وظائف', '%d8%aa%d9%86%d8%b8%d9%8a%d9%81-%d9%88%d8%b8%d8%a7%d8%a6%d9%81', 0), (300, 'خدمات التنظيف', '%d8%ae%d8%af%d9%85%d8%a7%d8%aa-%d8%a7%d9%84%d8%aa%d9%86%d8%b8%d9%8a%d9%81', 0), (301, 'ملابس', '%d9%85%d9%84%d8%a7%d8%a8%d8%b3', 0), (302, 'ملابس - ذكر', '%d9%85%d9%84%d8%a7%d8%a8%d8%b3-%d8%b0%d9%83%d8%b1', 0), (303, 'سمكة المهرج', '%d8%b3%d9%85%d9%83%d8%a9-%d8%a7%d9%84%d9%85%d9%87%d8%b1%d8%ac', 0), (304, 'التجارية والمكاتب', '%d8%a7%d9%84%d8%aa%d8%ac%d8%a7%d8%b1%d9%8a%d8%a9-%d9%88%d8%a7%d9%84%d9%85%d9%83%d8%a7%d8%aa%d8%a8', 0), (305, 'إلكتروني', '%d8%a5%d9%84%d9%83%d8%aa%d8%b1%d9%88%d9%86%d9%8a', 0), (306, 'كريكيت', '%d9%83%d8%b1%d9%8a%d9%83%d9%8a%d8%aa', 0), (307, 'تصميم وظائف', '%d8%aa%d8%b5%d9%85%d9%8a%d9%85-%d9%88%d8%b8%d8%a7%d8%a6%d9%81', 0), (308, 'وظائف التنمية', '%d9%88%d8%b8%d8%a7%d8%a6%d9%81-%d8%a7%d9%84%d8%aa%d9%86%d9%85%d9%8a%d8%a9', 0), (309, 'تربوي', '%d8%aa%d8%b1%d8%a8%d9%88%d9%8a', 0), (310, 'خدمة الأحداث', '%d8%ae%d8%af%d9%85%d8%a9-%d8%a7%d9%84%d8%a3%d8%ad%d8%af%d8%a7%d8%ab', 0), (311, 'مزارع', '%d9%85%d8%b2%d8%a7%d8%b1%d8%b9', 0), (312, 'الخدمات الغذائية', '%d8%a7%d9%84%d8%ae%d8%af%d9%85%d8%a7%d8%aa-%d8%a7%d9%84%d8%ba%d8%b0%d8%a7%d8%a6%d9%8a%d8%a9', 0), (313, 'وحدة الألعاب', '%d9%88%d8%ad%d8%af%d8%a9-%d8%a7%d9%84%d8%a3%d9%84%d8%b9%d8%a7%d8%a8', 0), (314, 'وظائف حكومية', '%d9%88%d8%b8%d8%a7%d8%a6%d9%81-%d8%ad%d9%83%d9%88%d9%85%d9%8a%d8%a9', 0), (315, 'الدراجات الثقيلة', '%d8%a7%d9%84%d8%af%d8%b1%d8%a7%d8%ac%d8%a7%d8%aa-%d8%a7%d9%84%d8%ab%d9%82%d9%8a%d9%84%d8%a9', 0), (316, 'الصفحة الرئيسية', '%d8%a7%d9%84%d8%b5%d9%81%d8%ad%d8%a9-%d8%a7%d9%84%d8%b1%d8%a6%d9%8a%d8%b3%d9%8a%d8%a9', 0), (317, 'المنزل والمكتب إزالة', '%d8%a7%d9%84%d9%85%d9%86%d8%b2%d9%84-%d9%88%d8%a7%d9%84%d9%85%d9%83%d8%aa%d8%a8-%d8%a5%d8%b2%d8%a7%d9%84%d8%a9', 0), (318, 'هوندا', '%d9%87%d9%88%d9%86%d8%af%d8%a7', 0), (319, 'وظائف تكنولوجيا المعلومات', '%d9%88%d8%b8%d8%a7%d8%a6%d9%81-%d8%aa%d9%83%d9%86%d9%88%d9%84%d9%88%d8%ac%d9%8a%d8%a7-%d8%a7%d9%84%d9%85%d8%b9%d9%84%d9%88%d9%85%d8%a7%d8%aa', 0), (320, 'طبي', '%d8%b7%d8%a8%d9%8a', 0), (321, 'الدراجات النارية', '%d8%a7%d9%84%d8%af%d8%b1%d8%a7%d8%ac%d8%a7%d8%aa-%d8%a7%d9%84%d9%86%d8%a7%d8%b1%d9%8a%d8%a9', 0), (322, 'الآلات الموسيقية', '%d8%a7%d9%84%d8%a2%d9%84%d8%a7%d8%aa-%d8%a7%d9%84%d9%85%d9%88%d8%b3%d9%8a%d9%82%d9%8a%d8%a9', 0), (323, 'بلازا والممتلكات', '%d8%a8%d9%84%d8%a7%d8%b2%d8%a7-%d9%88%d8%a7%d9%84%d9%85%d9%85%d8%aa%d9%84%d9%83%d8%a7%d8%aa', 0), (324, 'تويوتا', '%d8%aa%d9%88%d9%8a%d9%88%d8%aa%d8%a7', 0), (325, 'شاحنة والحافلات', '%d8%b4%d8%a7%d8%ad%d9%86%d8%a9-%d9%88%d8%a7%d9%84%d8%ad%d8%a7%d9%81%d9%84%d8%a7%d8%aa', 0), (326, 'Allion', 'allion', 0), (327, 'أوريون', '%d8%a3%d9%88%d8%b1%d9%8a%d9%88%d9%86', 0), (328, 'أوريس', '%d8%a3%d9%88%d8%b1%d9%8a%d8%b3', 0), (329, 'Avalon', 'avalon', 0), (330, 'Aygo', 'aygo', 0), (331, 'بيلتا', '%d8%a8%d9%8a%d9%84%d8%aa%d8%a7', 0), (332, 'مدني', '%d9%85%d8%af%d9%86%d9%8a', 0), (333, 'Main Menu', 'main-menu', 0), (334, '$', 'aud', 0), (335, '¥', 'cny', 0), (336, '﷼', 'qar', 0), (337, '₨', 'pkr', 0), (341, '£', 'egp', 0), (342, '₽', 'rub', 0), (343, '฿', 'thb', 0), (344, 'Дин', 'rsd', 0);


INSERT INTO `wp_term_relationships` (`object_id`, `term_taxonomy_id`, `term_order`) VALUES (46, 149, 0), (46, 213, 0), (46, 225, 0), (46, 272, 0), (46, 316, 0), (46, 335, 0), (57, 213, 0), (57, 241, 0), (57, 272, 0), (57, 275, 0), (57, 298, 0), (57, 318, 0), (57, 332, 0), (57, 342, 0), (61, 173, 0), (61, 174, 0), (61, 206, 0), (61, 241, 0), (61, 287, 0), (61, 343, 0), (67, 173, 0), (67, 202, 0), (67, 241, 0), (67, 272, 0), (67, 287, 0), (67, 343, 0), (70, 213, 0), (70, 241, 0), (70, 272, 0), (70, 275, 0), (70, 341, 0), (94, 195, 0), (94, 213, 0), (94, 225, 0), (94, 272, 0), (94, 316, 0), (94, 343, 0), (98, 195, 0), (98, 206, 0), (98, 275, 0), (98, 287, 0), (98, 298, 0), (98, 337, 0), (102, 112, 0), (102, 150, 0), (102, 213, 0), (102, 272, 0), (102, 302, 0), (102, 341, 0), (108, 173, 0), (108, 174, 0), (108, 195, 0), (108, 272, 0), (108, 287, 0), (108, 335, 0), (114, 79, 0), (114, 112, 0), (114, 126, 0), (114, 206, 0), (114, 213, 0), (274, 192, 0), (274, 195, 0), (274, 272, 0), (274, 287, 0), (274, 294, 0), (274, 335, 0), (366, 150, 0), (366, 195, 0), (366, 272, 0), (366, 279, 0), (366, 287, 0), (366, 343, 0), (378, 213, 0), (378, 241, 0), (378, 272, 0), (378, 275, 0), (378, 298, 0), (378, 341, 0), (405, 112, 0), (405, 150, 0), (405, 213, 0), (405, 272, 0), (405, 301, 0), (439, 195, 0), (439, 206, 0), (439, 213, 0), (439, 275, 0), (439, 298, 0), (439, 318, 0), (439, 332, 0), (439, 343, 0), (460, 195, 0), (460, 272, 0), (460, 275, 0), (460, 287, 0), (460, 344, 0), (463, 112, 0), (463, 173, 0), (463, 174, 0), (463, 272, 0), (463, 287, 0), (463, 336, 0), (467, 79, 0), (467, 102, 0), (467, 166, 0), (467, 241, 0), (467, 272, 0), (467, 287, 0), (467, 337, 0), (472, 1, 0), (472, 15, 0), (472, 21, 0), (472, 24, 0), (472, 38, 0), (472, 64, 0), (480, 1, 0), (480, 61, 0), (480, 62, 0), (480, 63, 0), (496, 1, 0), (496, 34, 0), (496, 35, 0), (496, 60, 0), (499, 1, 0), (499, 39, 0), (499, 53, 0), (499, 55, 0), (501, 1, 0), (501, 18, 0), (501, 32, 0), (501, 33, 0), (509, 1, 0), (509, 42, 0), (509, 43, 0), (749, 2, 0), (753, 2, 0), (800, 173, 0), (800, 195, 0), (800, 202, 0), (800, 206, 0), (800, 287, 0), (800, 343, 0), (1085, 2, 0), (1635, 333, 0), (1636, 333, 0), (1637, 333, 0), (1638, 333, 0), (1639, 333, 0), (1640, 333, 0), (1641, 333, 0), (1642, 333, 0), (1643, 333, 0), (1644, 333, 0), (1645, 333, 0), (1646, 333, 0), (1647, 333, 0), (1648, 333, 0), (1649, 333, 0), (1650, 333, 0), (1653, 333, 0), (1682, 333, 0), (1683, 333, 0), (1684, 333, 0), (1685, 333, 0), (1686, 333, 0), (1687, 333, 0), (1688, 333, 0), (1689, 333, 0), (1690, 333, 0), (1691, 333, 0), (1692, 333, 0), (1693, 333, 0), (1694, 333, 0), (1695, 333, 0), (1696, 333, 0), (1697, 333, 0), (1698, 333, 0), (1699, 333, 0), (1700, 333, 0), (1701, 333, 0), (1702, 333, 0), (1703, 333, 0), (1704, 333, 0), (1705, 333, 0), (1706, 333, 0), (1707, 333, 0), (1708, 333, 0), (1709, 333, 0), (1710, 333, 0), (1768, 333, 0), (1883, 333, 0), (1884, 333, 0), (1885, 333, 0), (1886, 333, 0), (1887, 333, 0), (1889, 333, 0), (1908, 192, 0), (1908, 241, 0), (1908, 272, 0), (1908, 287, 0), (1908, 319, 0), (1908, 334, 0), (2215, 333, 0), (2216, 333, 0), (2217, 333, 0), (2218, 333, 0), (2219, 333, 0), (2220, 333, 0), (2221, 333, 0), (2222, 333, 0), (2223, 333, 0), (2224, 333, 0), (2225, 333, 0), (2226, 333, 0), (2227, 333, 0), (2228, 333, 0), (2229, 333, 0), (2230, 333, 0), (2231, 333, 0), (2232, 333, 0), (2248, 333, 0), (2249, 333, 0), (2250, 333, 0), (2251, 333, 0), (2252, 333, 0), (2253, 333, 0), (2254, 333, 0), (2255, 333, 0), (2256, 333, 0), (2257, 333, 0), (2258, 333, 0), (2259, 333, 0), (2260, 333, 0), (2261, 333, 0), (2262, 333, 0), (2264, 333, 0), (2265, 333, 0), (2266, 333, 0), (2267, 333, 0), (2268, 333, 0), (2269, 333, 0), (2270, 333, 0), (2272, 333, 0), (2274, 333, 0), (2275, 333, 0), (2276, 333, 0), (2277, 333, 0), (2278, 333, 0), (2279, 333, 0), (2280, 333, 0), (2281, 333, 0), (2282, 333, 0);   

INSERT INTO `wp_term_taxonomy` (`term_taxonomy_id`, `term_id`, `taxonomy`, `description`, `parent`, `count`) VALUES (1, 1, 'category', '', 0, 6), (2, 2, 'product_type', '', 0, 3), (3, 3, 'product_type', '', 0, 0), (4, 4, 'product_type', '', 0, 0), (5, 5, 'product_type', '', 0, 0), (6, 6, 'product_visibility', '', 0, 0), (7, 7, 'product_visibility', '', 0, 0), (8, 8, 'product_visibility', '', 0, 0), (9, 9, 'product_visibility', '', 0, 0), (10, 10, 'product_visibility', '', 0, 0), (11, 11, 'product_visibility', '', 0, 0), (12, 12, 'product_visibility', '', 0, 0), (13, 13, 'product_visibility', '', 0, 0), (14, 14, 'product_visibility', '', 0, 0), (15, 15, 'post_tag', '', 0, 1), (16, 16, 'post_tag', '', 0, 0), (17, 17, 'post_tag', '', 0, 0), (18, 18, 'post_tag', '', 0, 1), (19, 19, 'post_tag', '', 0, 0), (20, 20, 'post_tag', '', 0, 0), (21, 21, 'post_tag', '', 0, 1), (22, 22, 'post_tag', '', 0, 0), (23, 23, 'post_tag', '', 0, 0), (24, 24, 'post_tag', '', 0, 1), (26, 26, 'post_tag', '', 0, 0), (27, 27, 'post_tag', '', 0, 0), (28, 28, 'post_tag', '', 0, 0), (29, 29, 'post_tag', '', 0, 0), (30, 30, 'post_tag', '', 0, 0), (31, 31, 'post_tag', '', 0, 0), (32, 32, 'post_tag', '', 0, 1), (33, 33, 'post_tag', '', 0, 1), (34, 34, 'post_tag', '', 0, 1), (35, 35, 'post_tag', '', 0, 1), (36, 36, 'post_tag', '', 0, 0), (37, 37, 'post_tag', '', 0, 0), (38, 38, 'post_tag', '', 0, 1), (39, 39, 'post_tag', '', 0, 1), (40, 40, 'post_tag', '', 0, 0), (41, 41, 'post_tag', '', 0, 0), (42, 42, 'post_tag', '', 0, 1), (43, 43, 'post_tag', '', 0, 1), (44, 44, 'post_tag', '', 0, 0), (46, 46, 'post_tag', '', 0, 0), (47, 47, 'post_tag', '', 0, 0), (48, 48, 'post_tag', '', 0, 0), (49, 49, 'post_tag', '', 0, 0), (50, 50, 'post_tag', '', 0, 0), (51, 51, 'post_tag', '', 0, 0), (53, 53, 'post_tag', '', 0, 1), (54, 54, 'post_tag', '', 0, 0), (55, 55, 'post_tag', '', 0, 1), (56, 56, 'post_tag', '', 0, 0), (57, 57, 'post_tag', '', 0, 0), (58, 58, 'post_tag', '', 0, 0), (59, 59, 'post_tag', '', 0, 0), (60, 60, 'post_tag', '', 0, 1), (61, 61, 'post_tag', '', 0, 1), (62, 62, 'post_tag', '', 0, 1), (63, 63, 'post_tag', '', 0, 1), (64, 64, 'post_tag', '', 0, 1), (65, 65, 'post_tag', '', 0, 0), (66, 66, 'post_tag', '', 0, 0), (67, 67, 'post_tag', '', 0, 0), (68, 68, 'post_tag', '', 0, 0), (69, 69, 'post_tag', '', 0, 0), (70, 70, 'post_tag', '', 0, 0), (71, 71, 'post_tag', '', 0, 0), (79, 79, 'ad_cats', '', 0, 2), (82, 82, 'ad_cats', '', 0, 0), (102, 102, 'ad_cats', '', 79, 1), (111, 111, 'ad_cats', '', 102, 0), (112, 112, 'ad_type', '', 0, 4), (116, 116, 'ad_cats', '', 102, 0), (124, 124, 'ad_cats', '', 0, 0), (126, 126, 'ad_cats', '', 79, 1), (143, 143, 'ad_cats', '', 79, 0), (149, 149, 'ad_type', '', 0, 1), (150, 150, 'ad_cats', '', 0, 3), (153, 153, 'ad_cats', '', 79, 0), (158, 158, 'ad_cats', '', 143, 0), (164, 164, 'ad_cats', '', 153, 0), (166, 166, 'ad_cats', '', 102, 1), (173, 173, 'ad_cats', '', 0, 5), (174, 174, 'ad_cats', '', 173, 3), (192, 192, 'ad_cats', '', 0, 2), (195, 195, 'ad_type', '', 0, 8), (198, 198, 'ad_cats', '', 102, 0), (202, 202, 'ad_cats', '', 173, 2), (203, 203, 'ad_cats', '', 153, 0), (206, 206, 'ad_condition', '', 0, 5), (213, 213, 'ad_warranty', '', 0, 9), (214, 214, 'ad_cats', '', 143, 0), (215, 215, 'ad_cats', '', 102, 0), (216, 216, 'ad_cats', '', 153, 0), (220, 220, 'ad_cats', '', 143, 0), (225, 225, 'ad_cats', '', 0, 2), (227, 227, 'ad_cats', '', 153, 0), (241, 241, 'ad_type', '', 0, 7), (245, 245, 'ad_cats', '', 0, 0), (250, 250, 'ad_cats', '', 150, 0), (259, 259, 'ad_cats', '', 102, 0), (262, 262, 'ad_cats', '', 0, 0), (263, 263, 'ad_cats', '', 262, 0), (269, 269, 'ad_cats', '', 153, 0), (270, 270, 'ad_cats', '', 173, 0), (272, 272, 'ad_condition', '', 0, 15), (275, 275, 'ad_cats', '', 0, 6), (277, 277, 'ad_cats', '', 173, 0), (279, 279, 'ad_cats', '', 150, 1), (287, 287, 'ad_warranty', '', 0, 11), (291, 291, 'ad_cats', '', 143, 0), (292, 292, 'ad_cats', '', 143, 0), (293, 293, 'ad_cats', '', 150, 0), (294, 294, 'ad_cats', '', 192, 1), (295, 295, 'ad_cats', '', 143, 0), (296, 296, 'ad_cats', '', 153, 0), (297, 297, 'ad_cats', '', 143, 0), (298, 298, 'ad_cats', '', 275, 4), (299, 299, 'ad_cats', '', 192, 0), (300, 300, 'ad_cats', '', 245, 0), (301, 301, 'ad_cats', '', 150, 1), (302, 302, 'ad_cats', '', 150, 1), (303, 303, 'ad_cats', '', 153, 0), (304, 304, 'ad_cats', '', 225, 0), (305, 305, 'ad_cats', '', 173, 0), (306, 306, 'ad_cats', '', 262, 0), (307, 307, 'ad_cats', '', 192, 0), (308, 308, 'ad_cats', '', 192, 0), (309, 309, 'ad_cats', '', 245, 0), (310, 310, 'ad_cats', '', 262, 0), (311, 311, 'ad_cats', '', 225, 0), (312, 312, 'ad_cats', '', 245, 0), (313, 313, 'ad_cats', '', 173, 0), (314, 314, 'ad_cats', '', 192, 0), (315, 315, 'ad_cats', '', 275, 0), (316, 316, 'ad_cats', '', 225, 2), (317, 317, 'ad_cats', '', 245, 0), (318, 318, 'ad_cats', '', 298, 2), (319, 319, 'ad_cats', '', 192, 1), (320, 320, 'ad_cats', '', 245, 0), (321, 321, 'ad_cats', '', 275, 0), (322, 322, 'ad_cats', '', 262, 0), (323, 323, 'ad_cats', '', 225, 0), (324, 324, 'ad_cats', '', 298, 0), (325, 325, 'ad_cats', '', 275, 0), (326, 326, 'ad_cats', '', 324, 0), (327, 327, 'ad_cats', '', 324, 0), (328, 328, 'ad_cats', '', 324, 0), (329, 329, 'ad_cats', '', 324, 0), (330, 330, 'ad_cats', '', 324, 0), (331, 331, 'ad_cats', '', 324, 0), (332, 332, 'ad_cats', '', 318, 2), (333, 333, 'nav_menu', '', 0, 50), (334, 334, 'ad_currency', '', 0, 1), (335, 335, 'ad_currency', '', 0, 3), (336, 336, 'ad_currency', '', 0, 1), (337, 337, 'ad_currency', '', 0, 2), (341, 341, 'ad_currency', '', 0, 3), (342, 342, 'ad_currency', '', 0, 1), (343, 343, 'ad_currency', '', 0, 6), (344, 344, 'ad_currency', '', 0, 1);