INSERT INTO `wp_termmeta` (`meta_id`, `term_id`, `meta_key`, `meta_value`) VALUES (1, 79, '_sb_category_template', ''), (2, 82, '_sb_category_template', NULL), (3, 102, '_sb_category_template', NULL), (4, 111, '_sb_category_template', NULL), (5, 116, '_sb_category_template', NULL), (6, 124, '_sb_category_template', NULL), (7, 126, '_sb_category_template', NULL), (8, 143, '_sb_category_template', NULL), (9, 150, '_sb_category_template', NULL), (10, 153, '_sb_category_template', NULL), (11, 158, '_sb_category_template', NULL), (12, 164, '_sb_category_template', NULL), (13, 166, '_sb_category_template', NULL), (14, 173, '_sb_category_template', ''), (15, 174, '_sb_category_template', ''), (16, 192, '_sb_category_template', ''), (17, 198, '_sb_category_template', NULL), (18, 202, '_sb_category_template', ''), (19, 203, '_sb_category_template', NULL), (20, 214, '_sb_category_template', NULL), (21, 215, '_sb_category_template', NULL), (22, 216, '_sb_category_template', NULL), (23, 220, '_sb_category_template', NULL), (24, 225, '_sb_category_template', ''), (25, 227, '_sb_category_template', NULL), (26, 245, '_sb_category_template', ''), (27, 250, '_sb_category_template', NULL), (28, 259, '_sb_category_template', NULL), (29, 262, '_sb_category_template', ''), (30, 263, '_sb_category_template', ''), (31, 269, '_sb_category_template', NULL), (32, 270, '_sb_category_template', NULL), (33, 275, '_sb_category_template', NULL), (34, 277, '_sb_category_template', ''), (35, 279, '_sb_category_template', ''), (36, 291, '_sb_category_template', NULL), (37, 292, '_sb_category_template', NULL), (38, 293, '_sb_category_template', NULL), (39, 294, '_sb_category_template', NULL), (40, 295, '_sb_category_template', NULL), (41, 296, '_sb_category_template', NULL), (42, 297, '_sb_category_template', NULL), (43, 298, '_sb_category_template', ''), (44, 299, '_sb_category_template', NULL), (45, 300, '_sb_category_template', NULL), (46, 301, '_sb_category_template', ''), (47, 302, '_sb_category_template', NULL), (48, 303, '_sb_category_template', NULL), (49, 304, '_sb_category_template', NULL), (50, 305, '_sb_category_template', ''), (51, 306, '_sb_category_template', NULL), (52, 307, '_sb_category_template', NULL), (53, 308, '_sb_category_template', NULL), (54, 309, '_sb_category_template', ''), (55, 310, '_sb_category_template', NULL), (56, 311, '_sb_category_template', NULL), (57, 312, '_sb_category_template', NULL), (58, 313, '_sb_category_template', ''), (59, 314, '_sb_category_template', NULL), (60, 315, '_sb_category_template', NULL), (61, 316, '_sb_category_template', NULL), (62, 317, '_sb_category_template', NULL), (63, 318, '_sb_category_template', NULL), (64, 319, '_sb_category_template', NULL), (65, 320, '_sb_category_template', NULL), (66, 321, '_sb_category_template', NULL), (67, 322, '_sb_category_template', ''), (68, 323, '_sb_category_template', NULL), (69, 324, '_sb_category_template', NULL), (70, 325, '_sb_category_template', NULL), (71, 326, '_sb_category_template', NULL), (72, 327, '_sb_category_template', NULL), (73, 328, '_sb_category_template', NULL), (74, 329, '_sb_category_template', NULL), (75, 330, '_sb_category_template', NULL), (76, 331, '_sb_category_template', NULL), (77, 332, '_sb_category_template', NULL);
  
INSERT INTO `wp_terms` (`term_id`, `name`, `slug`, `term_group`) VALUES (1, 'Uncategorized', 'uncategorized', 0), (2, 'simple', 'simple', 0), (3, 'grouped', 'grouped', 0), (4, 'variable', 'variable', 0), (5, 'external', 'external', 0), (6, 'exclude-from-search', 'exclude-from-search', 0), (7, 'exclude-from-catalog', 'exclude-from-catalog', 0), (8, 'featured', 'featured', 0), (9, 'outofstock', 'outofstock', 0), (10, 'rated-1', 'rated-1', 0), (11, 'rated-2', 'rated-2', 0), (12, 'rated-3', 'rated-3', 0), (13, 'rated-4', 'rated-4', 0), (14, 'rated-5', 'rated-5', 0), (15, 'accord', 'accord', 0), (16, 'beautiful cat', 'beautiful-cat', 0), (17, 'beautiful homes', 'beautiful-homes', 0), (18, 'Bike', 'bike', 0), (19, 'branded shirts', 'branded-shirts', 0), (20, 'branded shoes', 'branded-shoes', 0), (21, 'car', 'car', 0), (22, 'cat', 'cat', 0), (23, 'Cat for sale', 'cat-for-sale', 0), (24, 'civic', 'civic', 0), (25, 'CURREN', 'curren', 0), (26, 'CURREN Watch', 'curren-watch', 0), (27, 'CURREN watch for sale', 'curren-watch-for-sale', 0), (28, 'Dell', 'dell', 0), (29, 'Dell Laptops', 'dell-laptops', 0), (30, 'Dell\'s Latitude', 'dells-latitude', 0), (31, 'Dimond', 'dimond', 0), (32, 'Ducati bike', 'ducati-bike', 0), (33, 'Ducati Multistrada 1200 S', 'ducati-multistrada-1200-s', 0), (34, 'Entaniya 250 Micro fisheye lenses', 'entaniya-250-micro-fisheye-lenses', 0), (35, 'Entaniya 250 Micro fisheye lenses feature', 'entaniya-250-micro-fisheye-lenses-feature', 0), (36, 'Galaxy C9', 'galaxy-c9', 0), (37, 'good looking shirts', 'good-looking-shirts', 0), (38, 'honda', 'honda', 0), (39, 'house sale rule', 'house-sale-rule', 0), (40, 'how to buy home', 'how-to-buy-home', 0), (41, 'how to find a home', 'how-to-find-a-home', 0), (42, 'i phone 7', 'i-phone-7', 0), (43, 'i phone 7 feature', 'i-phone-7-feature', 0), (44, 'Lamborghini Aventador', 'lamborghini-aventador', 0), (45, 'MacBook', 'macbook', 0), (46, 'MacBook Air', 'macbook-air', 0), (47, 'MacBook Air 2017', 'macbook-air-2017', 0), (48, 'MacBook Air for sale', 'macbook-air-for-sale', 0), (49, 'men shirts', 'men-shirts', 0), (50, 'New model ofLamborghini Aventador', 'new-model-oflamborghini-aventador', 0), (51, 'Plated CZ Diamon rings', 'plated-cz-diamon-rings', 0), (52, 'Properties of i phone 7', 'properties-of-i-phone-7', 0), (53, 'purchasing any house', 'purchasing-any-house', 0), (54, 'Rings', 'rings', 0), (55, 'rule of purchasing any house', 'rule-of-purchasing-any-house', 0), (56, 'Samsung', 'samsung', 0), (57, 'shirt', 'shirt', 0), (58, 'shoes', 'shoes', 0), (59, 'shoes for sale', 'shoes-for-sale', 0), (60, 'soney camera', 'soney-camera', 0), (61, 'Soney mobiles for sale', 'soney-mobiles-for-sale', 0), (62, 'Sony mobiles', 'sony-mobiles', 0), (63, 'Sony Xperia XZ', 'sony-xperia-xz', 0), (64, 'sports', 'sports', 0), (65, 'Sports Bike 2015', 'sports-bike-2015', 0), (66, 'stylish Lamborghini Aventador', 'stylish-lamborghini-aventador', 0), (67, 'Unveils Galaxy C9', 'unveils-galaxy-c9', 0), (68, 'watch', 'watch', 0), (69, 'Yamaha', 'yamaha', 0), (70, 'Yamaha YZF', 'yamaha-yzf', 0), (71, 'Yamaha YZF-R3', 'yamaha-yzf-r3', 0), (79, 'Animals/Pets', 'animalspets', 0), (82, 'Art &amp; Design', 'art-design', 0), (102, 'Birds', 'birds', 0), (111, 'Budgerigars', 'budgerigars', 0), (112, 'Buy', 'buy', 0), (116, 'Caique', 'caique', 0), (124, 'Cars Accessories', 'cars-accessories', 0), (126, 'Cats', 'cats', 0), (143, 'Dogs', 'dogs', 0), (149, 'Exchange', 'exchange', 0), (150, 'Fashion', 'fashion', 0), (153, 'Fishes', 'fishes', 0), (158, 'French Bulldog', 'french-bulldog', 0), (164, 'Goldfish', 'goldfish', 0), (166, 'Gray Parrot', 'gray-parrot', 0), (173, 'Home Apps', 'home-appliances', 0), (174, 'Home Apps', 'home-appliences', 0), (192, 'Jobs', 'jobs', 0), (195, 'Lost and Found', 'lost-and-found', 0), (198, 'Lovebird', 'lovebird', 0), (202, 'Mobile &amp; Tablets', 'mobile-tablets', 0), (203, 'Molly', 'molly', 0), (206, 'New', 'new', 0), (213, 'No', 'no', 0), (214, 'Others', 'others', 0), (215, 'Others', 'others-birds', 0), (216, 'Others', 'others-fishes', 0), (220, 'Pit Bull', 'pit-bull', 0), (225, 'Real Estate', 'real-estate', 0), (227, 'Red Platy', 'red-platy', 0), (241, 'Sell', 'sell', 0), (245, 'Services', 'services', 0), (250, 'Shoes', 'shoes', 0), (259, 'Sparrow', 'sparrow', 0), (262, 'Sports', 'sports-entertainment', 0), (263, 'Sports Goods', 'sports-goods', 0), (269, 'Tiger Barb', 'tiger-barb', 0), (270, 'TV &amp; LCD', 'tv-lcd', 0), (272, 'Used', 'used', 0), (275, 'Vehicles', 'vehicles', 0), (277, 'Watches', 'watches', 0), (279, 'Wathes &amp; Jewellery', 'wathes-jewellery', 0), (287, 'Yes', 'yes', 0), (291, 'Airedale Terrier', 'airedale-terrier', 0), (292, 'Akita', 'akita', 0), (293, 'Bags &amp; Beauty Products', 'bags-beauty-products', 0), (294, 'Bank/Finance Jobs', 'bankfinance-jobs', 0), (295, 'Beagle', 'beagle', 0), (296, 'Black Tetra', 'black-tetra', 0), (297, 'Bloodhound', 'bloodhound', 0), (298, 'Cars', 'cars', 0), (299, 'Cleaning Jobs', 'cleaning-jobs', 0), (300, 'Cleaning Services', 'cleaning-services', 0), (301, 'Clothing', 'clothing-female', 0), (302, 'Clothing - Male', 'clothing-male', 0), (303, 'Clown Fish', 'clown-fish', 0), (304, 'Commercial &amp; Offices', 'commercial-offices', 0), (305, 'Computer &amp; Laptops', 'computer-laptops', 0), (306, 'Cricket', 'cricket', 0), (307, 'Design Jobs', 'design-jobs', 0), (308, 'Development Jobs', 'development-jobs', 0), (309, 'Educational', 'educational', 0), (310, 'Events Service', 'events-service', 0), (311, 'Farms', 'farms', 0), (312, 'Food Services', 'food-services', 0), (313, 'Games &amp; Console', 'games-console', 0), (314, 'Governmnet Jobs', 'governmnet-jobs', 0), (315, 'Heavy Bikes', 'heavy-bikes', 0), (316, 'Home', 'home', 0), (317, 'Home &amp; Office Removals', 'home-office-removals', 0), (318, 'Honda', 'honda', 0), (319, 'IT Jobs', 'it-jobs', 0), (320, 'Medical', 'medical', 0), (321, 'Moter Bikes', 'moter-bikes', 0), (322, 'Music Instruments', 'music-instruments', 0), (323, 'Plaze &amp; Property', 'plaze-property', 0), (324, 'Toyota', 'toyota', 0), (325, 'Truck &amp; Buses', 'truck-buses', 0), (326, 'Allion', 'allion', 0), (327, 'Aurion', 'aurion', 0), (328, 'Auris', 'auris', 0), (329, 'Avalon', 'avalon', 0), (330, 'Aygo', 'aygo', 0), (331, 'Belta', 'belta', 0), (332, 'Civic', 'civic', 0), (334, '$', 'aud', 0), (335, '¥', 'cny', 0), (336, '﷼', 'qar', 0), (337, '₨', 'pkr', 0), (341, '£', 'egp', 0), (342, '₽', 'rub', 0), (343, '฿', 'thb', 0), (344, 'Дин', 'rsd', 0), (345, 'Main Menu', 'main-menu', 0), (433, 'United States', 'united-states', 0), (434, 'Alabama', 'alabama', 0), (435, 'Arizona', 'arizona', 0), (436, 'Arkansas', 'arkansas', 0), (437, 'California', 'california', 0), (438, 'Colorado', 'colorado', 0), (439, 'Connecticut', 'connecticut', 0), (440, 'Delaware', 'delaware', 0), (441, 'District of Columbia', 'district-of-columbia', 0), (442, 'Florida', 'florida', 0), (443, 'Georgia', 'georgia', 0), (444, 'New Hampshire', 'new-hampshire', 0), (445, 'New Jersey', 'new-jersey', 0), (446, 'New Mexico', 'new-mexico', 0), (447, 'New York', 'new-york', 0), (448, 'North Carolina', 'north-carolina', 0), (449, 'Washington', 'washington', 0), (450, 'Anniston', 'anniston', 0), (451, 'Chickasaw', 'chickasaw', 0), (452, 'Demopolis', 'demopolis', 0), (453, 'Enterprise', 'enterprise', 0), (454, 'Phenix City', 'phenix-city', 0), (455, 'Sheffield', 'sheffield', 0), (456, 'Avondale', 'avondale', 0), (457, 'Bisbee', 'bisbee', 0), (458, 'Casa Grande', 'casa-grande', 0), (459, 'Kingman', 'kingman', 0), (460, 'Lake Havasu City', 'lake-havasu-city', 0), (461, 'Carmel', 'carmel', 0), (462, 'Claremont', 'claremont', 0), (463, 'Compton', 'compton', 0), (464, 'Costa Mesa', 'costa-mesa', 0), (465, 'Downey', 'downey', 0), (466, 'Belle Glade', 'belle-glade', 0), (467, 'Boca Raton', 'boca-raton', 0), (468, 'De Land', 'de-land', 0), (469, 'Fort Lauderdale', 'fort-lauderdale', 0), (470, 'Hollywood', 'hollywood', 0), (471, 'Homestead', 'homestead', 0), (472, 'Melbourne', 'melbourne', 0), (473, 'Miami', 'miami', 0), (474, 'Augusta', 'augusta', 0), (475, 'Bainbridge', 'bainbridge', 0), (476, 'Blairsville', 'blairsville', 0), (477, 'Carrollton', 'carrollton', 0), (478, 'Dalton', 'dalton', 0), (479, 'Berlin', 'berlin', 0), (480, 'Concord', 'concord', 0), (481, 'Derry', 'derry', 0), (482, 'Manchester', 'manchester', 0), (483, 'Asbury Park', 'asbury-park', 0), (484, 'Bloomfield', 'bloomfield', 0), (485, 'Clifton', 'clifton', 0), (486, 'Elizabeth', 'elizabeth', 0), (487, 'Long Beach', 'long-beach', 0), (488, 'Belen', 'belen', 0), (489, 'Clovis', 'clovis', 0), (490, 'Hobbs', 'hobbs', 0), (491, 'Roswell', 'roswell', 0), (492, 'Tucumcari', 'tucumcari', 0), (493, 'Binghamton', 'binghamton', 0), (494, 'Crown Point', 'crown-point', 0), (495, 'Hudson', 'hudson', 0), (496, 'Johnstown', 'johnstown', 0), (497, 'Durham', 'durham', 0), (498, 'Edenton', 'edenton', 0), (499, 'Gastonia', 'gastonia', 0), (500, 'Henderson', 'henderson', 0), (501, 'Jacksonville', 'jacksonville', 0), (502, 'Aberdeen', 'aberdeen', 0), (503, 'Anacortes', 'anacortes', 0), (504, 'Auburn', 'auburn', 0), (505, 'Bellevue', 'bellevue', 0), (506, 'Bellingham', 'bellingham', 0), (507, 'Bremerton', 'bremerton', 0);  

INSERT INTO `wp_term_relationships` (`object_id`, `term_taxonomy_id`, `term_order`) VALUES (0, 514, 0), (46, 206, 0), (46, 213, 0), (46, 225, 0), (46, 241, 0), (46, 316, 0), (46, 335, 0), (46, 433, 0), (46, 447, 0), (46, 494, 0), (57, 213, 0), (57, 241, 0), (57, 272, 0), (57, 275, 0), (57, 298, 0), (57, 342, 0), (57, 433, 0), (57, 449, 0), (57, 503, 0), (61, 173, 0), (61, 174, 0), (61, 206, 0), (61, 241, 0), (61, 287, 0), (61, 341, 0), (61, 433, 0), (61, 449, 0), (61, 507, 0), (67, 112, 0), (67, 173, 0), (67, 202, 0), (67, 206, 0), (67, 287, 0), (67, 433, 0), (67, 445, 0), (67, 483, 0), (235, 112, 0), (235, 173, 0), (235, 202, 0), (235, 272, 0), (235, 287, 0), (235, 341, 0), (235, 433, 0), (235, 442, 0), (235, 467, 0), (274, 112, 0), (274, 192, 0), (274, 272, 0), (274, 287, 0), (274, 294, 0), (274, 343, 0), (274, 433, 0), (274, 439, 0), (357, 241, 0), (357, 272, 0), (357, 275, 0), (357, 287, 0), (357, 433, 0), (357, 438, 0), (433, 112, 0), (433, 150, 0), (433, 206, 0), (433, 287, 0), (433, 302, 0), (433, 344, 0), (433, 433, 0), (433, 437, 0), (433, 461, 0), (439, 206, 0), (439, 241, 0), (439, 275, 0), (439, 287, 0), (439, 298, 0), (439, 337, 0), (439, 433, 0), (439, 435, 0), (439, 460, 0), (456, 150, 0), (456, 206, 0), (456, 241, 0), (456, 279, 0), (456, 287, 0), (456, 336, 0), (456, 433, 0), (456, 434, 0), (456, 454, 0), (460, 112, 0), (460, 206, 0), (460, 275, 0), (460, 287, 0), (460, 344, 0), (460, 433, 0), (460, 434, 0), (460, 453, 0), (467, 79, 0), (467, 102, 0), (467, 213, 0), (467, 241, 0), (467, 272, 0), (467, 337, 0), (467, 433, 0), (467, 434, 0), (467, 450, 0), (477, 1, 0), (477, 15, 0), (477, 21, 0), (477, 24, 0), (477, 38, 0), (477, 64, 0), (480, 1, 0), (480, 61, 0), (480, 62, 0), (480, 63, 0), (483, 1, 0), (483, 45, 0), (483, 46, 0), (483, 47, 0), (483, 48, 0), (504, 1, 0), (504, 25, 0), (504, 26, 0), (504, 27, 0), (504, 68, 0), (529, 1, 0), (529, 65, 0), (529, 69, 0), (529, 70, 0), (529, 71, 0), (677, 2, 0), (749, 2, 0), (753, 2, 0), (800, 173, 0), (800, 202, 0), (800, 213, 0), (800, 241, 0), (800, 272, 0), (800, 334, 0), (800, 433, 0), (800, 437, 0), (800, 463, 0), (985, 206, 0), (985, 213, 0), (985, 225, 0), (985, 241, 0), (985, 311, 0), (1085, 2, 0), (1420, 213, 0), (1420, 241, 0), (1420, 272, 0), (1420, 275, 0), (1420, 298, 0), (1420, 342, 0), (1420, 433, 0), (1420, 438, 0), (1634, 112, 0), (1634, 206, 0), (1634, 262, 0), (1634, 287, 0), (1634, 306, 0), (1634, 335, 0), (1634, 433, 0), (2313, 1, 0), (2313, 195, 0), (2313, 245, 0), (2313, 272, 0), (2313, 287, 0), (2313, 317, 0), (2433, 345, 0), (2436, 345, 0), (2438, 345, 0), (2440, 345, 0), (2442, 345, 0), (2444, 345, 0), (2447, 345, 0), (2449, 345, 0), (2451, 345, 0), (2453, 345, 0), (2455, 345, 0), (2458, 345, 0), (2460, 345, 0), (2462, 345, 0), (2464, 345, 0), (2467, 345, 0), (2469, 345, 0), (2471, 345, 0), (2474, 345, 0), (2476, 345, 0), (2478, 345, 0), (2479, 345, 0), (2480, 345, 0), (2481, 345, 0), (2482, 345, 0), (2483, 345, 0), (2484, 345, 0), (2485, 345, 0), (2488, 245, 0), (2488, 300, 0), (2488, 334, 0), (2488, 433, 0), (2516, 345, 0), (2517, 345, 0), (2518, 345, 0), (2519, 345, 0), (2520, 345, 0), (2521, 345, 0), (2522, 345, 0), (2523, 345, 0), (2524, 345, 0), (2525, 345, 0), (2526, 345, 0), (2527, 345, 0), (2528, 345, 0), (2529, 345, 0), (2530, 345, 0), (2531, 345, 0), (2532, 345, 0), (2533, 345, 0), (2534, 345, 0), (2535, 345, 0), (2536, 345, 0), (2537, 345, 0), (2538, 345, 0), (2539, 345, 0), (2540, 345, 0), (2541, 345, 0), (2542, 345, 0), (2543, 345, 0), (2544, 345, 0), (2545, 345, 0), (2546, 345, 0), (2547, 345, 0), (2548, 345, 0), (2549, 345, 0), (2550, 345, 0), (2651, 149, 0), (2651, 272, 0), (2651, 275, 0), (2651, 287, 0), (2651, 298, 0), (2651, 324, 0), (2651, 327, 0), (2651, 343, 0), (3566, 173, 0), (3566, 202, 0), (3566, 206, 0), (3566, 241, 0), (3566, 287, 0), (3566, 334, 0), (3566, 433, 0), (3566, 435, 0), (3566, 458, 0);



INSERT INTO `wp_term_taxonomy` (`term_taxonomy_id`, `term_id`, `taxonomy`, `description`, `parent`, `count`) VALUES (1, 1, 'category', '', 0, 5), (2, 2, 'product_type', '', 0, 3), (3, 3, 'product_type', '', 0, 0), (4, 4, 'product_type', '', 0, 0), (5, 5, 'product_type', '', 0, 0), (6, 6, 'product_visibility', '', 0, 0), (7, 7, 'product_visibility', '', 0, 0), (8, 8, 'product_visibility', '', 0, 0), (9, 9, 'product_visibility', '', 0, 0), (10, 10, 'product_visibility', '', 0, 0), (11, 11, 'product_visibility', '', 0, 0), (12, 12, 'product_visibility', '', 0, 0), (13, 13, 'product_visibility', '', 0, 0), (14, 14, 'product_visibility', '', 0, 0), (15, 15, 'post_tag', '', 0, 1), (16, 16, 'post_tag', '', 0, 0), (17, 17, 'post_tag', '', 0, 0), (18, 18, 'post_tag', '', 0, 0), (19, 19, 'post_tag', '', 0, 0), (20, 20, 'post_tag', '', 0, 0), (21, 21, 'post_tag', '', 0, 1), (22, 22, 'post_tag', '', 0, 0), (23, 23, 'post_tag', '', 0, 0), (24, 24, 'post_tag', '', 0, 1), (25, 25, 'post_tag', '', 0, 1), (26, 26, 'post_tag', '', 0, 1), (27, 27, 'post_tag', '', 0, 1), (28, 28, 'post_tag', '', 0, 0), (29, 29, 'post_tag', '', 0, 0), (30, 30, 'post_tag', '', 0, 0), (31, 31, 'post_tag', '', 0, 0), (32, 32, 'post_tag', '', 0, 0), (33, 33, 'post_tag', '', 0, 0), (34, 34, 'post_tag', '', 0, 0), (35, 35, 'post_tag', '', 0, 0), (36, 36, 'post_tag', '', 0, 0), (37, 37, 'post_tag', '', 0, 0), (38, 38, 'post_tag', '', 0, 1), (39, 39, 'post_tag', '', 0, 0), (40, 40, 'post_tag', '', 0, 0), (41, 41, 'post_tag', '', 0, 0), (42, 42, 'post_tag', '', 0, 0), (43, 43, 'post_tag', '', 0, 0), (44, 44, 'post_tag', '', 0, 0), (45, 45, 'post_tag', '', 0, 1), (46, 46, 'post_tag', '', 0, 1), (47, 47, 'post_tag', '', 0, 1), (48, 48, 'post_tag', '', 0, 1), (49, 49, 'post_tag', '', 0, 0), (50, 50, 'post_tag', '', 0, 0), (51, 51, 'post_tag', '', 0, 0), (52, 52, 'post_tag', '', 0, 0), (53, 53, 'post_tag', '', 0, 0), (54, 54, 'post_tag', '', 0, 0), (55, 55, 'post_tag', '', 0, 0), (56, 56, 'post_tag', '', 0, 0), (57, 57, 'post_tag', '', 0, 0), (58, 58, 'post_tag', '', 0, 0), (59, 59, 'post_tag', '', 0, 0), (60, 60, 'post_tag', '', 0, 0), (61, 61, 'post_tag', '', 0, 1), (62, 62, 'post_tag', '', 0, 1), (63, 63, 'post_tag', '', 0, 1), (64, 64, 'post_tag', '', 0, 1), (65, 65, 'post_tag', '', 0, 1), (66, 66, 'post_tag', '', 0, 0), (67, 67, 'post_tag', '', 0, 0), (68, 68, 'post_tag', '', 0, 1), (69, 69, 'post_tag', '', 0, 1), (70, 70, 'post_tag', '', 0, 1), (71, 71, 'post_tag', '', 0, 1), (79, 79, 'ad_cats', '', 0, 1), (82, 82, 'ad_cats', '', 0, 0), (102, 102, 'ad_cats', '', 79, 1), (111, 111, 'ad_cats', '', 102, 0), (112, 112, 'ad_type', '', 0, 6), (116, 116, 'ad_cats', '', 102, 0), (124, 124, 'ad_cats', '', 0, 0), (126, 126, 'ad_cats', '', 79, 0), (143, 143, 'ad_cats', '', 79, 0), (149, 149, 'ad_type', '', 0, 0), (150, 150, 'ad_cats', '', 0, 2), (153, 153, 'ad_cats', '', 79, 0), (158, 158, 'ad_cats', '', 143, 0), (164, 164, 'ad_cats', '', 153, 0), (166, 166, 'ad_cats', '', 102, 0), (173, 173, 'ad_cats', '', 0, 4), (174, 174, 'ad_cats', '', 173, 1), (192, 192, 'ad_cats', '', 0, 1), (195, 195, 'ad_type', '', 0, 0), (198, 198, 'ad_cats', '', 102, 0), (202, 202, 'ad_cats', '', 173, 3), (203, 203, 'ad_cats', '', 153, 0), (206, 206, 'ad_condition', '', 0, 9), (213, 213, 'ad_warranty', '', 0, 6), (214, 214, 'ad_cats', '', 143, 0), (215, 215, 'ad_cats', '', 102, 0), (216, 216, 'ad_cats', '', 153, 0), (220, 220, 'ad_cats', '', 143, 0), (225, 225, 'ad_cats', '', 0, 2), (227, 227, 'ad_cats', '', 153, 0), (241, 241, 'ad_type', '', 0, 10), (245, 245, 'ad_cats', '', 0, 0), (250, 250, 'ad_cats', '', 150, 0), (259, 259, 'ad_cats', '', 102, 0), (262, 262, 'ad_cats', '', 0, 1), (263, 263, 'ad_cats', '', 262, 0), (269, 269, 'ad_cats', '', 153, 0), (270, 270, 'ad_cats', '', 173, 0), (272, 272, 'ad_condition', '', 0, 7), (275, 275, 'ad_cats', '', 0, 5), (277, 277, 'ad_cats', '', 173, 0), (279, 279, 'ad_cats', '', 150, 1), (287, 287, 'ad_warranty', '', 0, 10), (291, 291, 'ad_cats', '', 143, 0), (292, 292, 'ad_cats', '', 143, 0), (293, 293, 'ad_cats', '', 150, 0), (294, 294, 'ad_cats', '', 192, 1), (295, 295, 'ad_cats', '', 143, 0), (296, 296, 'ad_cats', '', 153, 0), (297, 297, 'ad_cats', '', 143, 0), (298, 298, 'ad_cats', '', 275, 3), (299, 299, 'ad_cats', '', 192, 0), (300, 300, 'ad_cats', '', 245, 0), (301, 301, 'ad_cats', '', 150, 0), (302, 302, 'ad_cats', '', 150, 1), (303, 303, 'ad_cats', '', 153, 0), (304, 304, 'ad_cats', '', 225, 0), (305, 305, 'ad_cats', '', 173, 0), (306, 306, 'ad_cats', '', 262, 1), (307, 307, 'ad_cats', '', 192, 0), (308, 308, 'ad_cats', '', 192, 0), (309, 309, 'ad_cats', '', 245, 0), (310, 310, 'ad_cats', '', 262, 0), (311, 311, 'ad_cats', '', 225, 1), (312, 312, 'ad_cats', '', 245, 0), (313, 313, 'ad_cats', '', 173, 0), (314, 314, 'ad_cats', '', 192, 0), (315, 315, 'ad_cats', '', 275, 0), (316, 316, 'ad_cats', '', 225, 1), (317, 317, 'ad_cats', '', 245, 0), (318, 318, 'ad_cats', '', 298, 0), (319, 319, 'ad_cats', '', 192, 0), (320, 320, 'ad_cats', '', 245, 0), (321, 321, 'ad_cats', '', 275, 0), (322, 322, 'ad_cats', '', 262, 0), (323, 323, 'ad_cats', '', 225, 0), (324, 324, 'ad_cats', '', 298, 0), (325, 325, 'ad_cats', '', 275, 0), (326, 326, 'ad_cats', '', 324, 0), (327, 327, 'ad_cats', '', 324, 0), (328, 328, 'ad_cats', '', 324, 0), (329, 329, 'ad_cats', '', 324, 0), (330, 330, 'ad_cats', '', 324, 0), (331, 331, 'ad_cats', '', 324, 0), (332, 332, 'ad_cats', '', 318, 0), (334, 334, 'ad_currency', '', 0, 1), (335, 335, 'ad_currency', '', 0, 2), (336, 336, 'ad_currency', '', 0, 1), (337, 337, 'ad_currency', '', 0, 2), (341, 341, 'ad_currency', '', 0, 2), (342, 342, 'ad_currency', '', 0, 2), (343, 343, 'ad_currency', '', 0, 1), (344, 344, 'ad_currency', '', 0, 2), (345, 345, 'nav_menu', '', 0, 63), (433, 433, 'ad_country', '', 0, 15), (434, 434, 'ad_country', '', 433, 3), (435, 435, 'ad_country', '', 433, 1), (436, 436, 'ad_country', '', 433, 0), (437, 437, 'ad_country', '', 433, 2), (438, 438, 'ad_country', '', 433, 2), (439, 439, 'ad_country', '', 433, 1), (440, 440, 'ad_country', '', 433, 0), (441, 441, 'ad_country', '', 433, 0), (442, 442, 'ad_country', '', 433, 1), (443, 443, 'ad_country', '', 433, 0), (444, 444, 'ad_country', '', 433, 0), (445, 445, 'ad_country', '', 433, 1), (446, 446, 'ad_country', '', 433, 0), (447, 447, 'ad_country', '', 433, 1), (448, 448, 'ad_country', '', 433, 0), (449, 449, 'ad_country', '', 433, 2), (450, 450, 'ad_country', '', 434, 1), (451, 451, 'ad_country', '', 434, 0), (452, 452, 'ad_country', '', 434, 0), (453, 453, 'ad_country', '', 434, 1), (454, 454, 'ad_country', '', 434, 1), (455, 455, 'ad_country', '', 434, 0), (456, 456, 'ad_country', '', 435, 0), (457, 457, 'ad_country', '', 435, 0), (458, 458, 'ad_country', '', 435, 0), (459, 459, 'ad_country', '', 435, 0), (460, 460, 'ad_country', '', 435, 1), (461, 461, 'ad_country', '', 437, 1), (462, 462, 'ad_country', '', 437, 0), (463, 463, 'ad_country', '', 437, 1), (464, 464, 'ad_country', '', 437, 0), (465, 465, 'ad_country', '', 437, 0), (466, 466, 'ad_country', '', 442, 0), (467, 467, 'ad_country', '', 442, 1), (468, 468, 'ad_country', '', 442, 0), (469, 469, 'ad_country', '', 442, 0), (470, 470, 'ad_country', '', 442, 0), (471, 471, 'ad_country', '', 442, 0), (472, 472, 'ad_country', '', 442, 0), (473, 473, 'ad_country', '', 442, 0), (474, 474, 'ad_country', '', 443, 0), (475, 475, 'ad_country', '', 443, 0), (476, 476, 'ad_country', '', 443, 0), (477, 477, 'ad_country', '', 443, 0), (478, 478, 'ad_country', '', 443, 0), (479, 479, 'ad_country', '', 444, 0), (480, 480, 'ad_country', '', 444, 0), (481, 481, 'ad_country', '', 444, 0), (482, 482, 'ad_country', '', 444, 0), (483, 483, 'ad_country', '', 445, 1), (484, 484, 'ad_country', '', 445, 0), (485, 485, 'ad_country', '', 445, 0), (486, 486, 'ad_country', '', 445, 0), (487, 487, 'ad_country', '', 445, 0), (488, 488, 'ad_country', '', 446, 0), (489, 489, 'ad_country', '', 446, 0), (490, 490, 'ad_country', '', 446, 0), (491, 491, 'ad_country', '', 446, 0), (492, 492, 'ad_country', '', 446, 0), (493, 493, 'ad_country', '', 447, 0), (494, 494, 'ad_country', '', 447, 1), (495, 495, 'ad_country', '', 447, 0), (496, 496, 'ad_country', '', 447, 0), (497, 497, 'ad_country', '', 448, 0), (498, 498, 'ad_country', '', 448, 0), (499, 499, 'ad_country', '', 448, 0), (500, 500, 'ad_country', '', 448, 0), (501, 501, 'ad_country', '', 448, 0), (502, 502, 'ad_country', '', 449, 0), (503, 503, 'ad_country', '', 449, 1), (504, 504, 'ad_country', '', 449, 0), (505, 505, 'ad_country', '', 449, 0), (506, 506, 'ad_country', '', 449, 0), (507, 507, 'ad_country', '', 449, 1); 