INSERT INTO `wp_termmeta` (`meta_id`, `term_id`, `meta_key`, `meta_value`) VALUES
(78, 733, 'product_count_product_cat', '3'),
(79, 1220, 'order', '0'),
(80, 1221, 'order', '0'),
(81, 1222, 'order', '0'),
(82, 1223, 'order', '0'),
(83, 1224, 'order', '0'),
(84, 1225, 'order', '0'),
(85, 1221, 'product_count_product_cat', '0'),
(86, 1220, 'product_count_product_cat', '4'),
(87, 1226, 'order_pa_color', '0'),
(88, 1227, 'order_pa_color', '0'),
(89, 1228, 'order_pa_color', '0'),
(90, 1229, 'order_pa_size', '0'),
(91, 1230, 'order_pa_size', '0'),
(92, 1231, 'order_pa_size', '0'),
(93, 1222, 'product_count_product_cat', '0'),
(94, 1232, 'order_pa_color', '0'),
(95, 1223, 'product_count_product_cat', '4'),
(96, 1233, 'order_pa_color', '0'),
(97, 1224, 'product_count_product_cat', '2'),
(98, 1225, 'product_count_product_cat', '0'),
(99, 1236, 'order', '0'),
(100, 1236, 'product_count_product_cat', '1'),
(116, 1551, 'order', '0'),
(117, 1551, 'product_count_product_cat', '2'),
(118, 1552, 'order', '0'),
(119, 1552, 'product_count_product_cat', '0'),
(120, 1553, 'order', '0'),
(121, 1553, 'product_count_product_cat', '5'),
(122, 1554, 'order', '0'),
(123, 1554, 'product_count_product_cat', '1'),
(252, 721, '_sb_dynamic_form_fields', 'eyJhY3Rpb24iOiJlZGl0ZWR0YWciLCJ0YWdfSUQiOiI3MjEiLCJ0YXhvbm9teSI6InNiX2R5bmFtaWNfZm9ybV90ZW1wbGF0ZXMiLCJfd3Bfb3JpZ2luYWxfaHR0cF9yZWZlcmVyIjoiaHR0cDpcL1wvYWRmb3Jlc3Quc2NyaXB0c2J1bmRsZS5jb21cL3RlY2hmb3Jlc3RcL3dwLWFkbWluXC9lZGl0LXRhZ3MucGhwP3RheG9ub215PXNiX2R5bmFtaWNfZm9ybV90ZW1wbGF0ZXMmcG9zdF90eXBlPWFkX3Bvc3QiLCJfd3Bub25jZSI6IjM3ZWYyZmEyYzQiLCJfd3BfaHR0cF9yZWZlcmVyIjoiXC90ZWNoZm9yZXN0XC93cC1hZG1pblwvdGVybS5waHA/dGF4b25vbXk9c2JfZHluYW1pY19mb3JtX3RlbXBsYXRlcyZ0YWdfSUQ9NzIxJnBvc3RfdHlwZT1hZF9wb3N0JndwX2h0dHBfcmVmZXJlcj0lMkZ0ZWNoZm9yZXN0JTJGd3AtYWRtaW4lMkZlZGl0LXRhZ3MucGhwJTNGdGF4b25vbXklM0RzYl9keW5hbWljX2Zvcm1fdGVtcGxhdGVzJTI2cG9zdF90eXBlJTNEYWRfcG9zdCIsIm5hbWUiOiJUZWNoRm9yZXN0Iiwic2x1ZyI6InRlc3QtdGVtcGxhdGUiLCJkZXNjcmlwdGlvbiI6IiIsIl9zYl9kZWZhdWx0X2NhdF9wcmljZV9zaG93IjoiMSIsIl9zYl9kZWZhdWx0X2NhdF9wcmljZV9yZXF1aXJlZCI6IjEiLCJfc2JfZGVmYXVsdF9jYXRfcHJpY2VfdHlwZV9zaG93IjoiMSIsIl9zYl9kZWZhdWx0X2NhdF9wcmljZV90eXBlX3JlcXVpcmVkIjoiMSIsIl9zYl9kZWZhdWx0X2NhdF92aWRlb19zaG93IjoiMSIsIl9zYl9kZWZhdWx0X2NhdF92aWRlb19yZXF1aXJlZCI6IjEiLCJfc2JfZGVmYXVsdF9jYXRfdGFnc19zaG93IjoiMSIsIl9zYl9kZWZhdWx0X2NhdF90YWdzX3JlcXVpcmVkIjoiMSIsIl9zYl9kZWZhdWx0X2NhdF9pbWFnZV9zaG93IjoiMSIsIl9zYl9kZWZhdWx0X2NhdF9pbWFnZV9yZXF1aXJlZCI6IjEiLCJfc2JfZGVmYXVsdF9jYXRfY29uZGl0aW9uX3Nob3ciOiIxIiwiX3NiX2RlZmF1bHRfY2F0X2NvbmRpdGlvbl9yZXF1aXJlZCI6IjEiLCJfc2JfZGVmYXVsdF9jYXRfd2FycmFudHlfc2hvdyI6IjEiLCJfc2JfZGVmYXVsdF9jYXRfd2FycmFudHlfcmVxdWlyZWQiOiIxIiwiX3NiX2RlZmF1bHRfY2F0X2FkX3R5cGVfc2hvdyI6IjEiLCJfc2JfZGVmYXVsdF9jYXRfYWRfdHlwZV9yZXF1aXJlZCI6IjEiLCJfc2JfZHluYW1pY19mb3JtX3R5cGVzIjpbIjIiLCIyIiwiMiJdLCJfc2JfZHluYW1pY19mb3JtX2luX3NlYXJjaCI6WyJ5ZXMiLCJ5ZXMiLCJ5ZXMiXSwiX3NiX2R5bmFtaWNfZm9ybV9jb2x1bW5zIjpbIjEyIiwiMTIiLCIxMiJdLCJfc2JfZHluYW1pY19mb3JtX3JlcXVpcmVzIjpbIjEiLCIxIiwiMSJdLCJfc2JfZHluYW1pY19mb3JtX3N0YXR1cyI6WyIxIiwiMSIsIjEiXSwiX3NiX2R5bmFtaWNfZm9ybV90aXRsZXMiOlsiU2l6ZSIsIkNvbG9yIiwiV2VpZ2h0Il0sIl9zYl9keW5hbWljX2Zvcm1fc2x1Z3MiOlsibW9kZWwiLCJjb2xvciIsIm1ha2UiXSwiX3NiX2R5bmFtaWNfZm9ybV92YWx1ZXMiOlsiU2l6ZSAxfFNpemUgMnxTaXplIDN8U2l6ZSA0IiwiQ29sb3IgMXxDb2xvciAyfENvbG9yIDN8Q29sb3IgNCIsIldlaWdodCAxfFdlaWdodCAyfFdlaWdodCAzfFdlaWdodCA0Il19'),
(253, 1729, '_sb_dynamic_form_fields', 'eyJhY3Rpb24iOiJlZGl0ZWR0YWciLCJ0YWdfSUQiOiIxNzI5IiwidGF4b25vbXkiOiJzYl9keW5hbWljX2Zvcm1fdGVtcGxhdGVzIiwiX3dwX29yaWdpbmFsX2h0dHBfcmVmZXJlciI6Imh0dHA6XC9cL2FkZm9yZXN0LnNjcmlwdHNidW5kbGUuY29tXC9yZWFsZXN0YXRlLWZvcmVzdFwvd3AtYWRtaW5cL2VkaXQtdGFncy5waHA/dGF4b25vbXk9c2JfZHluYW1pY19mb3JtX3RlbXBsYXRlcyZwb3N0X3R5cGU9YWRfcG9zdCIsIl93cG5vbmNlIjoiMjg4ZmZmNmY2NSIsIl93cF9odHRwX3JlZmVyZXIiOiJcL3JlYWxlc3RhdGUtZm9yZXN0XC93cC1hZG1pblwvdGVybS5waHA/dGF4b25vbXk9c2JfZHluYW1pY19mb3JtX3RlbXBsYXRlcyZ0YWdfSUQ9MTcyOSZwb3N0X3R5cGU9YWRfcG9zdCZ3cF9odHRwX3JlZmVyZXI9JTJGcmVhbGVzdGF0ZS1mb3Jlc3QlMkZ3cC1hZG1pbiUyRmVkaXQtdGFncy5waHAlM0Z0YXhvbm9teSUzRHNiX2R5bmFtaWNfZm9ybV90ZW1wbGF0ZXMlMjZwb3N0X3R5cGUlM0RhZF9wb3N0IiwibmFtZSI6IlJlYWxFc3RhdGVGb3Jlc3QiLCJzbHVnIjoicmVhbGVzdGF0ZWZvcmVzdCIsImRlc2NyaXB0aW9uIjoiIiwiX3NiX2RlZmF1bHRfY2F0X3ByaWNlX3Nob3ciOiIxIiwiX3NiX2RlZmF1bHRfY2F0X3ByaWNlX3JlcXVpcmVkIjoiMSIsIl9zYl9kZWZhdWx0X2NhdF9wcmljZV90eXBlX3Nob3ciOiIxIiwiX3NiX2RlZmF1bHRfY2F0X3ByaWNlX3R5cGVfcmVxdWlyZWQiOiIxIiwiX3NiX2RlZmF1bHRfY2F0X3ZpZGVvX3Nob3ciOiIxIiwiX3NiX2RlZmF1bHRfY2F0X3ZpZGVvX3JlcXVpcmVkIjoiMSIsIl9zYl9kZWZhdWx0X2NhdF90YWdzX3Nob3ciOiIxIiwiX3NiX2RlZmF1bHRfY2F0X3RhZ3NfcmVxdWlyZWQiOiIxIiwiX3NiX2RlZmF1bHRfY2F0X2ltYWdlX3Nob3ciOiIxIiwiX3NiX2RlZmF1bHRfY2F0X2ltYWdlX3JlcXVpcmVkIjoiMSIsIl9zYl9kZWZhdWx0X2NhdF9jb25kaXRpb25fc2hvdyI6IjEiLCJfc2JfZGVmYXVsdF9jYXRfY29uZGl0aW9uX3JlcXVpcmVkIjoiMSIsIl9zYl9kZWZhdWx0X2NhdF93YXJyYW50eV9zaG93IjoiMCIsIl9zYl9kZWZhdWx0X2NhdF93YXJyYW50eV9yZXF1aXJlZCI6IjAiLCJfc2JfZGVmYXVsdF9jYXRfYWRfdHlwZV9zaG93IjoiMSIsIl9zYl9kZWZhdWx0X2NhdF9hZF90eXBlX3JlcXVpcmVkIjoiMSIsIl9zYl9keW5hbWljX2Zvcm1fdHlwZXMiOlsiMSIsIjEiLCIxIiwiMSIsIjIiLCIyIiwiMiIsIjIiLCIzIiwiMSIsIjIiXSwiX3NiX2R5bmFtaWNfZm9ybV9pbl9zZWFyY2giOlsieWVzIiwieWVzIiwieWVzIiwieWVzIiwieWVzIiwieWVzIiwieWVzIiwieWVzIiwieWVzIiwieWVzIiwieWVzIl0sIl9zYl9keW5hbWljX2Zvcm1fY29sdW1ucyI6WyIxMiIsIjEyIiwiMTIiLCIxMiIsIjEyIiwiMTIiLCIxMiIsIjEyIiwiMTIiLCIxMiIsIjEyIl0sIl9zYl9keW5hbWljX2Zvcm1fcmVxdWlyZXMiOlsiMSIsIjAiLCIwIiwiMCIsIjAiLCIwIiwiMCIsIjAiLCIwIiwiMCIsIjAiXSwiX3NiX2R5bmFtaWNfZm9ybV9zdGF0dXMiOlsiMSIsIjEiLCIxIiwiMSIsIjEiLCIxIiwiMSIsIjAiLCIwIiwiMSIsIjAiXSwiX3NiX2R5bmFtaWNfZm9ybV90aXRsZXMiOlsiUHJvcGVydHkgU2l6ZSIsIlJvYWQgQWNjZXNzIiwiUHJvcGVydHkgVGF4IiwiQXNzb2NpYXRpb24gRHVlcyIsIlJvb21zIiwiQmVkcm9vbXMiLCJCYXRocm9vbXMiLCJLaXRjaGVuIiwiRmVhdHVyZXMiLCJZZWFyIEJ1aWx0IiwiRmxvb3JzIl0sIl9zYl9keW5hbWljX2Zvcm1fc2x1Z3MiOlsic2l6ZV9hY3Jlc18iLCJyb2FkX2FjY2VzcyIsInByb3BlcnR5X3RheCIsImFzc29jaWF0aW9uX2R1ZXMiLCJyb29tcyIsImJlZHMiLCJiYXRocm9vbSIsImtpdGNoZW4iLCJmZWF0dXJlcyIsInllYXJfYnVpbHQiLCJmbG9vcnMiXSwiX3NiX2R5bmFtaWNfZm9ybV92YWx1ZXMiOlsiIiwiIiwiIiwiIiwiMXwyfDN8NHw1fDZ8NyIsIjF8MnwzfDR8NXw2fDciLCIxfDJ8M3w0fDV8Nnw3IiwiMXwyfDN8NHw1fDZ8NyIsIkFpciBDb25kaXRpb25pbmd8Q2VpbGluZyBGYW58RGlzaHdhc2hlcnxGaXJlcGxhY2V8TWljcm93YXZlfFBhdGlvfFBvcmNofFJlZnJpZ2VyYXRvcnxIaWdoIGNlaWxpbmdzfEJhbGNvbnl8RnVybmlzaGVkfENlbnRyYWwgSGVhdGluZ3xMb3VuZ2UgYXJlYXxMaWZ0fFN3aW1taW5nIFBvb2wiLCIiLCIxfDJ8M3w0fDV8Nnw3Il19'),
(254, 1735, '_sb_category_template', '1729'),
(255, 1736, '_sb_category_template', ''),
(256, 1737, '_sb_category_template', '1729'),
(257, 1738, '_sb_category_template', '1729'),
(258, 1739, '_sb_category_template', '1729'),
(259, 1740, '_sb_category_template', ''),
(260, 1741, '_sb_category_template', '1729');

INSERT INTO `wp_terms` (`term_id`, `name`, `slug`, `term_group`) VALUES
(1, 'Uncategorized', 'uncategorized', 0),
(2, 'simple', 'simple', 0),
(3, 'grouped', 'grouped', 0),
(4, 'variable', 'variable', 0),
(5, 'external', 'external', 0),
(6, 'exclude-from-search', 'exclude-from-search', 0),
(7, 'exclude-from-catalog', 'exclude-from-catalog', 0),
(8, 'featured', 'featured', 0),
(9, 'outofstock', 'outofstock', 0),
(10, 'rated-1', 'rated-1', 0),
(11, 'rated-2', 'rated-2', 0),
(12, 'rated-3', 'rated-3', 0),
(13, 'rated-4', 'rated-4', 0),
(14, 'rated-5', 'rated-5', 0),
(15, 'accord', 'accord', 0),
(16, 'beautiful cat', 'beautiful-cat', 0),
(17, 'beautiful homes', 'beautiful-homes', 0),
(18, 'Bike', 'bike', 0),
(19, 'branded shirts', 'branded-shirts', 0),
(20, 'branded shoes', 'branded-shoes', 0),
(21, 'car', 'car', 0),
(22, 'cat', 'cat', 0),
(23, 'Cat for sale', 'cat-for-sale', 0),
(24, 'civic', 'civic', 0),
(25, 'CURREN', 'curren', 0),
(26, 'CURREN Watch', 'curren-watch', 0),
(27, 'CURREN watch for sale', 'curren-watch-for-sale', 0),
(28, 'Dell', 'dell', 0),
(29, 'Dell Laptops', 'dell-laptops', 0),
(30, 'Dell\'s Latitude', 'dells-latitude', 0),
(31, 'Dimond', 'dimond', 0),
(32, 'Ducati bike', 'ducati-bike', 0),
(33, 'Ducati Multistrada 1200 S', 'ducati-multistrada-1200-s', 0),
(34, 'Entaniya 250 Micro fisheye lenses', 'entaniya-250-micro-fisheye-lenses', 0),
(35, 'Entaniya 250 Micro fisheye lenses feature', 'entaniya-250-micro-fisheye-lenses-feature', 0),
(36, 'Galaxy C9', 'galaxy-c9', 0),
(37, 'good looking shirts', 'good-looking-shirts', 0),
(38, 'honda', 'honda', 0),
(39, 'house sale rule', 'house-sale-rule', 0),
(40, 'how to buy home', 'how-to-buy-home', 0),
(41, 'how to find a home', 'how-to-find-a-home', 0),
(42, 'i phone 7', 'i-phone-7', 0),
(43, 'i phone 7 feature', 'i-phone-7-feature', 0),
(44, 'Lamborghini Aventador', 'lamborghini-aventador', 0),
(45, 'MacBook', 'macbook', 0),
(46, 'MacBook Air', 'macbook-air', 0),
(47, 'MacBook Air 2017', 'macbook-air-2017', 0),
(48, 'MacBook Air for sale', 'macbook-air-for-sale', 0),
(49, 'men shirts', 'men-shirts', 0),
(50, 'New model ofLamborghini Aventador', 'new-model-oflamborghini-aventador', 0),
(51, 'Plated CZ Diamon rings', 'plated-cz-diamon-rings', 0),
(52, 'Properties of i phone 7', 'properties-of-i-phone-7', 0),
(53, 'purchasing any house', 'purchasing-any-house', 0),
(54, 'Rings', 'rings', 0),
(55, 'rule of purchasing any house', 'rule-of-purchasing-any-house', 0),
(56, 'Samsung', 'samsung', 0),
(57, 'shirt', 'shirt', 0),
(58, 'shoes', 'shoes', 0),
(59, 'shoes for sale', 'shoes-for-sale', 0),
(60, 'soney camera', 'soney-camera', 0),
(61, 'Soney mobiles for sale', 'soney-mobiles-for-sale', 0),
(62, 'Sony mobiles', 'sony-mobiles', 0),
(63, 'Sony Xperia XZ', 'sony-xperia-xz', 0),
(64, 'sports', 'sports', 0),
(65, 'Sports Bike 2015', 'sports-bike-2015', 0),
(66, 'stylish Lamborghini Aventador', 'stylish-lamborghini-aventador', 0),
(67, 'Unveils Galaxy C9', 'unveils-galaxy-c9', 0),
(68, 'watch', 'watch', 0),
(69, 'Yamaha', 'yamaha', 0),
(70, 'Yamaha YZF', 'yamaha-yzf', 0),
(71, 'Yamaha YZF-R3', 'yamaha-yzf-r3', 0),
(113, 'buy', 'buy', 0),
(172, 'home', 'home', 0),
(206, 'New', 'new', 0),
(213, 'No', 'no', 0),
(235, 'sale', 'sale', 0),
(242, 'sell', 'sell', 0),
(272, 'Used', 'used', 0),
(287, 'Yes', 'yes', 0),
(334, '$', 'aud', 0),
(335, '¥', 'cny', 0),
(336, '﷼', 'qar', 0),
(337, '₨', 'pkr', 0),
(341, '£', 'egp', 0),
(342, '₽', 'rub', 0),
(343, '฿', 'thb', 0),
(344, 'Дин', 'rsd', 0),
(345, 'Main Menu', 'main-menu', 0),
(433, 'United States', 'united-states', 0),
(434, 'Alabama', 'alabama', 0),
(435, 'Arizona', 'arizona', 0),
(436, 'Arkansas', 'arkansas', 0),
(437, 'California', 'california', 0),
(438, 'Colorado', 'colorado', 0),
(439, 'Connecticut', 'connecticut', 0),
(440, 'Delaware', 'delaware', 0),
(441, 'District of Columbia', 'district-of-columbia', 0),
(442, 'Florida', 'florida', 0),
(443, 'Georgia', 'georgia', 0),
(444, 'New Hampshire', 'new-hampshire', 0),
(445, 'New Jersey', 'new-jersey', 0),
(446, 'New Mexico', 'new-mexico', 0),
(447, 'New York', 'new-york', 0),
(448, 'North Carolina', 'north-carolina', 0),
(449, 'Washington', 'washington', 0),
(450, 'Anniston', 'anniston', 0),
(451, 'Chickasaw', 'chickasaw', 0),
(452, 'Demopolis', 'demopolis', 0),
(453, 'Enterprise', 'enterprise', 0),
(454, 'Phenix City', 'phenix-city', 0),
(455, 'Sheffield', 'sheffield', 0),
(456, 'Avondale', 'avondale', 0),
(457, 'Bisbee', 'bisbee', 0),
(458, 'Casa Grande', 'casa-grande', 0),
(459, 'Kingman', 'kingman', 0),
(460, 'Lake Havasu City', 'lake-havasu-city', 0),
(461, 'Carmel', 'carmel', 0),
(462, 'Claremont', 'claremont', 0),
(463, 'Compton', 'compton', 0),
(464, 'Costa Mesa', 'costa-mesa', 0),
(465, 'Downey', 'downey', 0),
(466, 'Belle Glade', 'belle-glade', 0),
(467, 'Boca Raton', 'boca-raton', 0),
(468, 'De Land', 'de-land', 0),
(469, 'Fort Lauderdale', 'fort-lauderdale', 0),
(470, 'Hollywood', 'hollywood', 0),
(471, 'Homestead', 'homestead', 0),
(472, 'Melbourne', 'melbourne', 0),
(473, 'Miami', 'miami', 0),
(474, 'Augusta', 'augusta', 0),
(475, 'Bainbridge', 'bainbridge', 0),
(476, 'Blairsville', 'blairsville', 0),
(477, 'Carrollton', 'carrollton', 0),
(478, 'Dalton', 'dalton', 0),
(479, 'Berlin', 'berlin', 0),
(480, 'Concord', 'concord', 0),
(481, 'Derry', 'derry', 0),
(482, 'Manchester', 'manchester', 0),
(483, 'Asbury Park', 'asbury-park', 0),
(484, 'Bloomfield', 'bloomfield', 0),
(485, 'Clifton', 'clifton', 0),
(486, 'Elizabeth', 'elizabeth', 0),
(487, 'Long Beach', 'long-beach', 0),
(488, 'Belen', 'belen', 0),
(489, 'Clovis', 'clovis', 0),
(490, 'Hobbs', 'hobbs', 0),
(491, 'Roswell', 'roswell', 0),
(492, 'Tucumcari', 'tucumcari', 0),
(493, 'Binghamton', 'binghamton', 0),
(494, 'Crown Point', 'crown-point', 0),
(495, 'Hudson', 'hudson', 0),
(496, 'Johnstown', 'johnstown', 0),
(497, 'Durham', 'durham', 0),
(498, 'Edenton', 'edenton', 0),
(499, 'Gastonia', 'gastonia', 0),
(500, 'Henderson', 'henderson', 0),
(501, 'Jacksonville', 'jacksonville', 0),
(502, 'Aberdeen', 'aberdeen', 0),
(503, 'Anacortes', 'anacortes', 0),
(504, 'Auburn', 'auburn', 0),
(505, 'Bellevue', 'bellevue', 0),
(506, 'Bellingham', 'bellingham', 0),
(507, 'Bremerton', 'bremerton', 0),
(644, 'house', 'house', 0),
(721, 'TechForest', 'test-template', 0),
(733, 'Uncategorized', 'uncategorized', 0),
(1220, 'Clothing', 'clothing', 0),
(1221, 'Tshirts', 'tshirts', 0),
(1222, 'Hoodies', 'hoodies', 0),
(1223, 'Accessories', 'accessories', 0),
(1224, 'Music', 'music', 0),
(1225, 'Decor', 'decor', 0),
(1226, 'Blue', 'blue', 0),
(1227, 'Green', 'green', 0),
(1228, 'Red', 'red', 0),
(1229, 'Large', 'large', 0),
(1230, 'Medium', 'medium', 0),
(1231, 'Small', 'small', 0),
(1232, 'Gray', 'gray', 0),
(1233, 'Yellow', 'yellow', 0),
(1236, 'Fashion', 'fashion', 0),
(1379, 'Rent', 'rent', 0),
(1475, 'office', 'office', 0),
(1539, 'Johnstown', 'johnstown-united-states', 0),
(1551, 'HeadPhones', 'headphones', 0),
(1552, 'New Laptop', 'new-laptop', 0),
(1553, 'Mobile &amp; Laptops', 'mobile-laptops', 0),
(1554, 'Camera', 'camera', 0),
(1729, 'RealEstateForest', 'realestateforest', 0),
(1731, 'Buy', 'buy', 0),
(1732, 'Sell', 'sell', 0),
(1733, 'Rent', 'rent', 0),
(1734, 'Lease', 'lease', 0),
(1735, 'Appartments', 'appartments', 0),
(1736, 'Studio Appartments', 'studio-appartments', 0),
(1737, 'Houses', 'houses', 0),
(1738, 'Offices', 'offices', 0),
(1739, 'Retail', 'retail', 0),
(1740, 'Boutique', 'boutique', 0),
(1741, 'Resturants', 'resturants', 0),
(1742, 'footer - menu', 'footer-menu', 0),
(1743, 'appartments', 'appartments', 0),
(1744, 'falt', 'falt', 0),
(1745, 'Restaurant', 'restaurant', 0),
(1746, 'boutique', 'boutique', 0),
(1747, 'Retaurant', 'retaurant', 0),
(1748, 'Property', 'property', 0),
(1749, 'property', 'property', 0),
(1750, 'sell', 'sell', 0),
(1751, 'buy', 'buy', 0);

INSERT INTO `wp_term_relationships` (`object_id`, `term_taxonomy_id`, `term_order`) VALUES
(0, 201, 0),
(0, 514, 0),
(0, 552, 0),
(0, 654, 0),
(0, 739, 0),
(0, 740, 0),
(0, 741, 0),
(0, 1084, 0),
(0, 1186, 0),
(0, 1187, 0),
(0, 1188, 0),
(0, 1189, 0),
(0, 1482, 0),
(0, 1483, 0),
(0, 1484, 0),
(1, 1, 0),
(68, 2, 0),
(68, 1223, 0),
(68, 1227, 0),
(472, 1, 0),
(472, 15, 0),
(472, 21, 0),
(472, 24, 0),
(472, 38, 0),
(472, 64, 0),
(477, 1, 0),
(477, 15, 0),
(477, 21, 0),
(477, 24, 0),
(477, 38, 0),
(477, 64, 0),
(480, 1, 0),
(480, 61, 0),
(480, 62, 0),
(480, 63, 0),
(483, 1, 0),
(483, 45, 0),
(483, 46, 0),
(483, 47, 0),
(483, 48, 0),
(488, 1, 0),
(488, 17, 0),
(488, 40, 0),
(488, 41, 0),
(490, 1, 0),
(490, 36, 0),
(490, 56, 0),
(490, 67, 0),
(493, 1, 0),
(493, 44, 0),
(493, 50, 0),
(493, 66, 0),
(496, 1, 0),
(496, 34, 0),
(496, 35, 0),
(496, 60, 0),
(499, 1, 0),
(499, 39, 0),
(499, 53, 0),
(499, 55, 0),
(501, 1, 0),
(501, 18, 0),
(501, 32, 0),
(501, 33, 0),
(504, 1, 0),
(504, 25, 0),
(504, 26, 0),
(504, 27, 0),
(504, 68, 0),
(507, 1, 0),
(507, 20, 0),
(507, 58, 0),
(507, 59, 0),
(509, 1, 0),
(509, 42, 0),
(509, 43, 0),
(509, 52, 0),
(512, 1, 0),
(512, 19, 0),
(512, 37, 0),
(512, 49, 0),
(512, 57, 0),
(514, 1, 0),
(514, 16, 0),
(514, 22, 0),
(514, 23, 0),
(517, 1, 0),
(517, 28, 0),
(517, 29, 0),
(517, 30, 0),
(520, 1, 0),
(520, 31, 0),
(520, 51, 0),
(520, 54, 0),
(523, 1748, 0),
(526, 1748, 0),
(529, 1748, 0),
(529, 1749, 0),
(529, 1750, 0),
(529, 1751, 0),
(749, 2, 0),
(749, 733, 0),
(753, 2, 0),
(753, 733, 0),
(1085, 2, 0),
(1085, 733, 0),
(2313, 1, 0),
(2313, 272, 0),
(2313, 287, 0),
(2348, 206, 0),
(2348, 334, 0),
(2348, 433, 0),
(2353, 334, 0),
(2353, 433, 0),
(2353, 434, 0),
(2354, 272, 0),
(2354, 287, 0),
(2354, 336, 0),
(2354, 433, 0),
(2354, 435, 0),
(2354, 458, 0),
(2368, 213, 0),
(2368, 272, 0),
(2368, 335, 0),
(2368, 433, 0),
(2368, 435, 0),
(2371, 341, 0),
(2371, 433, 0),
(2371, 447, 0),
(2371, 495, 0),
(2433, 345, 0),
(2440, 345, 0),
(2442, 345, 0),
(2444, 345, 0),
(2447, 345, 0),
(2449, 345, 0),
(2451, 345, 0),
(2453, 345, 0),
(2455, 345, 0),
(2458, 345, 0),
(2460, 345, 0),
(2462, 345, 0),
(2467, 345, 0),
(2469, 345, 0),
(2474, 345, 0),
(2476, 345, 0),
(2478, 345, 0),
(2479, 345, 0),
(2480, 345, 0),
(2481, 345, 0),
(2482, 345, 0),
(2483, 345, 0),
(2484, 345, 0),
(2485, 345, 0),
(2488, 334, 0),
(2488, 433, 0),
(2509, 334, 0),
(2509, 433, 0),
(2510, 213, 0),
(2510, 272, 0),
(2510, 336, 0),
(2510, 433, 0),
(2510, 435, 0),
(2527, 345, 0),
(2528, 345, 0),
(2529, 345, 0),
(2530, 345, 0),
(2531, 345, 0),
(2532, 345, 0),
(2533, 345, 0),
(2534, 345, 0),
(2535, 345, 0),
(2536, 345, 0),
(2537, 345, 0),
(2538, 345, 0),
(2539, 345, 0),
(2540, 345, 0),
(2541, 345, 0),
(2542, 345, 0),
(2543, 345, 0),
(2549, 345, 0),
(2550, 345, 0),
(2651, 272, 0),
(2651, 287, 0),
(2651, 343, 0),
(2930, 272, 0),
(2930, 287, 0),
(2930, 334, 0),
(2930, 433, 0),
(2930, 437, 0),
(2930, 462, 0),
(3566, 206, 0),
(3566, 287, 0),
(3566, 334, 0),
(3566, 433, 0),
(3566, 435, 0),
(3566, 458, 0),
(3759, 272, 0),
(3759, 334, 0),
(3759, 433, 0),
(4166, 206, 0),
(4166, 287, 0),
(4166, 334, 0),
(4166, 433, 0),
(7096, 733, 0),
(7097, 733, 0),
(7098, 733, 0),
(7099, 733, 0),
(7100, 733, 0),
(7101, 733, 0),
(7106, 733, 0),
(7135, 2, 0),
(7135, 1236, 0),
(7137, 2, 0),
(7137, 8, 0),
(7137, 1223, 0),
(7139, 2, 0),
(7139, 8, 0),
(7139, 1223, 0),
(7140, 2, 0),
(7140, 1223, 0),
(7140, 1226, 0),
(7855, 345, 0),
(7865, 345, 0),
(7866, 345, 0),
(7873, 345, 0),
(7874, 345, 0),
(7877, 345, 0),
(7878, 345, 0),
(9150, 2, 0),
(9150, 1553, 0),
(9154, 2, 0),
(9154, 1553, 0),
(9155, 2, 0),
(9155, 1554, 0),
(9157, 2, 0),
(9157, 1553, 0),
(9159, 2, 0),
(9159, 1553, 0),
(9162, 2, 0),
(9162, 1551, 0),
(9163, 2, 0),
(9163, 1553, 0),
(9167, 2, 0),
(9167, 1551, 0),
(9386, 345, 0),
(9387, 345, 0),
(9388, 345, 0),
(9389, 345, 0),
(9395, 345, 0),
(9398, 345, 0),
(9556, 1742, 0),
(9557, 1742, 0),
(9558, 1742, 0),
(9559, 1742, 0),
(9560, 1742, 0),
(9561, 1742, 0),
(9565, 206, 0),
(9565, 341, 0),
(9565, 433, 0),
(9565, 436, 0),
(9565, 1732, 0),
(9565, 1735, 0),
(9565, 1736, 0),
(9565, 1743, 0),
(9571, 206, 0),
(9571, 235, 0),
(9571, 334, 0),
(9571, 433, 0),
(9571, 437, 0),
(9571, 462, 0),
(9571, 644, 0),
(9571, 1731, 0),
(9571, 1737, 0),
(9579, 113, 0),
(9579, 172, 0),
(9579, 206, 0),
(9579, 334, 0),
(9579, 433, 0),
(9579, 436, 0),
(9579, 1731, 0),
(9579, 1737, 0),
(9583, 206, 0),
(9583, 242, 0),
(9583, 334, 0),
(9583, 433, 0),
(9583, 437, 0),
(9583, 464, 0),
(9583, 1733, 0),
(9583, 1735, 0),
(9583, 1736, 0),
(9583, 1744, 0),
(9586, 172, 0),
(9586, 206, 0),
(9586, 334, 0),
(9586, 433, 0),
(9586, 442, 0),
(9586, 470, 0),
(9586, 1731, 0),
(9586, 1737, 0),
(9634, 206, 0),
(9634, 235, 0),
(9634, 341, 0),
(9634, 433, 0),
(9634, 644, 0),
(9634, 1379, 0),
(9634, 1539, 0),
(9634, 1733, 0),
(9634, 1737, 0),
(9637, 206, 0),
(9637, 242, 0),
(9637, 334, 0),
(9637, 433, 0),
(9637, 449, 0),
(9637, 504, 0),
(9637, 644, 0),
(9637, 1379, 0),
(9637, 1732, 0),
(9637, 1737, 0),
(9641, 206, 0),
(9641, 242, 0),
(9641, 334, 0),
(9641, 433, 0),
(9641, 446, 0),
(9641, 490, 0),
(9641, 1379, 0),
(9641, 1733, 0),
(9641, 1735, 0),
(9641, 1736, 0),
(9641, 1743, 0),
(9644, 206, 0),
(9644, 242, 0),
(9644, 337, 0),
(9644, 433, 0),
(9644, 443, 0),
(9644, 478, 0),
(9644, 1379, 0),
(9644, 1475, 0),
(9644, 1733, 0),
(9644, 1738, 0),
(9648, 206, 0),
(9648, 242, 0),
(9648, 341, 0),
(9648, 433, 0),
(9648, 1475, 0),
(9648, 1539, 0),
(9648, 1732, 0),
(9648, 1738, 0),
(9652, 113, 0),
(9652, 206, 0),
(9652, 242, 0),
(9652, 334, 0),
(9652, 433, 0),
(9652, 434, 0),
(9652, 450, 0),
(9652, 1732, 0),
(9652, 1739, 0),
(9652, 1741, 0),
(9652, 1745, 0),
(9656, 206, 0),
(9656, 242, 0),
(9656, 334, 0),
(9656, 433, 0),
(9656, 434, 0),
(9656, 450, 0),
(9656, 1379, 0),
(9656, 1733, 0),
(9656, 1739, 0),
(9656, 1740, 0),
(9656, 1746, 0),
(9659, 113, 0),
(9659, 272, 0),
(9659, 334, 0),
(9659, 433, 0),
(9659, 442, 0),
(9659, 468, 0),
(9659, 1731, 0),
(9659, 1739, 0),
(9659, 1741, 0),
(9659, 1747, 0),
(9663, 206, 0),
(9663, 334, 0),
(9663, 433, 0),
(9663, 437, 0),
(9663, 461, 0),
(9663, 1379, 0),
(9663, 1475, 0),
(9663, 1733, 0),
(9663, 1738, 0);

INSERT INTO `wp_term_taxonomy` (`term_taxonomy_id`, `term_id`, `taxonomy`, `description`, `parent`, `count`) VALUES
(1, 1, 'category', '', 0, 18),
(2, 2, 'product_type', '', 0, 16),
(3, 3, 'product_type', '', 0, 0),
(4, 4, 'product_type', '', 0, 0),
(5, 5, 'product_type', '', 0, 0),
(6, 6, 'product_visibility', '', 0, 0),
(7, 7, 'product_visibility', '', 0, 0),
(8, 8, 'product_visibility', '', 0, 2),
(9, 9, 'product_visibility', '', 0, 0),
(10, 10, 'product_visibility', '', 0, 0),
(11, 11, 'product_visibility', '', 0, 0),
(12, 12, 'product_visibility', '', 0, 0),
(13, 13, 'product_visibility', '', 0, 0),
(14, 14, 'product_visibility', '', 0, 0),
(15, 15, 'post_tag', '', 0, 2),
(16, 16, 'post_tag', '', 0, 1),
(17, 17, 'post_tag', '', 0, 1),
(18, 18, 'post_tag', '', 0, 1),
(19, 19, 'post_tag', '', 0, 1),
(20, 20, 'post_tag', '', 0, 1),
(21, 21, 'post_tag', '', 0, 2),
(22, 22, 'post_tag', '', 0, 1),
(23, 23, 'post_tag', '', 0, 1),
(24, 24, 'post_tag', '', 0, 2),
(25, 25, 'post_tag', '', 0, 1),
(26, 26, 'post_tag', '', 0, 1),
(27, 27, 'post_tag', '', 0, 1),
(28, 28, 'post_tag', '', 0, 1),
(29, 29, 'post_tag', '', 0, 1),
(30, 30, 'post_tag', '', 0, 1),
(31, 31, 'post_tag', '', 0, 1),
(32, 32, 'post_tag', '', 0, 1),
(33, 33, 'post_tag', '', 0, 1),
(34, 34, 'post_tag', '', 0, 1),
(35, 35, 'post_tag', '', 0, 1),
(36, 36, 'post_tag', '', 0, 1),
(37, 37, 'post_tag', '', 0, 1),
(38, 38, 'post_tag', '', 0, 2),
(39, 39, 'post_tag', '', 0, 1),
(40, 40, 'post_tag', '', 0, 1),
(41, 41, 'post_tag', '', 0, 1),
(42, 42, 'post_tag', '', 0, 1),
(43, 43, 'post_tag', '', 0, 1),
(44, 44, 'post_tag', '', 0, 1),
(45, 45, 'post_tag', '', 0, 1),
(46, 46, 'post_tag', '', 0, 1),
(47, 47, 'post_tag', '', 0, 1),
(48, 48, 'post_tag', '', 0, 1),
(49, 49, 'post_tag', '', 0, 1),
(50, 50, 'post_tag', '', 0, 1),
(51, 51, 'post_tag', '', 0, 1),
(52, 52, 'post_tag', '', 0, 1),
(53, 53, 'post_tag', '', 0, 1),
(54, 54, 'post_tag', '', 0, 1),
(55, 55, 'post_tag', '', 0, 1),
(56, 56, 'post_tag', '', 0, 1),
(57, 57, 'post_tag', '', 0, 1),
(58, 58, 'post_tag', '', 0, 1),
(59, 59, 'post_tag', '', 0, 1),
(60, 60, 'post_tag', '', 0, 1),
(61, 61, 'post_tag', '', 0, 1),
(62, 62, 'post_tag', '', 0, 1),
(63, 63, 'post_tag', '', 0, 1),
(64, 64, 'post_tag', '', 0, 2),
(65, 65, 'post_tag', '', 0, 0),
(66, 66, 'post_tag', '', 0, 1),
(67, 67, 'post_tag', '', 0, 1),
(68, 68, 'post_tag', '', 0, 1),
(69, 69, 'post_tag', '', 0, 0),
(70, 70, 'post_tag', '', 0, 0),
(71, 71, 'post_tag', '', 0, 0),
(113, 113, 'ad_tags', '', 0, 3),
(172, 172, 'ad_tags', '', 0, 2),
(206, 206, 'ad_condition', '', 0, 13),
(213, 213, 'ad_warranty', '', 0, 0),
(235, 235, 'ad_tags', '', 0, 2),
(242, 242, 'ad_tags', '', 0, 7),
(272, 272, 'ad_condition', '', 0, 1),
(287, 287, 'ad_warranty', '', 0, 0),
(334, 334, 'ad_currency', '', 0, 10),
(335, 335, 'ad_currency', '', 0, 0),
(336, 336, 'ad_currency', '', 0, 0),
(337, 337, 'ad_currency', '', 0, 1),
(341, 341, 'ad_currency', '', 0, 3),
(342, 342, 'ad_currency', '', 0, 0),
(343, 343, 'ad_currency', '', 0, 0),
(344, 344, 'ad_currency', '', 0, 0),
(345, 345, 'nav_menu', '', 0, 56),
(433, 433, 'ad_country', '', 0, 14),
(434, 434, 'ad_country', '', 433, 2),
(435, 435, 'ad_country', '', 433, 0),
(436, 436, 'ad_country', '', 433, 2),
(437, 437, 'ad_country', '', 433, 3),
(438, 438, 'ad_country', '', 433, 0),
(439, 439, 'ad_country', '', 433, 0),
(440, 440, 'ad_country', '', 433, 0),
(441, 441, 'ad_country', '', 433, 0),
(442, 442, 'ad_country', '', 433, 2),
(443, 443, 'ad_country', '', 433, 1),
(444, 444, 'ad_country', '', 433, 0),
(445, 445, 'ad_country', '', 433, 0),
(446, 446, 'ad_country', '', 433, 1),
(447, 447, 'ad_country', '', 433, 0),
(448, 448, 'ad_country', '', 433, 0),
(449, 449, 'ad_country', '', 433, 1),
(450, 450, 'ad_country', '', 434, 2),
(451, 451, 'ad_country', '', 434, 0),
(452, 452, 'ad_country', '', 434, 0),
(453, 453, 'ad_country', '', 434, 0),
(454, 454, 'ad_country', '', 434, 0),
(455, 455, 'ad_country', '', 434, 0),
(456, 456, 'ad_country', '', 435, 0),
(457, 457, 'ad_country', '', 435, 0),
(458, 458, 'ad_country', '', 435, 0),
(459, 459, 'ad_country', '', 435, 0),
(460, 460, 'ad_country', '', 435, 0),
(461, 461, 'ad_country', '', 437, 1),
(462, 462, 'ad_country', '', 437, 1),
(463, 463, 'ad_country', '', 437, 0),
(464, 464, 'ad_country', '', 437, 1),
(465, 465, 'ad_country', '', 437, 0),
(466, 466, 'ad_country', '', 442, 0),
(467, 467, 'ad_country', '', 442, 0),
(468, 468, 'ad_country', '', 442, 1),
(469, 469, 'ad_country', '', 442, 0),
(470, 470, 'ad_country', '', 442, 1),
(471, 471, 'ad_country', '', 442, 0),
(472, 472, 'ad_country', '', 442, 0),
(473, 473, 'ad_country', '', 442, 0),
(474, 474, 'ad_country', '', 443, 0),
(475, 475, 'ad_country', '', 443, 0),
(476, 476, 'ad_country', '', 443, 0),
(477, 477, 'ad_country', '', 443, 0),
(478, 478, 'ad_country', '', 443, 1),
(479, 479, 'ad_country', '', 444, 0),
(480, 480, 'ad_country', '', 444, 0),
(481, 481, 'ad_country', '', 444, 0),
(482, 482, 'ad_country', '', 444, 0),
(483, 483, 'ad_country', '', 445, 0),
(484, 484, 'ad_country', '', 445, 0),
(485, 485, 'ad_country', '', 445, 0),
(486, 486, 'ad_country', '', 445, 0),
(487, 487, 'ad_country', '', 445, 0),
(488, 488, 'ad_country', '', 446, 0),
(489, 489, 'ad_country', '', 446, 0),
(490, 490, 'ad_country', '', 446, 1),
(491, 491, 'ad_country', '', 446, 0),
(492, 492, 'ad_country', '', 446, 0),
(493, 493, 'ad_country', '', 447, 0),
(494, 494, 'ad_country', '', 447, 0),
(495, 495, 'ad_country', '', 447, 0),
(496, 496, 'ad_country', '', 447, 0),
(497, 497, 'ad_country', '', 448, 0),
(498, 498, 'ad_country', '', 448, 0),
(499, 499, 'ad_country', '', 448, 0),
(500, 500, 'ad_country', '', 448, 0),
(501, 501, 'ad_country', '', 448, 0),
(502, 502, 'ad_country', '', 449, 0),
(503, 503, 'ad_country', '', 449, 0),
(504, 504, 'ad_country', '', 449, 1),
(505, 505, 'ad_country', '', 449, 0),
(506, 506, 'ad_country', '', 449, 0),
(507, 507, 'ad_country', '', 449, 0),
(644, 644, 'ad_tags', '', 0, 3),
(721, 721, 'sb_dynamic_form_templates', '', 0, 0),
(733, 733, 'product_cat', '', 0, 3),
(1220, 1220, 'product_cat', '', 0, 0),
(1221, 1221, 'product_cat', '', 1220, 0),
(1222, 1222, 'product_cat', '', 1220, 0),
(1223, 1223, 'product_cat', '', 1220, 4),
(1224, 1224, 'product_cat', '', 0, 0),
(1225, 1225, 'product_cat', '', 0, 0),
(1226, 1226, 'pa_color', '', 0, 1),
(1227, 1227, 'pa_color', '', 0, 1),
(1228, 1228, 'pa_color', '', 0, 0),
(1229, 1229, 'pa_size', '', 0, 0),
(1230, 1230, 'pa_size', '', 0, 0),
(1231, 1231, 'pa_size', '', 0, 0),
(1232, 1232, 'pa_color', '', 0, 0),
(1233, 1233, 'pa_color', '', 0, 0),
(1236, 1236, 'product_cat', '', 0, 1),
(1379, 1379, 'ad_tags', '', 0, 6),
(1475, 1475, 'ad_tags', '', 0, 3),
(1539, 1539, 'ad_country', '', 433, 2),
(1551, 1551, 'product_cat', '', 1224, 2),
(1552, 1552, 'product_cat', '', 0, 0),
(1553, 1553, 'product_cat', '', 0, 5),
(1554, 1554, 'product_cat', '', 0, 1),
(1729, 1729, 'sb_dynamic_form_templates', '', 0, 0),
(1731, 1731, 'ad_type', '', 0, 4),
(1732, 1732, 'ad_type', '', 0, 4),
(1733, 1733, 'ad_type', '', 0, 6),
(1734, 1734, 'ad_type', '', 0, 0),
(1735, 1735, 'ad_cats', '', 0, 3),
(1736, 1736, 'ad_cats', '', 1735, 3),
(1737, 1737, 'ad_cats', '', 0, 5),
(1738, 1738, 'ad_cats', '', 0, 3),
(1739, 1739, 'ad_cats', '', 0, 3),
(1740, 1740, 'ad_cats', '', 1739, 1),
(1741, 1741, 'ad_cats', '', 1739, 2),
(1742, 1742, 'nav_menu', '', 0, 6),
(1743, 1743, 'ad_tags', '', 0, 2),
(1744, 1744, 'ad_tags', '', 0, 1),
(1745, 1745, 'ad_tags', '', 0, 1),
(1746, 1746, 'ad_tags', '', 0, 1),
(1747, 1747, 'ad_tags', '', 0, 1),
(1748, 1748, 'category', '', 0, 3),
(1749, 1749, 'post_tag', '', 0, 1),
(1750, 1750, 'post_tag', '', 0, 1),
(1751, 1751, 'post_tag', '', 0, 1);