INSERT INTO `wp_termmeta` (`meta_id`, `term_id`, `meta_key`, `meta_value`) VALUES
(1, 79, '_sb_category_template', '721'),
(78, 733, 'product_count_product_cat', '3'),
(79, 1220, 'order', '0'),
(80, 1221, 'order', '0'),
(81, 1222, 'order', '0'),
(82, 1223, 'order', '0'),
(83, 1224, 'order', '0'),
(84, 1225, 'order', '0'),
(85, 1221, 'product_count_product_cat', '0'),
(86, 1220, 'product_count_product_cat', '4'),
(87, 1226, 'order_pa_color', '0'),
(88, 1227, 'order_pa_color', '0'),
(89, 1228, 'order_pa_color', '0'),
(90, 1229, 'order_pa_size', '0'),
(91, 1230, 'order_pa_size', '0'),
(92, 1231, 'order_pa_size', '0'),
(93, 1222, 'product_count_product_cat', '0'),
(94, 1232, 'order_pa_color', '0'),
(95, 1223, 'product_count_product_cat', '4'),
(96, 1233, 'order_pa_color', '0'),
(97, 1224, 'product_count_product_cat', '2'),
(98, 1225, 'product_count_product_cat', '0'),
(99, 1236, 'order', '0'),
(100, 1236, 'product_count_product_cat', '1'),
(116, 1551, 'order', '0'),
(117, 1551, 'product_count_product_cat', '2'),
(118, 1552, 'order', '0'),
(119, 1552, 'product_count_product_cat', '0'),
(120, 1553, 'order', '0'),
(121, 1553, 'product_count_product_cat', '5'),
(122, 1554, 'order', '0'),
(123, 1554, 'product_count_product_cat', '1'),
(154, 1585, '_sb_category_template', '721'),
(155, 1586, '_sb_category_template', ''),
(156, 1587, '_sb_category_template', ''),
(157, 1588, '_sb_category_template', ''),
(158, 1589, '_sb_category_template', ''),
(159, 1590, '_sb_category_template', ''),
(160, 1591, '_sb_category_template', ''),
(161, 1592, '_sb_category_template', ''),
(162, 1593, '_sb_category_template', ''),
(163, 1594, '_sb_category_template', ''),
(164, 1595, '_sb_category_template', ''),
(165, 1596, '_sb_category_template', ''),
(166, 1597, '_sb_category_template', ''),
(167, 1598, '_sb_category_template', ''),
(168, 1599, '_sb_category_template', ''),
(169, 1600, '_sb_category_template', ''),
(170, 1601, '_sb_category_template', ''),
(171, 1602, '_sb_category_template', ''),
(172, 1603, '_sb_category_template', ''),
(173, 1604, '_sb_category_template', ''),
(174, 1605, '_sb_category_template', ''),
(175, 1606, '_sb_category_template', ''),
(176, 1607, '_sb_category_template', ''),
(177, 1608, '_sb_category_template', ''),
(178, 1609, '_sb_category_template', ''),
(179, 1610, '_sb_category_template', ''),
(180, 1611, '_sb_category_template', ''),
(181, 1612, '_sb_category_template', ''),
(182, 1613, '_sb_category_template', ''),
(183, 1614, '_sb_category_template', ''),
(184, 1615, '_sb_category_template', ''),
(185, 1616, '_sb_category_template', ''),
(186, 1617, '_sb_category_template', ''),
(188, 1619, '_sb_category_template', ''),
(189, 1620, '_sb_category_template', ''),
(190, 1621, '_sb_category_template', ''),
(191, 1622, '_sb_category_template', ''),
(192, 1623, '_sb_category_template', ''),
(193, 1624, '_sb_category_template', ''),
(194, 1625, '_sb_category_template', ''),
(195, 1626, '_sb_category_template', ''),
(196, 1627, '_sb_category_template', '721'),
(198, 1629, '_sb_category_template', '721'),
(199, 1630, '_sb_category_template', '721'),
(201, 1632, '_sb_category_template', '721'),
(218, 1649, '_sb_category_template', ''),
(219, 1650, '_sb_category_template', ''),
(230, 1661, '_sb_category_template', ''),
(240, 1695, '_sb_category_template', ''),
(242, 1697, '_sb_category_template', ''),
(243, 1698, '_sb_category_template', ''),
(247, 1702, '_sb_category_template', ''),
(248, 1703, '_sb_category_template', ''),
(249, 1704, '_sb_category_template', ''),
(250, 1705, '_sb_category_template', ''),
(251, 1706, '_sb_category_template', ''),
(252, 721, '_sb_dynamic_form_fields', 'eyJhY3Rpb24iOiJlZGl0ZWR0YWciLCJ0YWdfSUQiOiI3MjEiLCJ0YXhvbm9teSI6InNiX2R5bmFtaWNfZm9ybV90ZW1wbGF0ZXMiLCJfd3Bfb3JpZ2luYWxfaHR0cF9yZWZlcmVyIjoiaHR0cDpcL1wvYWRmb3Jlc3Quc2NyaXB0c2J1bmRsZS5jb21cL3RlY2hmb3Jlc3RcL3dwLWFkbWluXC9lZGl0LXRhZ3MucGhwP3RheG9ub215PXNiX2R5bmFtaWNfZm9ybV90ZW1wbGF0ZXMmcG9zdF90eXBlPWFkX3Bvc3QiLCJfd3Bub25jZSI6IjM3ZWYyZmEyYzQiLCJfd3BfaHR0cF9yZWZlcmVyIjoiXC90ZWNoZm9yZXN0XC93cC1hZG1pblwvdGVybS5waHA/dGF4b25vbXk9c2JfZHluYW1pY19mb3JtX3RlbXBsYXRlcyZ0YWdfSUQ9NzIxJnBvc3RfdHlwZT1hZF9wb3N0JndwX2h0dHBfcmVmZXJlcj0lMkZ0ZWNoZm9yZXN0JTJGd3AtYWRtaW4lMkZlZGl0LXRhZ3MucGhwJTNGdGF4b25vbXklM0RzYl9keW5hbWljX2Zvcm1fdGVtcGxhdGVzJTI2cG9zdF90eXBlJTNEYWRfcG9zdCIsIm5hbWUiOiJUZWNoRm9yZXN0Iiwic2x1ZyI6InRlc3QtdGVtcGxhdGUiLCJkZXNjcmlwdGlvbiI6IiIsIl9zYl9kZWZhdWx0X2NhdF9wcmljZV9zaG93IjoiMSIsIl9zYl9kZWZhdWx0X2NhdF9wcmljZV9yZXF1aXJlZCI6IjEiLCJfc2JfZGVmYXVsdF9jYXRfcHJpY2VfdHlwZV9zaG93IjoiMSIsIl9zYl9kZWZhdWx0X2NhdF9wcmljZV90eXBlX3JlcXVpcmVkIjoiMSIsIl9zYl9kZWZhdWx0X2NhdF92aWRlb19zaG93IjoiMSIsIl9zYl9kZWZhdWx0X2NhdF92aWRlb19yZXF1aXJlZCI6IjEiLCJfc2JfZGVmYXVsdF9jYXRfdGFnc19zaG93IjoiMSIsIl9zYl9kZWZhdWx0X2NhdF90YWdzX3JlcXVpcmVkIjoiMSIsIl9zYl9kZWZhdWx0X2NhdF9pbWFnZV9zaG93IjoiMSIsIl9zYl9kZWZhdWx0X2NhdF9pbWFnZV9yZXF1aXJlZCI6IjEiLCJfc2JfZGVmYXVsdF9jYXRfY29uZGl0aW9uX3Nob3ciOiIxIiwiX3NiX2RlZmF1bHRfY2F0X2NvbmRpdGlvbl9yZXF1aXJlZCI6IjEiLCJfc2JfZGVmYXVsdF9jYXRfd2FycmFudHlfc2hvdyI6IjEiLCJfc2JfZGVmYXVsdF9jYXRfd2FycmFudHlfcmVxdWlyZWQiOiIxIiwiX3NiX2RlZmF1bHRfY2F0X2FkX3R5cGVfc2hvdyI6IjEiLCJfc2JfZGVmYXVsdF9jYXRfYWRfdHlwZV9yZXF1aXJlZCI6IjEiLCJfc2JfZHluYW1pY19mb3JtX3R5cGVzIjpbIjIiLCIyIiwiMiJdLCJfc2JfZHluYW1pY19mb3JtX2luX3NlYXJjaCI6WyJ5ZXMiLCJ5ZXMiLCJ5ZXMiXSwiX3NiX2R5bmFtaWNfZm9ybV9jb2x1bW5zIjpbIjEyIiwiMTIiLCIxMiJdLCJfc2JfZHluYW1pY19mb3JtX3JlcXVpcmVzIjpbIjEiLCIxIiwiMSJdLCJfc2JfZHluYW1pY19mb3JtX3N0YXR1cyI6WyIxIiwiMSIsIjEiXSwiX3NiX2R5bmFtaWNfZm9ybV90aXRsZXMiOlsiU2l6ZSIsIkNvbG9yIiwiV2VpZ2h0Il0sIl9zYl9keW5hbWljX2Zvcm1fc2x1Z3MiOlsibW9kZWwiLCJjb2xvciIsIm1ha2UiXSwiX3NiX2R5bmFtaWNfZm9ybV92YWx1ZXMiOlsiU2l6ZSAxfFNpemUgMnxTaXplIDN8U2l6ZSA0IiwiQ29sb3IgMXxDb2xvciAyfENvbG9yIDN8Q29sb3IgNCIsIldlaWdodCAxfFdlaWdodCAyfFdlaWdodCAzfFdlaWdodCA0Il19'),
(253, 1729, '_sb_category_template', ''),
(254, 1730, '_sb_category_template', ''),
(255, 1731, '_sb_category_template', ''),
(256, 1732, '_sb_category_template', ''),
(257, 1733, '_sb_category_template', ''),
(258, 1734, '_sb_category_template', ''),
(259, 1735, '_sb_category_template', ''),
(260, 1736, '_sb_category_template', ''),
(261, 1737, '_sb_category_template', ''),
(262, 1738, '_sb_category_template', ''),
(263, 1739, '_sb_category_template', ''),
(264, 1740, '_sb_category_template', ''),
(265, 1741, '_sb_category_template', ''),
(266, 1742, '_sb_category_template', ''),
(267, 1760, '_sb_category_template', ''),
(268, 1761, '_sb_category_template', '');

INSERT INTO `wp_terms` (`term_id`, `name`, `slug`, `term_group`) VALUES
(1, 'Uncategorized', 'uncategorized', 0),
(2, 'simple', 'simple', 0),
(3, 'grouped', 'grouped', 0),
(4, 'variable', 'variable', 0),
(5, 'external', 'external', 0),
(6, 'exclude-from-search', 'exclude-from-search', 0),
(7, 'exclude-from-catalog', 'exclude-from-catalog', 0),
(8, 'featured', 'featured', 0),
(9, 'outofstock', 'outofstock', 0),
(10, 'rated-1', 'rated-1', 0),
(11, 'rated-2', 'rated-2', 0),
(12, 'rated-3', 'rated-3', 0),
(13, 'rated-4', 'rated-4', 0),
(14, 'rated-5', 'rated-5', 0),
(15, 'accord', 'accord', 0),
(16, 'beautiful cat', 'beautiful-cat', 0),
(17, 'beautiful homes', 'beautiful-homes', 0),
(18, 'Bike', 'bike', 0),
(19, 'branded shirts', 'branded-shirts', 0),
(20, 'branded shoes', 'branded-shoes', 0),
(21, 'car', 'car', 0),
(22, 'cat', 'cat', 0),
(23, 'Cat for sale', 'cat-for-sale', 0),
(24, 'civic', 'civic', 0),
(25, 'CURREN', 'curren', 0),
(26, 'CURREN Watch', 'curren-watch', 0),
(27, 'CURREN watch for sale', 'curren-watch-for-sale', 0),
(28, 'Dell', 'dell', 0),
(29, 'Dell Laptops', 'dell-laptops', 0),
(30, 'Dell\'s Latitude', 'dells-latitude', 0),
(31, 'Dimond', 'dimond', 0),
(32, 'Ducati bike', 'ducati-bike', 0),
(33, 'Ducati Multistrada 1200 S', 'ducati-multistrada-1200-s', 0),
(34, 'Entaniya 250 Micro fisheye lenses', 'entaniya-250-micro-fisheye-lenses', 0),
(35, 'Entaniya 250 Micro fisheye lenses feature', 'entaniya-250-micro-fisheye-lenses-feature', 0),
(36, 'Galaxy C9', 'galaxy-c9', 0),
(37, 'good looking shirts', 'good-looking-shirts', 0),
(38, 'honda', 'honda', 0),
(39, 'house sale rule', 'house-sale-rule', 0),
(40, 'how to buy home', 'how-to-buy-home', 0),
(41, 'how to find a home', 'how-to-find-a-home', 0),
(42, 'i phone 7', 'i-phone-7', 0),
(43, 'i phone 7 feature', 'i-phone-7-feature', 0),
(44, 'Lamborghini Aventador', 'lamborghini-aventador', 0),
(45, 'MacBook', 'macbook', 0),
(46, 'MacBook Air', 'macbook-air', 0),
(47, 'MacBook Air 2017', 'macbook-air-2017', 0),
(48, 'MacBook Air for sale', 'macbook-air-for-sale', 0),
(49, 'men shirts', 'men-shirts', 0),
(50, 'New model ofLamborghini Aventador', 'new-model-oflamborghini-aventador', 0),
(51, 'Plated CZ Diamon rings', 'plated-cz-diamon-rings', 0),
(52, 'Properties of i phone 7', 'properties-of-i-phone-7', 0),
(53, 'purchasing any house', 'purchasing-any-house', 0),
(54, 'Rings', 'rings', 0),
(55, 'rule of purchasing any house', 'rule-of-purchasing-any-house', 0),
(56, 'Samsung', 'samsung', 0),
(57, 'shirt', 'shirt', 0),
(58, 'shoes', 'shoes', 0),
(59, 'shoes for sale', 'shoes-for-sale', 0),
(60, 'soney camera', 'soney-camera', 0),
(61, 'Soney mobiles for sale', 'soney-mobiles-for-sale', 0),
(62, 'Sony mobiles', 'sony-mobiles', 0),
(63, 'Sony Xperia XZ', 'sony-xperia-xz', 0),
(64, 'sports', 'sports', 0),
(65, 'Sports Bike 2015', 'sports-bike-2015', 0),
(66, 'stylish Lamborghini Aventador', 'stylish-lamborghini-aventador', 0),
(67, 'Unveils Galaxy C9', 'unveils-galaxy-c9', 0),
(68, 'watch', 'watch', 0),
(69, 'Yamaha', 'yamaha', 0),
(70, 'Yamaha YZF', 'yamaha-yzf', 0),
(71, 'Yamaha YZF-R3', 'yamaha-yzf-r3', 0),
(79, 'Samsung Mobiles', 'samsung-mobiles', 0),
(112, 'Buy', 'buy', 0),
(117, 'Camera', 'camera', 0),
(137, 'Dell', 'dell', 0),
(138, 'Dell laptop', 'dell-laptop', 0),
(139, 'dell laptop exchange will hp laptop', 'dell-laptop-exchange-will-hp-laptop', 0),
(149, 'Exchange', 'exchange', 0),
(162, 'Gold', 'gold', 0),
(190, 'iphone', 'iphone', 0),
(195, 'Lost and Found', 'lost-and-found', 0),
(201, 'mobile', 'mobile', 0),
(206, 'New', 'new', 0),
(213, 'No', 'no', 0),
(237, 'samsung', 'samsung', 0),
(238, 'Samsung Galaxy', 'samsung-galaxy', 0),
(240, 'Samsung Galaxy S6 Edge+', 'samsung-galaxy-s6-edge', 0),
(241, 'Sell', 'sell', 0),
(254, 'sony', 'sony', 0),
(272, 'Used', 'used', 0),
(276, 'watch', 'watch', 0),
(287, 'Yes', 'yes', 0),
(334, '$', 'aud', 0),
(335, '¥', 'cny', 0),
(336, '﷼', 'qar', 0),
(337, '₨', 'pkr', 0),
(341, '£', 'egp', 0),
(342, '₽', 'rub', 0),
(343, '฿', 'thb', 0),
(344, 'Дин', 'rsd', 0),
(345, 'Main Menu', 'main-menu', 0),
(367, 'galaxy', 'galaxy', 0),
(368, 's8', 's8', 0),
(433, 'United States', 'united-states', 0),
(434, 'Alabama', 'alabama', 0),
(435, 'Arizona', 'arizona', 0),
(436, 'Arkansas', 'arkansas', 0),
(437, 'California', 'california', 0),
(438, 'Colorado', 'colorado', 0),
(439, 'Connecticut', 'connecticut', 0),
(440, 'Delaware', 'delaware', 0),
(441, 'District of Columbia', 'district-of-columbia', 0),
(442, 'Florida', 'florida', 0),
(443, 'Georgia', 'georgia', 0),
(444, 'New Hampshire', 'new-hampshire', 0),
(445, 'New Jersey', 'new-jersey', 0),
(446, 'New Mexico', 'new-mexico', 0),
(447, 'New York', 'new-york', 0),
(448, 'North Carolina', 'north-carolina', 0),
(449, 'Washington', 'washington', 0),
(450, 'Anniston', 'anniston', 0),
(451, 'Chickasaw', 'chickasaw', 0),
(452, 'Demopolis', 'demopolis', 0),
(453, 'Enterprise', 'enterprise', 0),
(454, 'Phenix City', 'phenix-city', 0),
(455, 'Sheffield', 'sheffield', 0),
(456, 'Avondale', 'avondale', 0),
(457, 'Bisbee', 'bisbee', 0),
(458, 'Casa Grande', 'casa-grande', 0),
(459, 'Kingman', 'kingman', 0),
(460, 'Lake Havasu City', 'lake-havasu-city', 0),
(461, 'Carmel', 'carmel', 0),
(462, 'Claremont', 'claremont', 0),
(463, 'Compton', 'compton', 0),
(464, 'Costa Mesa', 'costa-mesa', 0),
(465, 'Downey', 'downey', 0),
(466, 'Belle Glade', 'belle-glade', 0),
(467, 'Boca Raton', 'boca-raton', 0),
(468, 'De Land', 'de-land', 0),
(469, 'Fort Lauderdale', 'fort-lauderdale', 0),
(470, 'Hollywood', 'hollywood', 0),
(471, 'Homestead', 'homestead', 0),
(472, 'Melbourne', 'melbourne', 0),
(473, 'Miami', 'miami', 0),
(474, 'Augusta', 'augusta', 0),
(475, 'Bainbridge', 'bainbridge', 0),
(476, 'Blairsville', 'blairsville', 0),
(477, 'Carrollton', 'carrollton', 0),
(478, 'Dalton', 'dalton', 0),
(479, 'Berlin', 'berlin', 0),
(480, 'Concord', 'concord', 0),
(481, 'Derry', 'derry', 0),
(482, 'Manchester', 'manchester', 0),
(483, 'Asbury Park', 'asbury-park', 0),
(484, 'Bloomfield', 'bloomfield', 0),
(485, 'Clifton', 'clifton', 0),
(486, 'Elizabeth', 'elizabeth', 0),
(487, 'Long Beach', 'long-beach', 0),
(488, 'Belen', 'belen', 0),
(489, 'Clovis', 'clovis', 0),
(490, 'Hobbs', 'hobbs', 0),
(491, 'Roswell', 'roswell', 0),
(492, 'Tucumcari', 'tucumcari', 0),
(493, 'Binghamton', 'binghamton', 0),
(494, 'Crown Point', 'crown-point', 0),
(495, 'Hudson', 'hudson', 0),
(496, 'Johnstown', 'johnstown', 0),
(497, 'Durham', 'durham', 0),
(498, 'Edenton', 'edenton', 0),
(499, 'Gastonia', 'gastonia', 0),
(500, 'Henderson', 'henderson', 0),
(501, 'Jacksonville', 'jacksonville', 0),
(502, 'Aberdeen', 'aberdeen', 0),
(503, 'Anacortes', 'anacortes', 0),
(504, 'Auburn', 'auburn', 0),
(505, 'Bellevue', 'bellevue', 0),
(506, 'Bellingham', 'bellingham', 0),
(507, 'Bremerton', 'bremerton', 0),
(552, 'apple', 'apple', 0),
(721, 'TechForest', 'test-template', 0),
(733, 'Uncategorized', 'uncategorized', 0),
(763, '6', '6', 0),
(1048, 'edge', 'edge', 0),
(1220, 'Clothing', 'clothing', 0),
(1221, 'Tshirts', 'tshirts', 0),
(1222, 'Hoodies', 'hoodies', 0),
(1223, 'Accessories', 'accessories', 0),
(1224, 'Music', 'music', 0),
(1225, 'Decor', 'decor', 0),
(1226, 'Blue', 'blue', 0),
(1227, 'Green', 'green', 0),
(1228, 'Red', 'red', 0),
(1229, 'Large', 'large', 0),
(1230, 'Medium', 'medium', 0),
(1231, 'Small', 'small', 0),
(1232, 'Gray', 'gray', 0),
(1233, 'Yellow', 'yellow', 0),
(1236, 'Fashion', 'fashion', 0),
(1512, 'R15', 'r15', 0),
(1539, 'Johnstown', 'johnstown-united-states', 0),
(1551, 'HeadPhones', 'headphones', 0),
(1552, 'New Laptop', 'new-laptop', 0),
(1553, 'Mobile &amp; Laptops', 'mobile-laptops', 0),
(1554, 'Camera', 'camera', 0),
(1585, 'Smart Watch', 'smart-watch', 0),
(1586, 'Huawei', 'huawei', 0),
(1587, 'Garmin', 'garmin', 0),
(1588, 'Apple', 'apple', 0),
(1589, 'Samsung', 'samsung', 0),
(1590, 'Gear S3', 'gear-s3', 0),
(1591, 'Gear Sport', 'gear-sport', 0),
(1592, 'Gear Fit2 Pro', 'gear-fit2-pro', 0),
(1593, 'Gear S3 frontier', 'gear-s3-frontier', 0),
(1594, 'Gear S3 Classic', 'gear-s3-classic', 0),
(1595, 'Gear Sport Black', 'gear-sport-black', 0),
(1596, 'Series 4', 'series-4', 0),
(1597, 'Nike+', 'nike', 0),
(1598, 'Series 3', 'series-3', 0),
(1599, 'Tactix', 'tactix', 0),
(1600, 'D2', 'd2', 0),
(1601, 'Instinct', 'instinct', 0),
(1602, 'Charlie', 'charlie', 0),
(1603, 'Delta S', 'delta-s', 0),
(1604, 'Delta', 'delta', 0),
(1605, 'Delta PX', 'delta-px', 0),
(1606, 'Graphite', 'graphite', 0),
(1607, 'GT', 'gt', 0),
(1608, 'TalkBand B5', 'talkband-b5', 0),
(1609, 'Band 3 Pro', 'band-3-pro', 0),
(1610, 'GPS Devices', 'gps-devices', 0),
(1611, 'Alpine', 'alpine', 0),
(1612, 'Kenwood', 'kenwood', 0),
(1613, 'Pioneer', 'pioneer', 0),
(1614, 'INE-W960HDMI', 'ine-w960hdmi', 0),
(1615, 'X009-FD2', 'x009-fd2', 0),
(1616, 'X009-GM2', 'x009-gm2', 0),
(1617, 'X009-RAM', 'x009-ram', 0),
(1619, 'DNX875S', 'dnx875s', 0),
(1620, 'DNX874S', 'dnx874s', 0),
(1621, 'DNX775RVS', 'dnx775rvs', 0),
(1622, 'DDX376BT', 'ddx376bt', 0),
(1623, 'AVIC-W8400NEX', 'avic-w8400nex', 0),
(1624, 'AVIC-8201NEX', 'avic-8201nex', 0),
(1625, 'AVIC-7201NEX', 'avic-7201nex', 0),
(1626, 'AVIC-W6400NEX', 'avic-w6400nex', 0),
(1627, 'Oppo Mobiles', 'oppe-mobiles', 0),
(1629, 'Oppo F Series', 'oppo-f-series', 0),
(1630, 'Oppo R Series', 'oppo-r-series', 0),
(1632, 'Oppo F9', 'oppo-f9', 0),
(1649, 'Oppo R15x', 'oppo-r15x', 0),
(1650, 'Oppo R17 Neo', 'oppo-r17-neo', 0),
(1661, 'Oppo A Series', 'oppo-a-series', 0),
(1673, 'WiFi camera', 'wifi-camera', 0),
(1679, 'Car gps devices', 'car-gps-devices', 0),
(1680, 'gps devices', 'gps-devices', 0),
(1681, 'gps system', 'gps-system', 0),
(1682, 'RadioBluetooth', 'radiobluetooth', 0),
(1683, 'Wifi', 'wifi', 0),
(1684, 'Gps device for car', 'gps-device-for-car', 0),
(1685, 'ken-wood', 'ken-wood', 0),
(1686, 'smart watch', 'smart-watch', 0),
(1687, 'apple watch', 'apple-watch', 0),
(1688, 'apple smart watch', 'apple-smart-watch', 0),
(1689, 'GPS smartwatch', 'gps-smartwatch', 0),
(1690, 'strengthened glass', 'strengthened-glass', 0),
(1695, 'VR Glasses', 'vr-glasses', 0),
(1697, 'SainSonic', 'sainsonic', 0),
(1698, 'VR Shinecon', 'vr-shinecon', 0),
(1702, 'VR Shinecon 6.0', 'vr-shinecon-6-0', 0),
(1703, 'VR Box', 'vr-box', 0),
(1704, 'vr shinecon 4.0', 'vr-shinecon-4-0', 0),
(1705, 'Cardboard V2', 'cardboard-v2', 0),
(1706, 'Glasses For IOS 4', 'glasses-for-ios-4', 0),
(1707, 'vr glasses', 'vr-glasses', 0),
(1708, 'Touchpad', 'touchpad', 0),
(1709, 'Trigger', 'trigger', 0),
(1710, '3d', '3d', 0),
(1729, 'Samsung Galaxy', 'samsung-galaxy', 0),
(1730, 'S8', 's8', 0),
(1731, 'S9', 's9', 0),
(1732, 'Samsung Note', 'samsung-note', 0),
(1733, 'Note 3', 'note-3', 0),
(1734, 'Note 8', 'note-8', 0),
(1735, 'Oppo A3', 'oppo-a3', 0),
(1736, 'Oppo A79', 'oppo-a79', 0),
(1737, 'Apple Phones', 'apple-phones', 0),
(1738, 'Iphone 5', 'iphone-5', 0),
(1739, 'Iphone 6', 'iphone-6', 0),
(1740, 'Iphone 6s', 'iphone-6s', 0),
(1741, 'Iphone 6 Plus', 'iphone-6-plus', 0),
(1742, 'Iphone 7', 'iphone-7', 0),
(1743, 'note', 'note', 0),
(1744, 's9', 's9', 0),
(1745, 'note8', 'note8', 0),
(1746, 'iphone7', 'iphone7', 0),
(1747, '5s', '5s', 0),
(1748, 'oppo', 'oppo', 0),
(1749, 'selfie', 'selfie', 0),
(1750, 'f9', 'f9', 0),
(1751, 'dual', 'dual', 0),
(1752, 'f7', 'f7', 0),
(1753, 'plus', 'plus', 0),
(1754, 'a7', 'a7', 0),
(1758, 'series', 'series', 0),
(1759, '3', '3', 0),
(1760, 'LG', 'lg', 0),
(1761, 'Motorola', 'motorola', 0),
(1762, 'services', 'services', 0),
(1763, 'Quick Links', 'quick-links', 0),
(1764, 'A8', 'a8', 0),
(1765, 'xs', 'xs', 0),
(1766, 'R9s', 'r9s', 0);

INSERT INTO `wp_term_relationships` (`object_id`, `term_taxonomy_id`, `term_order`) VALUES
(0, 201, 0),
(0, 514, 0),
(0, 552, 0),
(0, 654, 0),
(0, 739, 0),
(0, 740, 0),
(0, 741, 0),
(0, 1084, 0),
(0, 1186, 0),
(0, 1187, 0),
(0, 1188, 0),
(0, 1189, 0),
(0, 1482, 0),
(0, 1483, 0),
(0, 1484, 0),
(1, 1, 0),
(68, 2, 0),
(68, 1223, 0),
(68, 1227, 0),
(117, 137, 0),
(117, 138, 0),
(117, 139, 0),
(117, 149, 0),
(117, 213, 0),
(117, 272, 0),
(117, 337, 0),
(117, 433, 0),
(117, 442, 0),
(117, 470, 0),
(361, 112, 0),
(361, 238, 0),
(361, 240, 0),
(361, 272, 0),
(361, 287, 0),
(361, 335, 0),
(361, 433, 0),
(361, 437, 0),
(361, 465, 0),
(472, 1, 0),
(472, 15, 0),
(472, 21, 0),
(472, 24, 0),
(472, 38, 0),
(472, 64, 0),
(477, 1, 0),
(477, 15, 0),
(477, 21, 0),
(477, 24, 0),
(477, 38, 0),
(477, 64, 0),
(480, 1, 0),
(480, 61, 0),
(480, 62, 0),
(480, 63, 0),
(483, 1, 0),
(483, 45, 0),
(483, 46, 0),
(483, 47, 0),
(483, 48, 0),
(488, 1, 0),
(488, 17, 0),
(488, 40, 0),
(488, 41, 0),
(490, 1, 0),
(490, 36, 0),
(490, 56, 0),
(490, 67, 0),
(493, 1, 0),
(493, 44, 0),
(493, 50, 0),
(493, 66, 0),
(496, 1, 0),
(496, 34, 0),
(496, 35, 0),
(496, 60, 0),
(499, 1, 0),
(499, 39, 0),
(499, 53, 0),
(499, 55, 0),
(501, 1, 0),
(501, 18, 0),
(501, 32, 0),
(501, 33, 0),
(504, 1, 0),
(504, 25, 0),
(504, 26, 0),
(504, 27, 0),
(504, 68, 0),
(507, 1, 0),
(507, 20, 0),
(507, 58, 0),
(507, 59, 0),
(509, 1, 0),
(509, 42, 0),
(509, 43, 0),
(509, 52, 0),
(512, 1, 0),
(512, 19, 0),
(512, 37, 0),
(512, 49, 0),
(512, 57, 0),
(514, 1, 0),
(514, 16, 0),
(514, 22, 0),
(514, 23, 0),
(517, 1, 0),
(517, 28, 0),
(517, 29, 0),
(517, 30, 0),
(520, 1, 0),
(520, 31, 0),
(520, 51, 0),
(520, 54, 0),
(523, 1, 0),
(526, 1, 0),
(529, 1, 0),
(529, 65, 0),
(529, 69, 0),
(529, 70, 0),
(529, 71, 0),
(749, 2, 0),
(749, 733, 0),
(753, 2, 0),
(753, 733, 0),
(1085, 2, 0),
(1085, 733, 0),
(1634, 112, 0),
(1634, 206, 0),
(1634, 254, 0),
(1634, 287, 0),
(1634, 335, 0),
(1634, 433, 0),
(2313, 1, 0),
(2313, 195, 0),
(2313, 272, 0),
(2313, 287, 0),
(2348, 112, 0),
(2348, 206, 0),
(2348, 334, 0),
(2348, 433, 0),
(2353, 334, 0),
(2353, 433, 0),
(2353, 434, 0),
(2354, 272, 0),
(2354, 287, 0),
(2354, 336, 0),
(2354, 433, 0),
(2354, 435, 0),
(2354, 458, 0),
(2368, 213, 0),
(2368, 241, 0),
(2368, 272, 0),
(2368, 335, 0),
(2368, 433, 0),
(2368, 435, 0),
(2371, 241, 0),
(2371, 341, 0),
(2371, 433, 0),
(2371, 447, 0),
(2371, 495, 0),
(2433, 345, 0),
(2440, 345, 0),
(2442, 345, 0),
(2444, 345, 0),
(2447, 345, 0),
(2449, 345, 0),
(2451, 345, 0),
(2453, 345, 0),
(2455, 345, 0),
(2458, 345, 0),
(2460, 345, 0),
(2462, 345, 0),
(2467, 345, 0),
(2469, 345, 0),
(2474, 345, 0),
(2476, 345, 0),
(2478, 345, 0),
(2479, 345, 0),
(2480, 345, 0),
(2481, 345, 0),
(2482, 345, 0),
(2483, 345, 0),
(2484, 345, 0),
(2485, 345, 0),
(2488, 334, 0),
(2488, 433, 0),
(2509, 112, 0),
(2509, 334, 0),
(2509, 433, 0),
(2510, 213, 0),
(2510, 241, 0),
(2510, 272, 0),
(2510, 336, 0),
(2510, 433, 0),
(2510, 435, 0),
(2527, 345, 0),
(2528, 345, 0),
(2529, 345, 0),
(2530, 345, 0),
(2531, 345, 0),
(2532, 345, 0),
(2533, 345, 0),
(2534, 345, 0),
(2535, 345, 0),
(2536, 345, 0),
(2537, 345, 0),
(2538, 345, 0),
(2539, 345, 0),
(2540, 345, 0),
(2541, 345, 0),
(2542, 345, 0),
(2543, 345, 0),
(2549, 345, 0),
(2550, 345, 0),
(2651, 149, 0),
(2651, 272, 0),
(2651, 287, 0),
(2651, 343, 0),
(2930, 149, 0),
(2930, 272, 0),
(2930, 287, 0),
(2930, 334, 0),
(2930, 433, 0),
(2930, 437, 0),
(2930, 462, 0),
(3566, 206, 0),
(3566, 241, 0),
(3566, 287, 0),
(3566, 334, 0),
(3566, 433, 0),
(3566, 435, 0),
(3566, 458, 0),
(3759, 241, 0),
(3759, 272, 0),
(3759, 334, 0),
(3759, 433, 0),
(4166, 206, 0),
(4166, 241, 0),
(4166, 287, 0),
(4166, 334, 0),
(4166, 433, 0),
(7096, 733, 0),
(7097, 733, 0),
(7098, 733, 0),
(7099, 733, 0),
(7100, 733, 0),
(7101, 733, 0),
(7106, 733, 0),
(7135, 2, 0),
(7135, 1236, 0),
(7137, 2, 0),
(7137, 8, 0),
(7137, 1223, 0),
(7139, 2, 0),
(7139, 8, 0),
(7139, 1223, 0),
(7140, 2, 0),
(7140, 1223, 0),
(7140, 1226, 0),
(7855, 345, 0),
(7865, 345, 0),
(7866, 345, 0),
(7873, 345, 0),
(7874, 345, 0),
(7877, 345, 0),
(7878, 345, 0),
(9150, 2, 0),
(9150, 1553, 0),
(9154, 2, 0),
(9154, 1553, 0),
(9155, 2, 0),
(9155, 1554, 0),
(9157, 2, 0),
(9157, 1553, 0),
(9159, 2, 0),
(9159, 1553, 0),
(9162, 2, 0),
(9162, 1551, 0),
(9163, 2, 0),
(9163, 1553, 0),
(9167, 2, 0),
(9167, 1551, 0),
(9195, 79, 0),
(9195, 206, 0),
(9195, 237, 0),
(9195, 241, 0),
(9195, 287, 0),
(9195, 334, 0),
(9195, 433, 0),
(9195, 437, 0),
(9195, 462, 0),
(9195, 1048, 0),
(9195, 1673, 0),
(9195, 1732, 0),
(9195, 1734, 0),
(9195, 1743, 0),
(9199, 79, 0),
(9199, 112, 0),
(9199, 206, 0),
(9199, 287, 0),
(9199, 335, 0),
(9199, 367, 0),
(9199, 433, 0),
(9199, 438, 0),
(9199, 1048, 0),
(9199, 1729, 0),
(9199, 1731, 0),
(9199, 1744, 0),
(9204, 149, 0),
(9204, 272, 0),
(9204, 287, 0),
(9204, 343, 0),
(9204, 433, 0),
(9204, 436, 0),
(9204, 1610, 0),
(9204, 1611, 0),
(9204, 1614, 0),
(9204, 1679, 0),
(9204, 1680, 0),
(9204, 1681, 0),
(9208, 195, 0),
(9208, 272, 0),
(9208, 287, 0),
(9208, 334, 0),
(9208, 433, 0),
(9208, 435, 0),
(9208, 459, 0),
(9208, 1610, 0),
(9208, 1612, 0),
(9208, 1620, 0),
(9208, 1682, 0),
(9208, 1683, 0),
(9208, 1684, 0),
(9208, 1685, 0),
(9212, 195, 0),
(9212, 272, 0),
(9212, 287, 0),
(9212, 334, 0),
(9212, 433, 0),
(9212, 437, 0),
(9212, 463, 0),
(9212, 1585, 0),
(9212, 1588, 0),
(9212, 1597, 0),
(9212, 1686, 0),
(9212, 1687, 0),
(9212, 1688, 0),
(9216, 195, 0),
(9216, 206, 0),
(9216, 287, 0),
(9216, 341, 0),
(9216, 433, 0),
(9216, 438, 0),
(9216, 1585, 0),
(9216, 1587, 0),
(9216, 1601, 0),
(9216, 1606, 0),
(9216, 1686, 0),
(9216, 1689, 0),
(9216, 1690, 0),
(9220, 117, 0),
(9220, 195, 0),
(9220, 272, 0),
(9220, 287, 0),
(9220, 334, 0),
(9220, 433, 0),
(9220, 443, 0),
(9220, 478, 0),
(9220, 1627, 0),
(9220, 1629, 0),
(9220, 1748, 0),
(9220, 1749, 0),
(9220, 1752, 0),
(9220, 1753, 0),
(9226, 117, 0),
(9226, 195, 0),
(9226, 272, 0),
(9226, 287, 0),
(9226, 337, 0),
(9226, 433, 0),
(9226, 444, 0),
(9226, 482, 0),
(9226, 1627, 0),
(9226, 1629, 0),
(9226, 1632, 0),
(9226, 1748, 0),
(9226, 1749, 0),
(9226, 1750, 0),
(9226, 1751, 0),
(9235, 206, 0),
(9235, 241, 0),
(9235, 287, 0),
(9235, 334, 0),
(9235, 433, 0),
(9235, 442, 0),
(9235, 470, 0),
(9235, 1695, 0),
(9235, 1707, 0),
(9235, 1708, 0),
(9235, 1709, 0),
(9240, 149, 0),
(9240, 272, 0),
(9240, 287, 0),
(9240, 343, 0),
(9240, 433, 0),
(9240, 438, 0),
(9240, 1695, 0),
(9240, 1698, 0),
(9240, 1704, 0),
(9240, 1707, 0),
(9240, 1710, 0),
(9243, 79, 0),
(9243, 241, 0),
(9243, 272, 0),
(9243, 287, 0),
(9243, 334, 0),
(9243, 367, 0),
(9243, 368, 0),
(9243, 433, 0),
(9243, 434, 0),
(9243, 454, 0),
(9243, 1729, 0),
(9243, 1730, 0),
(9376, 112, 0),
(9376, 272, 0),
(9376, 287, 0),
(9376, 334, 0),
(9376, 433, 0),
(9376, 437, 0),
(9376, 464, 0),
(9376, 552, 0),
(9376, 1737, 0),
(9376, 1738, 0),
(9376, 1747, 0),
(9379, 79, 0),
(9379, 237, 0),
(9379, 241, 0),
(9379, 272, 0),
(9379, 287, 0),
(9379, 334, 0),
(9379, 367, 0),
(9379, 433, 0),
(9379, 438, 0),
(9379, 1732, 0),
(9379, 1734, 0),
(9379, 1745, 0),
(9383, 190, 0),
(9383, 241, 0),
(9383, 272, 0),
(9383, 287, 0),
(9383, 334, 0),
(9383, 433, 0),
(9383, 436, 0),
(9383, 552, 0),
(9383, 1737, 0),
(9383, 1742, 0),
(9383, 1746, 0),
(9386, 345, 0),
(9387, 345, 0),
(9388, 345, 0),
(9389, 345, 0),
(9395, 345, 0),
(9398, 345, 0),
(9498, 117, 0),
(9498, 213, 0),
(9498, 241, 0),
(9498, 272, 0),
(9498, 334, 0),
(9498, 433, 0),
(9498, 1627, 0),
(9498, 1630, 0),
(9498, 1650, 0),
(9498, 1748, 0),
(9498, 1749, 0),
(9503, 112, 0),
(9503, 206, 0),
(9503, 213, 0),
(9503, 276, 0),
(9503, 334, 0),
(9503, 433, 0),
(9503, 552, 0),
(9503, 1585, 0),
(9503, 1588, 0),
(9503, 1598, 0),
(9503, 1758, 0),
(9503, 1759, 0),
(9512, 112, 0),
(9512, 162, 0),
(9512, 206, 0),
(9512, 213, 0),
(9512, 334, 0),
(9512, 433, 0),
(9512, 448, 0),
(9512, 497, 0),
(9512, 1737, 0),
(9512, 1739, 0),
(9512, 1740, 0),
(9515, 213, 0),
(9515, 241, 0),
(9515, 272, 0),
(9515, 334, 0),
(9515, 433, 0),
(9515, 435, 0),
(9515, 459, 0),
(9515, 1627, 0),
(9515, 1661, 0),
(9515, 1736, 0),
(9515, 1748, 0),
(9515, 1754, 0),
(9519, 190, 0),
(9519, 206, 0),
(9519, 241, 0),
(9519, 287, 0),
(9519, 334, 0),
(9519, 433, 0),
(9519, 435, 0),
(9519, 458, 0),
(9519, 763, 0),
(9519, 1737, 0),
(9519, 1739, 0),
(9519, 1741, 0),
(9519, 1753, 0),
(9618, 1762, 0),
(9619, 1762, 0),
(9620, 1762, 0),
(9621, 1763, 0),
(9624, 1763, 0),
(9625, 1763, 0),
(9626, 1763, 0),
(9716, 79, 0),
(9716, 112, 0),
(9716, 206, 0),
(9716, 213, 0),
(9716, 237, 0),
(9716, 334, 0),
(9716, 433, 0),
(9716, 435, 0),
(9716, 457, 0),
(9716, 1729, 0),
(9716, 1764, 0),
(9720, 112, 0),
(9720, 201, 0),
(9720, 206, 0),
(9720, 213, 0),
(9720, 334, 0),
(9720, 433, 0),
(9720, 438, 0),
(9720, 1512, 0),
(9720, 1627, 0),
(9720, 1630, 0),
(9720, 1649, 0),
(9720, 1748, 0),
(9734, 112, 0),
(9734, 190, 0),
(9734, 206, 0),
(9734, 213, 0),
(9734, 334, 0),
(9734, 433, 0),
(9734, 435, 0),
(9734, 457, 0),
(9734, 1737, 0),
(9734, 1765, 0),
(9736, 241, 0),
(9736, 272, 0),
(9736, 287, 0),
(9736, 334, 0),
(9736, 433, 0),
(9736, 434, 0),
(9736, 450, 0),
(9736, 1627, 0),
(9736, 1630, 0),
(9736, 1748, 0),
(9736, 1766, 0);

INSERT INTO `wp_term_taxonomy` (`term_taxonomy_id`, `term_id`, `taxonomy`, `description`, `parent`, `count`) VALUES
(1, 1, 'category', '', 0, 21),
(2, 2, 'product_type', '', 0, 16),
(3, 3, 'product_type', '', 0, 0),
(4, 4, 'product_type', '', 0, 0),
(5, 5, 'product_type', '', 0, 0),
(6, 6, 'product_visibility', '', 0, 0),
(7, 7, 'product_visibility', '', 0, 0),
(8, 8, 'product_visibility', '', 0, 2),
(9, 9, 'product_visibility', '', 0, 0),
(10, 10, 'product_visibility', '', 0, 0),
(11, 11, 'product_visibility', '', 0, 0),
(12, 12, 'product_visibility', '', 0, 0),
(13, 13, 'product_visibility', '', 0, 0),
(14, 14, 'product_visibility', '', 0, 0),
(15, 15, 'post_tag', '', 0, 2),
(16, 16, 'post_tag', '', 0, 1),
(17, 17, 'post_tag', '', 0, 1),
(18, 18, 'post_tag', '', 0, 1),
(19, 19, 'post_tag', '', 0, 1),
(20, 20, 'post_tag', '', 0, 1),
(21, 21, 'post_tag', '', 0, 2),
(22, 22, 'post_tag', '', 0, 1),
(23, 23, 'post_tag', '', 0, 1),
(24, 24, 'post_tag', '', 0, 2),
(25, 25, 'post_tag', '', 0, 1),
(26, 26, 'post_tag', '', 0, 1),
(27, 27, 'post_tag', '', 0, 1),
(28, 28, 'post_tag', '', 0, 1),
(29, 29, 'post_tag', '', 0, 1),
(30, 30, 'post_tag', '', 0, 1),
(31, 31, 'post_tag', '', 0, 1),
(32, 32, 'post_tag', '', 0, 1),
(33, 33, 'post_tag', '', 0, 1),
(34, 34, 'post_tag', '', 0, 1),
(35, 35, 'post_tag', '', 0, 1),
(36, 36, 'post_tag', '', 0, 1),
(37, 37, 'post_tag', '', 0, 1),
(38, 38, 'post_tag', '', 0, 2),
(39, 39, 'post_tag', '', 0, 1),
(40, 40, 'post_tag', '', 0, 1),
(41, 41, 'post_tag', '', 0, 1),
(42, 42, 'post_tag', '', 0, 1),
(43, 43, 'post_tag', '', 0, 1),
(44, 44, 'post_tag', '', 0, 1),
(45, 45, 'post_tag', '', 0, 1),
(46, 46, 'post_tag', '', 0, 1),
(47, 47, 'post_tag', '', 0, 1),
(48, 48, 'post_tag', '', 0, 1),
(49, 49, 'post_tag', '', 0, 1),
(50, 50, 'post_tag', '', 0, 1),
(51, 51, 'post_tag', '', 0, 1),
(52, 52, 'post_tag', '', 0, 1),
(53, 53, 'post_tag', '', 0, 1),
(54, 54, 'post_tag', '', 0, 1),
(55, 55, 'post_tag', '', 0, 1),
(56, 56, 'post_tag', '', 0, 1),
(57, 57, 'post_tag', '', 0, 1),
(58, 58, 'post_tag', '', 0, 1),
(59, 59, 'post_tag', '', 0, 1),
(60, 60, 'post_tag', '', 0, 1),
(61, 61, 'post_tag', '', 0, 1),
(62, 62, 'post_tag', '', 0, 1),
(63, 63, 'post_tag', '', 0, 1),
(64, 64, 'post_tag', '', 0, 2),
(65, 65, 'post_tag', '', 0, 1),
(66, 66, 'post_tag', '', 0, 1),
(67, 67, 'post_tag', '', 0, 1),
(68, 68, 'post_tag', '', 0, 1),
(69, 69, 'post_tag', '', 0, 1),
(70, 70, 'post_tag', '', 0, 1),
(71, 71, 'post_tag', '', 0, 1),
(79, 79, 'ad_cats', '', 0, 5),
(112, 112, 'ad_type', '', 0, 9),
(117, 117, 'ad_tags', '', 0, 3),
(137, 137, 'ad_tags', '', 0, 1),
(138, 138, 'ad_tags', '', 0, 1),
(139, 139, 'ad_tags', '', 0, 1),
(149, 149, 'ad_type', '', 0, 3),
(162, 162, 'ad_tags', '', 0, 1),
(190, 190, 'ad_tags', '', 0, 3),
(195, 195, 'ad_type', '', 0, 5),
(201, 201, 'ad_tags', '', 0, 1),
(206, 206, 'ad_condition', '', 0, 11),
(213, 213, 'ad_warranty', '', 0, 8),
(237, 237, 'ad_tags', '', 0, 3),
(238, 238, 'ad_tags', '', 0, 1),
(240, 240, 'ad_tags', '', 0, 1),
(241, 241, 'ad_type', '', 0, 9),
(254, 254, 'ad_tags', '', 0, 1),
(272, 272, 'ad_condition', '', 0, 15),
(276, 276, 'ad_tags', '', 0, 1),
(287, 287, 'ad_warranty', '', 0, 18),
(334, 334, 'ad_currency', '', 0, 18),
(335, 335, 'ad_currency', '', 0, 3),
(336, 336, 'ad_currency', '', 0, 0),
(337, 337, 'ad_currency', '', 0, 2),
(341, 341, 'ad_currency', '', 0, 1),
(342, 342, 'ad_currency', '', 0, 0),
(343, 343, 'ad_currency', '', 0, 2),
(344, 344, 'ad_currency', '', 0, 0),
(345, 345, 'nav_menu', '', 0, 56),
(367, 367, 'ad_tags', '', 0, 3),
(368, 368, 'ad_tags', '', 0, 1),
(433, 433, 'ad_country', '', 0, 26),
(434, 434, 'ad_country', '', 433, 2),
(435, 435, 'ad_country', '', 433, 5),
(436, 436, 'ad_country', '', 433, 2),
(437, 437, 'ad_country', '', 433, 4),
(438, 438, 'ad_country', '', 433, 5),
(439, 439, 'ad_country', '', 433, 0),
(440, 440, 'ad_country', '', 433, 0),
(441, 441, 'ad_country', '', 433, 0),
(442, 442, 'ad_country', '', 433, 2),
(443, 443, 'ad_country', '', 433, 1),
(444, 444, 'ad_country', '', 433, 1),
(445, 445, 'ad_country', '', 433, 0),
(446, 446, 'ad_country', '', 433, 0),
(447, 447, 'ad_country', '', 433, 0),
(448, 448, 'ad_country', '', 433, 1),
(449, 449, 'ad_country', '', 433, 0),
(450, 450, 'ad_country', '', 434, 1),
(451, 451, 'ad_country', '', 434, 0),
(452, 452, 'ad_country', '', 434, 0),
(453, 453, 'ad_country', '', 434, 0),
(454, 454, 'ad_country', '', 434, 1),
(455, 455, 'ad_country', '', 434, 0),
(456, 456, 'ad_country', '', 435, 0),
(457, 457, 'ad_country', '', 435, 2),
(458, 458, 'ad_country', '', 435, 1),
(459, 459, 'ad_country', '', 435, 2),
(460, 460, 'ad_country', '', 435, 0),
(461, 461, 'ad_country', '', 437, 0),
(462, 462, 'ad_country', '', 437, 1),
(463, 463, 'ad_country', '', 437, 1),
(464, 464, 'ad_country', '', 437, 1),
(465, 465, 'ad_country', '', 437, 1),
(466, 466, 'ad_country', '', 442, 0),
(467, 467, 'ad_country', '', 442, 0),
(468, 468, 'ad_country', '', 442, 0),
(469, 469, 'ad_country', '', 442, 0),
(470, 470, 'ad_country', '', 442, 2),
(471, 471, 'ad_country', '', 442, 0),
(472, 472, 'ad_country', '', 442, 0),
(473, 473, 'ad_country', '', 442, 0),
(474, 474, 'ad_country', '', 443, 0),
(475, 475, 'ad_country', '', 443, 0),
(476, 476, 'ad_country', '', 443, 0),
(477, 477, 'ad_country', '', 443, 0),
(478, 478, 'ad_country', '', 443, 1),
(479, 479, 'ad_country', '', 444, 0),
(480, 480, 'ad_country', '', 444, 0),
(481, 481, 'ad_country', '', 444, 0),
(482, 482, 'ad_country', '', 444, 1),
(483, 483, 'ad_country', '', 445, 0),
(484, 484, 'ad_country', '', 445, 0),
(485, 485, 'ad_country', '', 445, 0),
(486, 486, 'ad_country', '', 445, 0),
(487, 487, 'ad_country', '', 445, 0),
(488, 488, 'ad_country', '', 446, 0),
(489, 489, 'ad_country', '', 446, 0),
(490, 490, 'ad_country', '', 446, 0),
(491, 491, 'ad_country', '', 446, 0),
(492, 492, 'ad_country', '', 446, 0),
(493, 493, 'ad_country', '', 447, 0),
(494, 494, 'ad_country', '', 447, 0),
(495, 495, 'ad_country', '', 447, 0),
(496, 496, 'ad_country', '', 447, 0),
(497, 497, 'ad_country', '', 448, 1),
(498, 498, 'ad_country', '', 448, 0),
(499, 499, 'ad_country', '', 448, 0),
(500, 500, 'ad_country', '', 448, 0),
(501, 501, 'ad_country', '', 448, 0),
(502, 502, 'ad_country', '', 449, 0),
(503, 503, 'ad_country', '', 449, 0),
(504, 504, 'ad_country', '', 449, 0),
(505, 505, 'ad_country', '', 449, 0),
(506, 506, 'ad_country', '', 449, 0),
(507, 507, 'ad_country', '', 449, 0),
(552, 552, 'ad_tags', '', 0, 3),
(721, 721, 'sb_dynamic_form_templates', '', 0, 0),
(733, 733, 'product_cat', '', 0, 3),
(763, 763, 'ad_tags', '', 0, 1),
(1048, 1048, 'ad_tags', '', 0, 2),
(1220, 1220, 'product_cat', '', 0, 0),
(1221, 1221, 'product_cat', '', 1220, 0),
(1222, 1222, 'product_cat', '', 1220, 0),
(1223, 1223, 'product_cat', '', 1220, 4),
(1224, 1224, 'product_cat', '', 0, 0),
(1225, 1225, 'product_cat', '', 0, 0),
(1226, 1226, 'pa_color', '', 0, 1),
(1227, 1227, 'pa_color', '', 0, 1),
(1228, 1228, 'pa_color', '', 0, 0),
(1229, 1229, 'pa_size', '', 0, 0),
(1230, 1230, 'pa_size', '', 0, 0),
(1231, 1231, 'pa_size', '', 0, 0),
(1232, 1232, 'pa_color', '', 0, 0),
(1233, 1233, 'pa_color', '', 0, 0),
(1236, 1236, 'product_cat', '', 0, 1),
(1512, 1512, 'ad_tags', '', 0, 1),
(1539, 1539, 'ad_country', '', 433, 0),
(1551, 1551, 'product_cat', '', 1224, 2),
(1552, 1552, 'product_cat', '', 0, 0),
(1553, 1553, 'product_cat', '', 0, 5),
(1554, 1554, 'product_cat', '', 0, 1),
(1585, 1585, 'ad_cats', '', 0, 3),
(1586, 1586, 'ad_cats', '', 1585, 0),
(1587, 1587, 'ad_cats', '', 1585, 1),
(1588, 1588, 'ad_cats', '', 1585, 2),
(1589, 1589, 'ad_cats', '', 1585, 0),
(1590, 1590, 'ad_cats', '', 1589, 0),
(1591, 1591, 'ad_cats', '', 1589, 0),
(1592, 1592, 'ad_cats', '', 1589, 0),
(1593, 1593, 'ad_cats', '', 1590, 0),
(1594, 1594, 'ad_cats', '', 1590, 0),
(1595, 1595, 'ad_cats', '', 1591, 0),
(1596, 1596, 'ad_cats', '', 1588, 0),
(1597, 1597, 'ad_cats', '', 1588, 1),
(1598, 1598, 'ad_cats', '', 1588, 1),
(1599, 1599, 'ad_cats', '', 1587, 0),
(1600, 1600, 'ad_cats', '', 1587, 0),
(1601, 1601, 'ad_cats', '', 1587, 1),
(1602, 1602, 'ad_cats', '', 1599, 0),
(1603, 1603, 'ad_cats', '', 1600, 0),
(1604, 1604, 'ad_cats', '', 1600, 0),
(1605, 1605, 'ad_cats', '', 1600, 0),
(1606, 1606, 'ad_cats', '', 1601, 1),
(1607, 1607, 'ad_cats', '', 1586, 0),
(1608, 1608, 'ad_cats', '', 1586, 0),
(1609, 1609, 'ad_cats', '', 1586, 0),
(1610, 1610, 'ad_cats', '', 0, 2),
(1611, 1611, 'ad_cats', '', 1610, 1),
(1612, 1612, 'ad_cats', '', 1610, 1),
(1613, 1613, 'ad_cats', '', 1610, 0),
(1614, 1614, 'ad_cats', '', 1611, 1),
(1615, 1615, 'ad_cats', '', 1611, 0),
(1616, 1616, 'ad_cats', '', 1611, 0),
(1617, 1617, 'ad_cats', '', 1611, 0),
(1619, 1619, 'ad_cats', '', 1612, 0),
(1620, 1620, 'ad_cats', '', 1612, 1),
(1621, 1621, 'ad_cats', '', 1612, 0),
(1622, 1622, 'ad_cats', '', 1612, 0),
(1623, 1623, 'ad_cats', '', 1613, 0),
(1624, 1624, 'ad_cats', '', 1613, 0),
(1625, 1625, 'ad_cats', '', 1613, 0),
(1626, 1626, 'ad_cats', '', 1613, 0),
(1627, 1627, 'ad_cats', '', 0, 6),
(1629, 1629, 'ad_cats', '', 1627, 2),
(1630, 1630, 'ad_cats', '', 1627, 3),
(1632, 1632, 'ad_cats', '', 1629, 1),
(1649, 1649, 'ad_cats', '', 1630, 1),
(1650, 1650, 'ad_cats', '', 1630, 1),
(1661, 1661, 'ad_cats', '', 1627, 1),
(1673, 1673, 'ad_tags', '', 0, 1),
(1679, 1679, 'ad_tags', '', 0, 1),
(1680, 1680, 'ad_tags', '', 0, 1),
(1681, 1681, 'ad_tags', '', 0, 1),
(1682, 1682, 'ad_tags', '', 0, 1),
(1683, 1683, 'ad_tags', '', 0, 1),
(1684, 1684, 'ad_tags', '', 0, 1),
(1685, 1685, 'ad_tags', '', 0, 1),
(1686, 1686, 'ad_tags', '', 0, 2),
(1687, 1687, 'ad_tags', '', 0, 1),
(1688, 1688, 'ad_tags', '', 0, 1),
(1689, 1689, 'ad_tags', '', 0, 1),
(1690, 1690, 'ad_tags', '', 0, 1),
(1695, 1695, 'ad_cats', '', 0, 2),
(1697, 1697, 'ad_cats', '', 1695, 0),
(1698, 1698, 'ad_cats', '', 1695, 1),
(1702, 1702, 'ad_cats', '', 1698, 0),
(1703, 1703, 'ad_cats', '', 1698, 0),
(1704, 1704, 'ad_cats', '', 1698, 1),
(1705, 1705, 'ad_cats', '', 1697, 0),
(1706, 1706, 'ad_cats', '', 1705, 0),
(1707, 1707, 'ad_tags', '', 0, 2),
(1708, 1708, 'ad_tags', '', 0, 1),
(1709, 1709, 'ad_tags', '', 0, 1),
(1710, 1710, 'ad_tags', '', 0, 1),
(1729, 1729, 'ad_cats', '', 79, 3),
(1730, 1730, 'ad_cats', '', 1729, 1),
(1731, 1731, 'ad_cats', '', 1729, 1),
(1732, 1732, 'ad_cats', '', 79, 2),
(1733, 1733, 'ad_cats', '', 1732, 0),
(1734, 1734, 'ad_cats', '', 1732, 2),
(1735, 1735, 'ad_cats', '', 1661, 0),
(1736, 1736, 'ad_cats', '', 1661, 1),
(1737, 1737, 'ad_cats', '', 0, 5),
(1738, 1738, 'ad_cats', '', 1737, 1),
(1739, 1739, 'ad_cats', '', 1737, 2),
(1740, 1740, 'ad_cats', '', 1739, 1),
(1741, 1741, 'ad_cats', '', 1739, 1),
(1742, 1742, 'ad_cats', '', 1737, 1),
(1743, 1743, 'ad_tags', '', 0, 1),
(1744, 1744, 'ad_tags', '', 0, 1),
(1745, 1745, 'ad_tags', '', 0, 1),
(1746, 1746, 'ad_tags', '', 0, 1),
(1747, 1747, 'ad_tags', '', 0, 1),
(1748, 1748, 'ad_tags', '', 0, 6),
(1749, 1749, 'ad_tags', '', 0, 3),
(1750, 1750, 'ad_tags', '', 0, 1),
(1751, 1751, 'ad_tags', '', 0, 1),
(1752, 1752, 'ad_tags', '', 0, 1),
(1753, 1753, 'ad_tags', '', 0, 2),
(1754, 1754, 'ad_tags', '', 0, 1),
(1758, 1758, 'ad_tags', '', 0, 1),
(1759, 1759, 'ad_tags', '', 0, 1),
(1760, 1760, 'ad_cats', '', 0, 0),
(1761, 1761, 'ad_cats', '', 0, 0),
(1762, 1762, 'nav_menu', '', 0, 3),
(1763, 1763, 'nav_menu', '', 0, 4),
(1764, 1764, 'ad_tags', '', 0, 1),
(1765, 1765, 'ad_tags', '', 0, 1),
(1766, 1766, 'ad_tags', '', 0, 1);