INSERT INTO `wp_termmeta` (`meta_id`, `term_id`, `meta_key`, `meta_value`) VALUES
(78, 733, 'product_count_product_cat', '3'),
(87, 1226, 'order_pa_color', '0'),
(88, 1227, 'order_pa_color', '0'),
(89, 1228, 'order_pa_color', '0'),
(90, 1229, 'order_pa_size', '0'),
(91, 1230, 'order_pa_size', '0'),
(92, 1231, 'order_pa_size', '0'),
(94, 1232, 'order_pa_color', '0'),
(96, 1233, 'order_pa_color', '0'),
(117, 1574, '_sb_category_template', '1598'),
(118, 1575, '_sb_category_template', '1598'),
(119, 1576, '_sb_category_template', '1598'),
(120, 1577, '_sb_category_template', '1598'),
(121, 1578, '_sb_category_template', '1598'),
(122, 1579, '_sb_category_template', '1598'),
(124, 1581, '_sb_category_template', '1598'),
(125, 1582, 'order', '0'),
(126, 1582, 'display_type', ''),
(127, 1582, 'thumbnail_id', '0'),
(128, 1583, 'order', '0'),
(129, 1583, 'display_type', ''),
(130, 1583, 'thumbnail_id', '0'),
(131, 1584, 'order', '0'),
(132, 1584, 'display_type', ''),
(133, 1584, 'thumbnail_id', '0'),
(134, 1585, 'order', '0'),
(135, 1585, 'display_type', ''),
(136, 1585, 'thumbnail_id', '0'),
(137, 1586, 'order', '0'),
(138, 1586, 'display_type', ''),
(139, 1586, 'thumbnail_id', '0'),
(140, 1582, 'product_count_product_cat', '2'),
(141, 1583, 'product_count_product_cat', '1'),
(142, 1584, 'product_count_product_cat', '2'),
(143, 1587, 'order', '0'),
(144, 1587, 'display_type', ''),
(145, 1587, 'thumbnail_id', '0'),
(146, 1587, 'product_count_product_cat', '1'),
(147, 1586, 'product_count_product_cat', '1'),
(148, 1585, 'product_count_product_cat', '1'),
(149, 1588, 'order', '0'),
(150, 1588, 'display_type', ''),
(151, 1588, 'thumbnail_id', '0'),
(152, 1588, 'product_count_product_cat', '4'),
(153, 1592, '_sb_category_template', '1598'),
(154, 1593, '_sb_category_template', ''),
(155, 1594, '_sb_category_template', ''),
(156, 1595, '_sb_category_template', ''),
(157, 1596, '_sb_category_template', ''),
(158, 1597, '_sb_category_template', ''),
(159, 1598, '_sb_dynamic_form_fields', 'eyJhY3Rpb24iOiJlZGl0ZWR0YWciLCJ0YWdfSUQiOiIxNTk4IiwidGF4b25vbXkiOiJzYl9keW5hbWljX2Zvcm1fdGVtcGxhdGVzIiwiX3dwX29yaWdpbmFsX2h0dHBfcmVmZXJlciI6Imh0dHA6XC9cL2FkZm9yZXN0LnNjcmlwdHNidW5kbGUuY29tXC9zcG9ydHMtZm9yZXN0XC93cC1hZG1pblwvZWRpdC10YWdzLnBocD90YXhvbm9teT1zYl9keW5hbWljX2Zvcm1fdGVtcGxhdGVzJnBvc3RfdHlwZT1hZF9wb3N0IiwiX3dwbm9uY2UiOiJiZjMxNzRiZGY5IiwiX3dwX2h0dHBfcmVmZXJlciI6Ilwvc3BvcnRzLWZvcmVzdFwvd3AtYWRtaW5cL3Rlcm0ucGhwP3RheG9ub215PXNiX2R5bmFtaWNfZm9ybV90ZW1wbGF0ZXMmdGFnX0lEPTE1OTgmcG9zdF90eXBlPWFkX3Bvc3Qmd3BfaHR0cF9yZWZlcmVyPSUyRnNwb3J0cy1mb3Jlc3QlMkZ3cC1hZG1pbiUyRmVkaXQtdGFncy5waHAlM0Z0YXhvbm9teSUzRHNiX2R5bmFtaWNfZm9ybV90ZW1wbGF0ZXMlMjZwb3N0X3R5cGUlM0RhZF9wb3N0IiwibmFtZSI6IlRlbXBsYXRlMSIsInNsdWciOiJ0ZW1wbGF0ZTEiLCJkZXNjcmlwdGlvbiI6IiIsIl9zYl9kZWZhdWx0X2NhdF9wcmljZV9zaG93IjoiMSIsIl9zYl9kZWZhdWx0X2NhdF9wcmljZV9yZXF1aXJlZCI6IjEiLCJfc2JfZGVmYXVsdF9jYXRfcHJpY2VfdHlwZV9zaG93IjoiMSIsIl9zYl9kZWZhdWx0X2NhdF9wcmljZV90eXBlX3JlcXVpcmVkIjoiMSIsIl9zYl9kZWZhdWx0X2NhdF92aWRlb19zaG93IjoiMSIsIl9zYl9kZWZhdWx0X2NhdF92aWRlb19yZXF1aXJlZCI6IjAiLCJfc2JfZGVmYXVsdF9jYXRfdGFnc19zaG93IjoiMSIsIl9zYl9kZWZhdWx0X2NhdF90YWdzX3JlcXVpcmVkIjoiMSIsIl9zYl9kZWZhdWx0X2NhdF9pbWFnZV9zaG93IjoiMSIsIl9zYl9kZWZhdWx0X2NhdF9pbWFnZV9yZXF1aXJlZCI6IjEiLCJfc2JfZGVmYXVsdF9jYXRfY29uZGl0aW9uX3Nob3ciOiIxIiwiX3NiX2RlZmF1bHRfY2F0X2NvbmRpdGlvbl9yZXF1aXJlZCI6IjEiLCJfc2JfZGVmYXVsdF9jYXRfd2FycmFudHlfc2hvdyI6IjEiLCJfc2JfZGVmYXVsdF9jYXRfd2FycmFudHlfcmVxdWlyZWQiOiIxIiwiX3NiX2RlZmF1bHRfY2F0X2FkX3R5cGVfc2hvdyI6IjEiLCJfc2JfZGVmYXVsdF9jYXRfYWRfdHlwZV9yZXF1aXJlZCI6IjEiLCJfc2JfZHluYW1pY19mb3JtX3R5cGVzIjpbIjciLCIyIiwiMiJdLCJfc2JfZHluYW1pY19mb3JtX2luX3NlYXJjaCI6WyJ5ZXMiLCJ5ZXMiLCJ5ZXMiXSwiX3NiX2R5bmFtaWNfZm9ybV9jb2x1bW5zIjpbIjEyIiwiMTIiLCIxMiJdLCJfc2JfZHluYW1pY19mb3JtX3JlcXVpcmVzIjpbIjEiLCIxIiwiMSJdLCJfc2JfZHluYW1pY19mb3JtX3N0YXR1cyI6WyIxIiwiMSIsIjEiXSwiX3NiX2R5bmFtaWNfZm9ybV90aXRsZXMiOlsiSXRlbSBDb2xvciIsIkl0ZW0gU2l6ZSIsIkJyYW5kIl0sIl9zYl9keW5hbWljX2Zvcm1fc2x1Z3MiOlsiaXRlbV9jb2xvciIsIml0ZW1fc2l6ZSIsImJyYW5kIl0sIl9zYl9keW5hbWljX2Zvcm1fdmFsdWVzIjpbIiNmZmY6V2hpdGV8IzAwMDpCbGFja3wjQzBDMEMwOlNpbHZlcnwjQTUyQTJBOkJyb3dufCMwMDgwMDA6R3JlZW58IzAwMDBGRjpCbHVlIiwiU21hbGx8TWVkaXVtfExhcmdlfFhMIiwiQWRpZGFzfEJIfENhcmx0b258RGlzbmV5fEdyYXkgTmljb2xsc3xOaWtlfGtpcHBheHxQdW1hIl19'),
(160, 1599, '_sb_category_template', ''),
(161, 1600, '_sb_category_template', ''),
(162, 1601, '_sb_category_template', ''),
(163, 1602, '_sb_category_template', ''),
(164, 1603, '_sb_category_template', ''),
(165, 1604, '_sb_category_template', ''),
(166, 1605, '_sb_category_template', ''),
(167, 1606, '_sb_category_template', ''),
(168, 1607, '_sb_category_template', ''),
(169, 1608, '_sb_category_template', ''),
(170, 1609, '_sb_category_template', ''),
(171, 1610, '_sb_category_template', ''),
(172, 1611, '_sb_category_template', ''),
(173, 1612, '_sb_category_template', ''),
(174, 1613, '_sb_category_template', ''),
(175, 1614, '_sb_category_template', ''),
(176, 1615, '_sb_category_template', ''),
(177, 1616, '_sb_category_template', ''),
(179, 1630, '_sb_category_template', '');

INSERT INTO `wp_terms` (`term_id`, `name`, `slug`, `term_group`) VALUES
(1, 'Uncategorized', 'uncategorized', 0),
(2, 'simple', 'simple', 0),
(3, 'grouped', 'grouped', 0),
(4, 'variable', 'variable', 0),
(5, 'external', 'external', 0),
(6, 'exclude-from-search', 'exclude-from-search', 0),
(7, 'exclude-from-catalog', 'exclude-from-catalog', 0),
(8, 'featured', 'featured', 0),
(9, 'outofstock', 'outofstock', 0),
(10, 'rated-1', 'rated-1', 0),
(11, 'rated-2', 'rated-2', 0),
(12, 'rated-3', 'rated-3', 0),
(13, 'rated-4', 'rated-4', 0),
(14, 'rated-5', 'rated-5', 0),
(15, 'accord', 'accord', 0),
(16, 'beautiful cat', 'beautiful-cat', 0),
(17, 'beautiful homes', 'beautiful-homes', 0),
(18, 'Bike', 'bike', 0),
(19, 'branded shirts', 'branded-shirts', 0),
(20, 'branded shoes', 'branded-shoes', 0),
(21, 'car', 'car', 0),
(22, 'cat', 'cat', 0),
(23, 'Cat for sale', 'cat-for-sale', 0),
(24, 'civic', 'civic', 0),
(25, 'CURREN', 'curren', 0),
(26, 'CURREN Watch', 'curren-watch', 0),
(27, 'CURREN watch for sale', 'curren-watch-for-sale', 0),
(28, 'Dell', 'dell', 0),
(29, 'Dell Laptops', 'dell-laptops', 0),
(30, 'Dell\'s Latitude', 'dells-latitude', 0),
(31, 'Dimond', 'dimond', 0),
(32, 'Ducati bike', 'ducati-bike', 0),
(33, 'Ducati Multistrada 1200 S', 'ducati-multistrada-1200-s', 0),
(34, 'Entaniya 250 Micro fisheye lenses', 'entaniya-250-micro-fisheye-lenses', 0),
(35, 'Entaniya 250 Micro fisheye lenses feature', 'entaniya-250-micro-fisheye-lenses-feature', 0),
(36, 'Galaxy C9', 'galaxy-c9', 0),
(37, 'good looking shirts', 'good-looking-shirts', 0),
(38, 'honda', 'honda', 0),
(39, 'house sale rule', 'house-sale-rule', 0),
(40, 'how to buy home', 'how-to-buy-home', 0),
(41, 'how to find a home', 'how-to-find-a-home', 0),
(42, 'i phone 7', 'i-phone-7', 0),
(43, 'i phone 7 feature', 'i-phone-7-feature', 0),
(44, 'Lamborghini Aventador', 'lamborghini-aventador', 0),
(45, 'MacBook', 'macbook', 0),
(46, 'MacBook Air', 'macbook-air', 0),
(47, 'MacBook Air 2017', 'macbook-air-2017', 0),
(48, 'MacBook Air for sale', 'macbook-air-for-sale', 0),
(49, 'men shirts', 'men-shirts', 0),
(50, 'New model ofLamborghini Aventador', 'new-model-oflamborghini-aventador', 0),
(51, 'Plated CZ Diamon rings', 'plated-cz-diamon-rings', 0),
(52, 'Properties of i phone 7', 'properties-of-i-phone-7', 0),
(53, 'purchasing any house', 'purchasing-any-house', 0),
(54, 'Rings', 'rings', 0),
(55, 'rule of purchasing any house', 'rule-of-purchasing-any-house', 0),
(56, 'Samsung', 'samsung', 0),
(57, 'shirt', 'shirt', 0),
(58, 'shoes', 'shoes', 0),
(59, 'shoes for sale', 'shoes-for-sale', 0),
(60, 'soney camera', 'soney-camera', 0),
(61, 'Soney mobiles for sale', 'soney-mobiles-for-sale', 0),
(62, 'Sony mobiles', 'sony-mobiles', 0),
(63, 'Sony Xperia XZ', 'sony-xperia-xz', 0),
(64, 'sports', 'sports', 0),
(65, 'Sports Bike 2015', 'sports-bike-2015', 0),
(66, 'stylish Lamborghini Aventador', 'stylish-lamborghini-aventador', 0),
(67, 'Unveils Galaxy C9', 'unveils-galaxy-c9', 0),
(68, 'watch', 'watch', 0),
(69, 'Yamaha', 'yamaha', 0),
(70, 'Yamaha YZF', 'yamaha-yzf', 0),
(71, 'Yamaha YZF-R3', 'yamaha-yzf-r3', 0),
(206, 'New', 'new', 0),
(213, 'No', 'no', 0),
(251, 'Shoes', 'shoes', 0),
(272, 'Used', 'used', 0),
(287, 'Yes', 'yes', 0),
(334, '$', 'aud', 0),
(335, '¥', 'cny', 0),
(336, '﷼', 'qar', 0),
(337, '₨', 'pkr', 0),
(341, '£', 'egp', 0),
(342, '₽', 'rub', 0),
(343, '฿', 'thb', 0),
(344, 'Дин', 'rsd', 0),
(345, 'Main Menu', 'main-menu', 0),
(433, 'United States', 'united-states', 0),
(434, 'Alabama', 'alabama', 0),
(435, 'Arizona', 'arizona', 0),
(436, 'Arkansas', 'arkansas', 0),
(437, 'California', 'california', 0),
(438, 'Colorado', 'colorado', 0),
(439, 'Connecticut', 'connecticut', 0),
(440, 'Delaware', 'delaware', 0),
(441, 'District of Columbia', 'district-of-columbia', 0),
(442, 'Florida', 'florida', 0),
(443, 'Georgia', 'georgia', 0),
(444, 'New Hampshire', 'new-hampshire', 0),
(445, 'New Jersey', 'new-jersey', 0),
(446, 'New Mexico', 'new-mexico', 0),
(447, 'New York', 'new-york', 0),
(448, 'North Carolina', 'north-carolina', 0),
(449, 'Washington', 'washington', 0),
(450, 'Anniston', 'anniston', 0),
(451, 'Chickasaw', 'chickasaw', 0),
(452, 'Demopolis', 'demopolis', 0),
(453, 'Enterprise', 'enterprise', 0),
(454, 'Phenix City', 'phenix-city', 0),
(455, 'Sheffield', 'sheffield', 0),
(456, 'Avondale', 'avondale', 0),
(457, 'Bisbee', 'bisbee', 0),
(458, 'Casa Grande', 'casa-grande', 0),
(459, 'Kingman', 'kingman', 0),
(460, 'Lake Havasu City', 'lake-havasu-city', 0),
(461, 'Carmel', 'carmel', 0),
(462, 'Claremont', 'claremont', 0),
(463, 'Compton', 'compton', 0),
(464, 'Costa Mesa', 'costa-mesa', 0),
(465, 'Downey', 'downey', 0),
(466, 'Belle Glade', 'belle-glade', 0),
(467, 'Boca Raton', 'boca-raton', 0),
(468, 'De Land', 'de-land', 0),
(469, 'Fort Lauderdale', 'fort-lauderdale', 0),
(470, 'Hollywood', 'hollywood', 0),
(471, 'Homestead', 'homestead', 0),
(472, 'Melbourne', 'melbourne', 0),
(473, 'Miami', 'miami', 0),
(474, 'Augusta', 'augusta', 0),
(475, 'Bainbridge', 'bainbridge', 0),
(476, 'Blairsville', 'blairsville', 0),
(477, 'Carrollton', 'carrollton', 0),
(478, 'Dalton', 'dalton', 0),
(479, 'Berlin', 'berlin', 0),
(480, 'Concord', 'concord', 0),
(481, 'Derry', 'derry', 0),
(482, 'Manchester', 'manchester', 0),
(483, 'Asbury Park', 'asbury-park', 0),
(484, 'Bloomfield', 'bloomfield', 0),
(485, 'Clifton', 'clifton', 0),
(486, 'Elizabeth', 'elizabeth', 0),
(487, 'Long Beach', 'long-beach', 0),
(488, 'Belen', 'belen', 0),
(489, 'Clovis', 'clovis', 0),
(490, 'Hobbs', 'hobbs', 0),
(491, 'Roswell', 'roswell', 0),
(492, 'Tucumcari', 'tucumcari', 0),
(493, 'Binghamton', 'binghamton', 0),
(494, 'Crown Point', 'crown-point', 0),
(495, 'Hudson', 'hudson', 0),
(496, 'Johnstown', 'johnstown', 0),
(497, 'Durham', 'durham', 0),
(498, 'Edenton', 'edenton', 0),
(499, 'Gastonia', 'gastonia', 0),
(500, 'Henderson', 'henderson', 0),
(501, 'Jacksonville', 'jacksonville', 0),
(502, 'Aberdeen', 'aberdeen', 0),
(503, 'Anacortes', 'anacortes', 0),
(504, 'Auburn', 'auburn', 0),
(505, 'Bellevue', 'bellevue', 0),
(506, 'Bellingham', 'bellingham', 0),
(507, 'Bremerton', 'bremerton', 0),
(733, 'Uncategorized', 'uncategorized', 0),
(758, 'bat', 'bat', 0),
(1226, 'Blue', 'blue', 0),
(1227, 'Green', 'green', 0),
(1228, 'Red', 'red', 0),
(1229, 'Large', 'large', 0),
(1230, 'Medium', 'medium', 0),
(1231, 'Small', 'small', 0),
(1232, 'Gray', 'gray', 0),
(1233, 'Yellow', 'yellow', 0),
(1541, 'Canada', 'canada', 0),
(1542, 'India', 'india', 0),
(1543, 'Paksitan', 'paksitan', 0),
(1544, 'Italy', 'italy', 0),
(1545, 'Germany', 'germany', 0),
(1546, 'Malaysia', 'malaysia', 0),
(1547, 'Wedding', 'wedding', 0),
(1574, 'Cricket', 'cricket', 0),
(1575, 'Football', 'football', 0),
(1576, 'Hockey', 'hockey', 0),
(1577, 'Wrestling', 'wrestling', 0),
(1578, 'Table', 'table', 0),
(1579, 'Badminton', 'badminton', 0),
(1581, 'Cycle', 'cycle', 0),
(1582, 'Cricket', 'cricket', 0),
(1583, 'Football', 'football', 0),
(1584, 'Hockey', 'hockey', 0),
(1585, 'Cycle', 'cycle', 0),
(1586, 'Badminton', 'badminton', 0),
(1587, 'Table Tennis', 'table-tennis', 0),
(1588, 'Sports', 'sports', 0),
(1589, 'cricket', 'cricket', 0),
(1590, 'Buy', 'buy', 0),
(1591, 'Sell', 'sell', 0),
(1592, 'Gym', 'gym', 0),
(1593, 'Cricket Bats', 'cricket-bats', 0),
(1594, 'Gloves', 'gloves', 0),
(1595, 'Cricket Balls', 'cricket-balls', 0),
(1596, 'Batting Pads', 'batting-pads', 0),
(1597, 'Footware', 'footware', 0),
(1598, 'Template1', 'template1', 0),
(1599, 'Football Socks', 'football-socks', 0),
(1600, 'Training Aids', 'training-aids', 0),
(1601, 'Training Wear', 'training-wear', 0),
(1602, 'Gloves &amp; Clothing', 'gloves-clothing', 0),
(1603, 'Football Shoes', 'football-shoes', 0),
(1604, 'Helmet', 'helmet', 0),
(1605, 'Stick Accessories', 'stick-accessories', 0),
(1606, 'Badminton Rackets', 'badminton-rackets', 0),
(1607, 'Badminton Shoes', 'badminton-shoes', 0),
(1608, 'Shuttlecocks', 'shuttlecocks', 0),
(1609, 'Accessories &amp; Equipment', 'accessories-equipment', 0),
(1610, 'Tummy Trimmer', 'tummy-trimmer', 0),
(1611, 'Bands', 'bands', 0),
(1612, 'Weights and Dumbbells', 'weights-and-dumbbells', 0),
(1613, 'Rackets', 'rackets', 0),
(1614, 'Tables &amp; Nets', 'tables-nets', 0),
(1615, 'Bmx Bikes', 'bmx-bikes', 0),
(1616, 'Wrestling Accessories', 'wrestling-accessories', 0),
(1617, 'Football', 'football', 0),
(1618, 'Exercise', 'exercise', 0),
(1619, 'Weight', 'weight', 0),
(1620, 'gym', 'gym', 0),
(1621, 'Hockey', 'hockey', 0),
(1622, 'sticks', 'sticks', 0),
(1623, 'badminton', 'badminton', 0),
(1624, 'racket', 'racket', 0),
(1625, 'shuttlecock', 'shuttlecock', 0),
(1626, 'cycling', 'cycling', 0),
(1627, 'sports', 'sports', 0),
(1628, 'table tennis', 'table-tennis', 0),
(1630, 'Basketball', 'basketball', 0);

INSERT INTO `wp_term_relationships` (`object_id`, `term_taxonomy_id`, `term_order`) VALUES
(0, 201, 0),
(0, 514, 0),
(0, 552, 0),
(0, 654, 0),
(0, 739, 0),
(0, 740, 0),
(0, 741, 0),
(0, 1084, 0),
(0, 1186, 0),
(0, 1187, 0),
(0, 1188, 0),
(0, 1189, 0),
(0, 1482, 0),
(0, 1483, 0),
(0, 1484, 0),
(507, 1, 0),
(507, 20, 0),
(507, 58, 0),
(507, 59, 0),
(520, 1, 0),
(520, 31, 0),
(520, 51, 0),
(520, 54, 0),
(523, 1, 0),
(749, 2, 0),
(749, 733, 0),
(753, 2, 0),
(753, 14, 0),
(753, 733, 0),
(1085, 2, 0),
(1085, 13, 0),
(1085, 733, 0),
(2313, 272, 0),
(2313, 287, 0),
(2348, 206, 0),
(2348, 334, 0),
(2348, 433, 0),
(2353, 334, 0),
(2353, 433, 0),
(2353, 434, 0),
(2354, 272, 0),
(2354, 287, 0),
(2354, 336, 0),
(2354, 433, 0),
(2354, 435, 0),
(2354, 458, 0),
(2368, 213, 0),
(2368, 272, 0),
(2368, 335, 0),
(2368, 433, 0),
(2368, 435, 0),
(2371, 341, 0),
(2371, 433, 0),
(2371, 447, 0),
(2371, 495, 0),
(2433, 345, 0),
(2436, 345, 0),
(2438, 345, 0),
(2440, 345, 0),
(2442, 345, 0),
(2444, 345, 0),
(2447, 345, 0),
(2449, 345, 0),
(2451, 345, 0),
(2453, 345, 0),
(2455, 345, 0),
(2458, 345, 0),
(2460, 345, 0),
(2462, 345, 0),
(2464, 345, 0),
(2467, 345, 0),
(2469, 345, 0),
(2474, 345, 0),
(2476, 345, 0),
(2478, 345, 0),
(2479, 345, 0),
(2480, 345, 0),
(2481, 345, 0),
(2482, 345, 0),
(2483, 345, 0),
(2484, 345, 0),
(2485, 345, 0),
(2488, 334, 0),
(2488, 433, 0),
(2509, 334, 0),
(2509, 433, 0),
(2510, 213, 0),
(2510, 272, 0),
(2510, 336, 0),
(2510, 433, 0),
(2510, 435, 0),
(2531, 345, 0),
(2532, 345, 0),
(2533, 345, 0),
(2534, 345, 0),
(2535, 345, 0),
(2536, 345, 0),
(2537, 345, 0),
(2538, 345, 0),
(2539, 345, 0),
(2540, 345, 0),
(2541, 345, 0),
(2542, 345, 0),
(2549, 345, 0),
(2550, 345, 0),
(2651, 272, 0),
(2651, 287, 0),
(2651, 343, 0),
(2930, 272, 0),
(2930, 287, 0),
(2930, 334, 0),
(2930, 433, 0),
(2930, 437, 0),
(2930, 462, 0),
(3566, 206, 0),
(3566, 287, 0),
(3566, 334, 0),
(3566, 433, 0),
(3566, 435, 0),
(3566, 458, 0),
(3759, 272, 0),
(3759, 334, 0),
(3759, 433, 0),
(4166, 206, 0),
(4166, 287, 0),
(4166, 334, 0),
(4166, 433, 0),
(7096, 733, 0),
(7097, 733, 0),
(7098, 733, 0),
(7099, 733, 0),
(7100, 733, 0),
(7101, 733, 0),
(7106, 733, 0),
(7215, 345, 0),
(7855, 345, 0),
(7865, 345, 0),
(7866, 345, 0),
(9163, 206, 0),
(9163, 213, 0),
(9163, 334, 0),
(9163, 433, 0),
(9163, 434, 0),
(9163, 454, 0),
(9163, 758, 0),
(9163, 1574, 0),
(9163, 1589, 0),
(9163, 1591, 0),
(9180, 206, 0),
(9180, 213, 0),
(9180, 334, 0),
(9180, 433, 0),
(9180, 435, 0),
(9180, 457, 0),
(9180, 1575, 0),
(9180, 1591, 0),
(9197, 1, 0),
(9201, 345, 0),
(9202, 345, 0),
(9205, 345, 0),
(9206, 345, 0),
(9207, 345, 0),
(9208, 345, 0),
(9209, 345, 0),
(9210, 345, 0),
(9211, 345, 0),
(9212, 345, 0),
(9213, 345, 0),
(9254, 1547, 0),
(9257, 1547, 0),
(9315, 2, 0),
(9315, 1588, 0),
(9329, 2, 0),
(9329, 1584, 0),
(9330, 2, 0),
(9330, 1588, 0),
(9331, 2, 0),
(9331, 1588, 0),
(9332, 2, 0),
(9332, 1588, 0),
(9333, 2, 0),
(9333, 1582, 0),
(9336, 2, 0),
(9336, 1585, 0),
(9337, 2, 0),
(9337, 1586, 0),
(9338, 2, 0),
(9338, 1587, 0),
(9339, 2, 0),
(9339, 1583, 0),
(9340, 2, 0),
(9340, 1584, 0),
(9341, 2, 0),
(9341, 1582, 0),
(9515, 206, 0),
(9515, 213, 0),
(9515, 251, 0),
(9515, 334, 0),
(9515, 1541, 0),
(9515, 1575, 0),
(9515, 1591, 0),
(9515, 1603, 0),
(9515, 1617, 0),
(9520, 206, 0),
(9520, 287, 0),
(9520, 341, 0),
(9520, 433, 0),
(9520, 434, 0),
(9520, 453, 0),
(9520, 1591, 0),
(9520, 1592, 0),
(9520, 1612, 0),
(9520, 1618, 0),
(9520, 1619, 0),
(9520, 1620, 0),
(9523, 206, 0),
(9523, 287, 0),
(9523, 334, 0),
(9523, 433, 0),
(9523, 437, 0),
(9523, 461, 0),
(9523, 1576, 0),
(9523, 1590, 0),
(9523, 1605, 0),
(9523, 1621, 0),
(9523, 1622, 0),
(9527, 206, 0),
(9527, 213, 0),
(9527, 334, 0),
(9527, 433, 0),
(9527, 437, 0),
(9527, 465, 0),
(9527, 1579, 0),
(9527, 1591, 0),
(9527, 1609, 0),
(9527, 1623, 0),
(9527, 1624, 0),
(9527, 1625, 0),
(9531, 213, 0),
(9531, 272, 0),
(9531, 334, 0),
(9531, 433, 0),
(9531, 435, 0),
(9531, 459, 0),
(9531, 1581, 0),
(9531, 1591, 0),
(9531, 1615, 0),
(9531, 1626, 0),
(9531, 1627, 0),
(9535, 206, 0),
(9535, 213, 0),
(9535, 334, 0),
(9535, 433, 0),
(9535, 445, 0),
(9535, 485, 0),
(9535, 1578, 0),
(9535, 1591, 0),
(9535, 1614, 0),
(9535, 1627, 0),
(9535, 1628, 0);

INSERT INTO `wp_term_taxonomy` (`term_taxonomy_id`, `term_id`, `taxonomy`, `description`, `parent`, `count`) VALUES
(1, 1, 'category', '', 0, 4),
(2, 2, 'product_type', '', 0, 15),
(3, 3, 'product_type', '', 0, 0),
(4, 4, 'product_type', '', 0, 0),
(5, 5, 'product_type', '', 0, 0),
(6, 6, 'product_visibility', '', 0, 0),
(7, 7, 'product_visibility', '', 0, 0),
(8, 8, 'product_visibility', '', 0, 0),
(9, 9, 'product_visibility', '', 0, 0),
(10, 10, 'product_visibility', '', 0, 0),
(11, 11, 'product_visibility', '', 0, 0),
(12, 12, 'product_visibility', '', 0, 0),
(13, 13, 'product_visibility', '', 0, 1),
(14, 14, 'product_visibility', '', 0, 1),
(15, 15, 'post_tag', '', 0, 0),
(16, 16, 'post_tag', '', 0, 0),
(17, 17, 'post_tag', '', 0, 0),
(18, 18, 'post_tag', '', 0, 0),
(19, 19, 'post_tag', '', 0, 0),
(20, 20, 'post_tag', '', 0, 1),
(21, 21, 'post_tag', '', 0, 0),
(22, 22, 'post_tag', '', 0, 0),
(23, 23, 'post_tag', '', 0, 0),
(24, 24, 'post_tag', '', 0, 0),
(25, 25, 'post_tag', '', 0, 0),
(26, 26, 'post_tag', '', 0, 0),
(27, 27, 'post_tag', '', 0, 0),
(28, 28, 'post_tag', '', 0, 0),
(29, 29, 'post_tag', '', 0, 0),
(30, 30, 'post_tag', '', 0, 0),
(31, 31, 'post_tag', '', 0, 1),
(32, 32, 'post_tag', '', 0, 0),
(33, 33, 'post_tag', '', 0, 0),
(34, 34, 'post_tag', '', 0, 0),
(35, 35, 'post_tag', '', 0, 0),
(36, 36, 'post_tag', '', 0, 0),
(37, 37, 'post_tag', '', 0, 0),
(38, 38, 'post_tag', '', 0, 0),
(39, 39, 'post_tag', '', 0, 0),
(40, 40, 'post_tag', '', 0, 0),
(41, 41, 'post_tag', '', 0, 0),
(42, 42, 'post_tag', '', 0, 0),
(43, 43, 'post_tag', '', 0, 0),
(44, 44, 'post_tag', '', 0, 0),
(45, 45, 'post_tag', '', 0, 0),
(46, 46, 'post_tag', '', 0, 0),
(47, 47, 'post_tag', '', 0, 0),
(48, 48, 'post_tag', '', 0, 0),
(49, 49, 'post_tag', '', 0, 0),
(50, 50, 'post_tag', '', 0, 0),
(51, 51, 'post_tag', '', 0, 1),
(52, 52, 'post_tag', '', 0, 0),
(53, 53, 'post_tag', '', 0, 0),
(54, 54, 'post_tag', '', 0, 1),
(55, 55, 'post_tag', '', 0, 0),
(56, 56, 'post_tag', '', 0, 0),
(57, 57, 'post_tag', '', 0, 0),
(58, 58, 'post_tag', '', 0, 1),
(59, 59, 'post_tag', '', 0, 1),
(60, 60, 'post_tag', '', 0, 0),
(61, 61, 'post_tag', '', 0, 0),
(62, 62, 'post_tag', '', 0, 0),
(63, 63, 'post_tag', '', 0, 0),
(64, 64, 'post_tag', '', 0, 0),
(65, 65, 'post_tag', '', 0, 0),
(66, 66, 'post_tag', '', 0, 0),
(67, 67, 'post_tag', '', 0, 0),
(68, 68, 'post_tag', '', 0, 0),
(69, 69, 'post_tag', '', 0, 0),
(70, 70, 'post_tag', '', 0, 0),
(71, 71, 'post_tag', '', 0, 0),
(206, 206, 'ad_condition', '', 0, 7),
(213, 213, 'ad_warranty', '', 0, 6),
(251, 251, 'ad_tags', '', 0, 1),
(272, 272, 'ad_condition', '', 0, 1),
(287, 287, 'ad_warranty', '', 0, 2),
(334, 334, 'ad_currency', '', 0, 7),
(335, 335, 'ad_currency', '', 0, 0),
(336, 336, 'ad_currency', '', 0, 0),
(337, 337, 'ad_currency', '', 0, 0),
(341, 341, 'ad_currency', '', 0, 1),
(342, 342, 'ad_currency', '', 0, 0),
(343, 343, 'ad_currency', '', 0, 0),
(344, 344, 'ad_currency', '', 0, 0),
(345, 345, 'nav_menu', '', 0, 56),
(433, 433, 'ad_country', '', 0, 7),
(434, 434, 'ad_country', '', 433, 2),
(435, 435, 'ad_country', '', 433, 2),
(436, 436, 'ad_country', '', 433, 0),
(437, 437, 'ad_country', '', 433, 2),
(438, 438, 'ad_country', '', 433, 0),
(439, 439, 'ad_country', '', 433, 0),
(440, 440, 'ad_country', '', 433, 0),
(441, 441, 'ad_country', '', 433, 0),
(442, 442, 'ad_country', '', 433, 0),
(443, 443, 'ad_country', '', 433, 0),
(444, 444, 'ad_country', '', 433, 0),
(445, 445, 'ad_country', '', 433, 1),
(446, 446, 'ad_country', '', 433, 0),
(447, 447, 'ad_country', '', 433, 0),
(448, 448, 'ad_country', '', 433, 0),
(449, 449, 'ad_country', '', 433, 0),
(450, 450, 'ad_country', '', 434, 0),
(451, 451, 'ad_country', '', 434, 0),
(452, 452, 'ad_country', '', 434, 0),
(453, 453, 'ad_country', '', 434, 1),
(454, 454, 'ad_country', '', 434, 1),
(455, 455, 'ad_country', '', 434, 0),
(456, 456, 'ad_country', '', 435, 0),
(457, 457, 'ad_country', '', 435, 1),
(458, 458, 'ad_country', '', 435, 0),
(459, 459, 'ad_country', '', 435, 1),
(460, 460, 'ad_country', '', 435, 0),
(461, 461, 'ad_country', '', 437, 1),
(462, 462, 'ad_country', '', 437, 0),
(463, 463, 'ad_country', '', 437, 0),
(464, 464, 'ad_country', '', 437, 0),
(465, 465, 'ad_country', '', 437, 1),
(466, 466, 'ad_country', '', 442, 0),
(467, 467, 'ad_country', '', 442, 0),
(468, 468, 'ad_country', '', 442, 0),
(469, 469, 'ad_country', '', 442, 0),
(470, 470, 'ad_country', '', 442, 0),
(471, 471, 'ad_country', '', 442, 0),
(472, 472, 'ad_country', '', 442, 0),
(473, 473, 'ad_country', '', 442, 0),
(474, 474, 'ad_country', '', 443, 0),
(475, 475, 'ad_country', '', 443, 0),
(476, 476, 'ad_country', '', 443, 0),
(477, 477, 'ad_country', '', 443, 0),
(478, 478, 'ad_country', '', 443, 0),
(479, 479, 'ad_country', '', 444, 0),
(480, 480, 'ad_country', '', 444, 0),
(481, 481, 'ad_country', '', 444, 0),
(482, 482, 'ad_country', '', 444, 0),
(483, 483, 'ad_country', '', 445, 0),
(484, 484, 'ad_country', '', 445, 0),
(485, 485, 'ad_country', '', 445, 1),
(486, 486, 'ad_country', '', 445, 0),
(487, 487, 'ad_country', '', 445, 0),
(488, 488, 'ad_country', '', 446, 0),
(489, 489, 'ad_country', '', 446, 0),
(490, 490, 'ad_country', '', 446, 0),
(491, 491, 'ad_country', '', 446, 0),
(492, 492, 'ad_country', '', 446, 0),
(493, 493, 'ad_country', '', 447, 0),
(494, 494, 'ad_country', '', 447, 0),
(495, 495, 'ad_country', '', 447, 0),
(496, 496, 'ad_country', '', 447, 0),
(497, 497, 'ad_country', '', 448, 0),
(498, 498, 'ad_country', '', 448, 0),
(499, 499, 'ad_country', '', 448, 0),
(500, 500, 'ad_country', '', 448, 0),
(501, 501, 'ad_country', '', 448, 0),
(502, 502, 'ad_country', '', 449, 0),
(503, 503, 'ad_country', '', 449, 0),
(504, 504, 'ad_country', '', 449, 0),
(505, 505, 'ad_country', '', 449, 0),
(506, 506, 'ad_country', '', 449, 0),
(507, 507, 'ad_country', '', 449, 0),
(733, 733, 'product_cat', '', 0, 3),
(758, 758, 'ad_tags', '', 0, 1),
(1226, 1226, 'pa_color', '', 0, 0),
(1227, 1227, 'pa_color', '', 0, 0),
(1228, 1228, 'pa_color', '', 0, 0),
(1229, 1229, 'pa_size', '', 0, 0),
(1230, 1230, 'pa_size', '', 0, 0),
(1231, 1231, 'pa_size', '', 0, 0),
(1232, 1232, 'pa_color', '', 0, 0),
(1233, 1233, 'pa_color', '', 0, 0),
(1541, 1541, 'ad_country', '', 0, 1),
(1542, 1542, 'ad_country', '', 0, 0),
(1543, 1543, 'ad_country', '', 0, 0),
(1544, 1544, 'ad_country', '', 0, 0),
(1545, 1545, 'ad_country', '', 0, 0),
(1546, 1546, 'ad_country', '', 0, 0),
(1547, 1547, 'category', '', 0, 2),
(1574, 1574, 'ad_cats', '', 0, 1),
(1575, 1575, 'ad_cats', '', 0, 2),
(1576, 1576, 'ad_cats', '', 0, 1),
(1577, 1577, 'ad_cats', '', 0, 0),
(1578, 1578, 'ad_cats', '', 0, 1),
(1579, 1579, 'ad_cats', '', 0, 1),
(1581, 1581, 'ad_cats', '', 0, 1),
(1582, 1582, 'product_cat', '', 0, 2),
(1583, 1583, 'product_cat', '', 0, 1),
(1584, 1584, 'product_cat', '', 0, 2),
(1585, 1585, 'product_cat', '', 0, 1),
(1586, 1586, 'product_cat', '', 0, 1),
(1587, 1587, 'product_cat', '', 0, 1),
(1588, 1588, 'product_cat', '', 0, 4),
(1589, 1589, 'ad_tags', '', 0, 1),
(1590, 1590, 'ad_type', '', 0, 1),
(1591, 1591, 'ad_type', '', 0, 7),
(1592, 1592, 'ad_cats', '', 0, 1),
(1593, 1593, 'ad_cats', '', 1574, 0),
(1594, 1594, 'ad_cats', '', 1574, 0),
(1595, 1595, 'ad_cats', '', 1574, 0),
(1596, 1596, 'ad_cats', '', 1574, 0),
(1597, 1597, 'ad_cats', '', 1574, 0),
(1598, 1598, 'sb_dynamic_form_templates', '', 0, 0),
(1599, 1599, 'ad_cats', '', 1575, 0),
(1600, 1600, 'ad_cats', '', 1575, 0),
(1601, 1601, 'ad_cats', '', 1575, 0),
(1602, 1602, 'ad_cats', '', 1575, 0),
(1603, 1603, 'ad_cats', '', 1575, 1),
(1604, 1604, 'ad_cats', '', 1576, 0),
(1605, 1605, 'ad_cats', '', 1576, 1),
(1606, 1606, 'ad_cats', '', 1579, 0),
(1607, 1607, 'ad_cats', '', 1579, 0),
(1608, 1608, 'ad_cats', '', 1579, 0),
(1609, 1609, 'ad_cats', '', 1579, 1),
(1610, 1610, 'ad_cats', '', 1592, 0),
(1611, 1611, 'ad_cats', '', 1592, 0),
(1612, 1612, 'ad_cats', '', 1592, 1),
(1613, 1613, 'ad_cats', '', 1578, 0),
(1614, 1614, 'ad_cats', '', 1578, 1),
(1615, 1615, 'ad_cats', '', 1581, 1),
(1616, 1616, 'ad_cats', '', 1577, 0),
(1617, 1617, 'ad_tags', '', 0, 1),
(1618, 1618, 'ad_tags', '', 0, 1),
(1619, 1619, 'ad_tags', '', 0, 1),
(1620, 1620, 'ad_tags', '', 0, 1),
(1621, 1621, 'ad_tags', '', 0, 1),
(1622, 1622, 'ad_tags', '', 0, 1),
(1623, 1623, 'ad_tags', '', 0, 1),
(1624, 1624, 'ad_tags', '', 0, 1),
(1625, 1625, 'ad_tags', '', 0, 1),
(1626, 1626, 'ad_tags', '', 0, 1),
(1627, 1627, 'ad_tags', '', 0, 2),
(1628, 1628, 'ad_tags', '', 0, 1),
(1630, 1630, 'ad_cats', '', 0, 0);