INSERT INTO `wp_termmeta` (`meta_id`, `term_id`, `meta_key`, `meta_value`) VALUES (1, 79, '_sb_category_template', '721'), (3, 102, '_sb_category_template', '721'), (7, 126, '_sb_category_template', ''), (13, 166, '_sb_category_template', ''), (17, 198, '_sb_category_template', '721'), (36, 291, '_sb_category_template', '721'), (37, 292, '_sb_category_template', '721'), (40, 295, '_sb_category_template', '721'), (41, 296, '_sb_category_template', NULL), (42, 297, '_sb_category_template', '721'), (78, 733, 'product_count_product_cat', '3'), (79, 1220, 'order', '0'), (80, 1221, 'order', '0'), (81, 1222, 'order', '0'), (82, 1223, 'order', '0'), (83, 1224, 'order', '0'), (84, 1225, 'order', '0'), (85, 1221, 'product_count_product_cat', '0'), (86, 1220, 'product_count_product_cat', '4'), (87, 1226, 'order_pa_color', '0'), (88, 1227, 'order_pa_color', '0'), (89, 1228, 'order_pa_color', '0'), (90, 1229, 'order_pa_size', '0'), (91, 1230, 'order_pa_size', '0'), (92, 1231, 'order_pa_size', '0'), (93, 1222, 'product_count_product_cat', '0'), (94, 1232, 'order_pa_color', '0'), (95, 1223, 'product_count_product_cat', '4'), (96, 1233, 'order_pa_color', '0'), (97, 1224, 'product_count_product_cat', '2'), (98, 1225, 'product_count_product_cat', '0'), (99, 1236, 'order', '0'), (100, 1236, 'product_count_product_cat', '1'), (116, 1551, 'order', '0'), (117, 1551, 'product_count_product_cat', '2'), (118, 1552, 'order', '0'), (119, 1552, 'product_count_product_cat', '0'), (120, 1553, 'order', '0'), (121, 1553, 'product_count_product_cat', '5'), (122, 1554, 'order', '0'), (123, 1554, 'product_count_product_cat', '1'), (125, 1556, '_sb_category_template', ''), (126, 1557, '_sb_category_template', ''), (127, 1558, '_sb_category_template', ''), (128, 1559, '_sb_category_template', ''), (129, 1560, '_sb_category_template', ''), (130, 1561, '_sb_category_template', ''), (131, 1562, '_sb_category_template', ''), (132, 1563, '_sb_category_template', ''), (133, 1564, '_sb_category_template', '721'), (134, 1565, '_sb_category_template', ''), (135, 1566, '_sb_category_template', ''), (136, 1567, '_sb_category_template', ''), (137, 1568, '_sb_category_template', ''), (138, 1569, '_sb_category_template', ''), (139, 1570, '_sb_category_template', ''), (140, 1571, '_sb_category_template', ''), (141, 1572, '_sb_category_template', ''), (142, 1573, '_sb_category_template', ''), (143, 1574, '_sb_category_template', ''), (144, 1575, '_sb_category_template', '721'), (145, 1576, '_sb_category_template', ''), (146, 1577, '_sb_category_template', ''), (147, 1578, '_sb_category_template', '721'), (148, 1579, '_sb_category_template', ''), (149, 1580, '_sb_category_template', ''), (150, 1581, '_sb_category_template', ''), (151, 1582, '_sb_category_template', ''), (152, 1583, '_sb_category_template', ''), (153, 1584, '_sb_category_template', ''), (154, 1585, '_sb_category_template', '721'), (155, 1586, '_sb_category_template', ''), (156, 1587, '_sb_category_template', ''), (157, 1588, '_sb_category_template', ''), (158, 1589, '_sb_category_template', ''), (159, 1590, '_sb_category_template', ''), (160, 1591, '_sb_category_template', ''), (161, 1592, '_sb_category_template', ''), (162, 1593, '_sb_category_template', ''), (163, 1594, '_sb_category_template', ''), (164, 1595, '_sb_category_template', ''), (165, 1596, '_sb_category_template', ''), (166, 1597, '_sb_category_template', ''), (167, 1598, '_sb_category_template', ''), (168, 1599, '_sb_category_template', ''), (169, 1600, '_sb_category_template', ''), (170, 1601, '_sb_category_template', ''), (171, 1602, '_sb_category_template', ''), (172, 1603, '_sb_category_template', ''), (173, 1604, '_sb_category_template', ''), (174, 1605, '_sb_category_template', ''), (175, 1606, '_sb_category_template', ''), (176, 1607, '_sb_category_template', ''), (177, 1608, '_sb_category_template', ''), (178, 1609, '_sb_category_template', ''), (179, 1610, '_sb_category_template', ''), (180, 1611, '_sb_category_template', ''), (181, 1612, '_sb_category_template', ''), (182, 1613, '_sb_category_template', ''), (183, 1614, '_sb_category_template', ''), (184, 1615, '_sb_category_template', ''), (185, 1616, '_sb_category_template', ''), (186, 1617, '_sb_category_template', ''), (188, 1619, '_sb_category_template', ''), (189, 1620, '_sb_category_template', ''), (190, 1621, '_sb_category_template', ''), (191, 1622, '_sb_category_template', ''), (192, 1623, '_sb_category_template', ''), (193, 1624, '_sb_category_template', ''), (194, 1625, '_sb_category_template', ''), (195, 1626, '_sb_category_template', ''), (196, 1627, '_sb_category_template', '721'), (198, 1629, '_sb_category_template', '721'), (199, 1630, '_sb_category_template', '721'), (200, 1631, '_sb_category_template', ''), (201, 1632, '_sb_category_template', '721'), (202, 1633, '_sb_category_template', ''), (203, 1634, '_sb_category_template', ''), (204, 1635, '_sb_category_template', ''), (205, 1636, '_sb_category_template', ''), (206, 1637, '_sb_category_template', ''), (207, 1638, '_sb_category_template', ''), (208, 1639, '_sb_category_template', ''), (209, 1640, '_sb_category_template', ''), (210, 1641, '_sb_category_template', ''), (211, 1642, '_sb_category_template', ''), (212, 1643, '_sb_category_template', ''), (213, 1644, '_sb_category_template', ''), (214, 1645, '_sb_category_template', ''), (215, 1646, '_sb_category_template', '721'), (216, 1647, '_sb_category_template', ''), (217, 1648, '_sb_category_template', ''), (218, 1649, '_sb_category_template', ''), (219, 1650, '_sb_category_template', ''), (220, 1651, '_sb_category_template', ''), (221, 1652, '_sb_category_template', ''), (222, 1653, '_sb_category_template', ''), (223, 1654, '_sb_category_template', ''), (224, 1655, '_sb_category_template', ''), (225, 1656, '_sb_category_template', ''), (226, 1657, '_sb_category_template', ''), (227, 1658, '_sb_category_template', ''), (228, 1659, '_sb_category_template', ''), (229, 1660, '_sb_category_template', ''), (230, 1661, '_sb_category_template', ''), (231, 1662, '_sb_category_template', ''), (232, 1663, '_sb_category_template', ''), (233, 1664, '_sb_category_template', ''), (234, 1665, '_sb_category_template', ''), (235, 1666, '_sb_category_template', ''), (236, 1667, '_sb_category_template', ''), (237, 1668, '_sb_category_template', ''), (238, 1669, '_sb_category_template', ''), (239, 1670, '_sb_category_template', ''), (240, 1695, '_sb_category_template', ''), (241, 1696, '_sb_category_template', ''), (242, 1697, '_sb_category_template', ''), (243, 1698, '_sb_category_template', ''), (244, 1699, '_sb_category_template', ''), (245, 1700, '_sb_category_template', ''), (246, 1701, '_sb_category_template', ''), (247, 1702, '_sb_category_template', ''), (248, 1703, '_sb_category_template', ''), (249, 1704, '_sb_category_template', ''), (250, 1705, '_sb_category_template', ''), (251, 1706, '_sb_category_template', ''), (252, 721, '_sb_dynamic_form_fields', 'eyJhY3Rpb24iOiJlZGl0ZWR0YWciLCJ0YWdfSUQiOiI3MjEiLCJ0YXhvbm9teSI6InNiX2R5bmFtaWNfZm9ybV90ZW1wbGF0ZXMiLCJfd3Bfb3JpZ2luYWxfaHR0cF9yZWZlcmVyIjoiaHR0cDpcL1wvYWRmb3Jlc3Quc2NyaXB0c2J1bmRsZS5jb21cL3RlY2hmb3Jlc3RcL3dwLWFkbWluXC9lZGl0LXRhZ3MucGhwP3RheG9ub215PXNiX2R5bmFtaWNfZm9ybV90ZW1wbGF0ZXMmcG9zdF90eXBlPWFkX3Bvc3QiLCJfd3Bub25jZSI6IjM3ZWYyZmEyYzQiLCJfd3BfaHR0cF9yZWZlcmVyIjoiXC90ZWNoZm9yZXN0XC93cC1hZG1pblwvdGVybS5waHA/dGF4b25vbXk9c2JfZHluYW1pY19mb3JtX3RlbXBsYXRlcyZ0YWdfSUQ9NzIxJnBvc3RfdHlwZT1hZF9wb3N0JndwX2h0dHBfcmVmZXJlcj0lMkZ0ZWNoZm9yZXN0JTJGd3AtYWRtaW4lMkZlZGl0LXRhZ3MucGhwJTNGdGF4b25vbXklM0RzYl9keW5hbWljX2Zvcm1fdGVtcGxhdGVzJTI2cG9zdF90eXBlJTNEYWRfcG9zdCIsIm5hbWUiOiJUZWNoRm9yZXN0Iiwic2x1ZyI6InRlc3QtdGVtcGxhdGUiLCJkZXNjcmlwdGlvbiI6IiIsIl9zYl9kZWZhdWx0X2NhdF9wcmljZV9zaG93IjoiMSIsIl9zYl9kZWZhdWx0X2NhdF9wcmljZV9yZXF1aXJlZCI6IjEiLCJfc2JfZGVmYXVsdF9jYXRfcHJpY2VfdHlwZV9zaG93IjoiMSIsIl9zYl9kZWZhdWx0X2NhdF9wcmljZV90eXBlX3JlcXVpcmVkIjoiMSIsIl9zYl9kZWZhdWx0X2NhdF92aWRlb19zaG93IjoiMSIsIl9zYl9kZWZhdWx0X2NhdF92aWRlb19yZXF1aXJlZCI6IjEiLCJfc2JfZGVmYXVsdF9jYXRfdGFnc19zaG93IjoiMSIsIl9zYl9kZWZhdWx0X2NhdF90YWdzX3JlcXVpcmVkIjoiMSIsIl9zYl9kZWZhdWx0X2NhdF9pbWFnZV9zaG93IjoiMSIsIl9zYl9kZWZhdWx0X2NhdF9pbWFnZV9yZXF1aXJlZCI6IjEiLCJfc2JfZGVmYXVsdF9jYXRfY29uZGl0aW9uX3Nob3ciOiIxIiwiX3NiX2RlZmF1bHRfY2F0X2NvbmRpdGlvbl9yZXF1aXJlZCI6IjEiLCJfc2JfZGVmYXVsdF9jYXRfd2FycmFudHlfc2hvdyI6IjEiLCJfc2JfZGVmYXVsdF9jYXRfd2FycmFudHlfcmVxdWlyZWQiOiIxIiwiX3NiX2RlZmF1bHRfY2F0X2FkX3R5cGVfc2hvdyI6IjEiLCJfc2JfZGVmYXVsdF9jYXRfYWRfdHlwZV9yZXF1aXJlZCI6IjEiLCJfc2JfZHluYW1pY19mb3JtX3R5cGVzIjpbIjIiLCIyIiwiMiJdLCJfc2JfZHluYW1pY19mb3JtX2luX3NlYXJjaCI6WyJ5ZXMiLCJ5ZXMiLCJ5ZXMiXSwiX3NiX2R5bmFtaWNfZm9ybV9jb2x1bW5zIjpbIjEyIiwiMTIiLCIxMiJdLCJfc2JfZHluYW1pY19mb3JtX3JlcXVpcmVzIjpbIjEiLCIxIiwiMSJdLCJfc2JfZHluYW1pY19mb3JtX3N0YXR1cyI6WyIxIiwiMSIsIjEiXSwiX3NiX2R5bmFtaWNfZm9ybV90aXRsZXMiOlsiU2l6ZSIsIkNvbG9yIiwiV2VpZ2h0Il0sIl9zYl9keW5hbWljX2Zvcm1fc2x1Z3MiOlsibW9kZWwiLCJjb2xvciIsIm1ha2UiXSwiX3NiX2R5bmFtaWNfZm9ybV92YWx1ZXMiOlsiU2l6ZSAxfFNpemUgMnxTaXplIDN8U2l6ZSA0IiwiQ29sb3IgMXxDb2xvciAyfENvbG9yIDN8Q29sb3IgNCIsIldlaWdodCAxfFdlaWdodCAyfFdlaWdodCAzfFdlaWdodCA0Il19');   

INSERT INTO `wp_terms` (`term_id`, `name`, `slug`, `term_group`) VALUES (1, 'Uncategorized', 'uncategorized', 0), (2, 'simple', 'simple', 0), (3, 'grouped', 'grouped', 0), (4, 'variable', 'variable', 0), (5, 'external', 'external', 0), (6, 'exclude-from-search', 'exclude-from-search', 0), (7, 'exclude-from-catalog', 'exclude-from-catalog', 0), (8, 'featured', 'featured', 0), (9, 'outofstock', 'outofstock', 0), (10, 'rated-1', 'rated-1', 0), (11, 'rated-2', 'rated-2', 0), (12, 'rated-3', 'rated-3', 0), (13, 'rated-4', 'rated-4', 0), (14, 'rated-5', 'rated-5', 0), (15, 'accord', 'accord', 0), (16, 'beautiful cat', 'beautiful-cat', 0), (17, 'beautiful homes', 'beautiful-homes', 0), (18, 'Bike', 'bike', 0), (19, 'branded shirts', 'branded-shirts', 0), (20, 'branded shoes', 'branded-shoes', 0), (21, 'car', 'car', 0), (22, 'cat', 'cat', 0), (23, 'Cat for sale', 'cat-for-sale', 0), (24, 'civic', 'civic', 0), (25, 'CURREN', 'curren', 0), (26, 'CURREN Watch', 'curren-watch', 0), (27, 'CURREN watch for sale', 'curren-watch-for-sale', 0), (28, 'Dell', 'dell', 0), (29, 'Dell Laptops', 'dell-laptops', 0), (30, 'Dell\'s Latitude', 'dells-latitude', 0), (31, 'Dimond', 'dimond', 0), (32, 'Ducati bike', 'ducati-bike', 0), (33, 'Ducati Multistrada 1200 S', 'ducati-multistrada-1200-s', 0), (34, 'Entaniya 250 Micro fisheye lenses', 'entaniya-250-micro-fisheye-lenses', 0), (35, 'Entaniya 250 Micro fisheye lenses feature', 'entaniya-250-micro-fisheye-lenses-feature', 0), (36, 'Galaxy C9', 'galaxy-c9', 0), (37, 'good looking shirts', 'good-looking-shirts', 0), (38, 'honda', 'honda', 0), (39, 'house sale rule', 'house-sale-rule', 0), (40, 'how to buy home', 'how-to-buy-home', 0), (41, 'how to find a home', 'how-to-find-a-home', 0), (42, 'i phone 7', 'i-phone-7', 0), (43, 'i phone 7 feature', 'i-phone-7-feature', 0), (44, 'Lamborghini Aventador', 'lamborghini-aventador', 0), (45, 'MacBook', 'macbook', 0), (46, 'MacBook Air', 'macbook-air', 0), (47, 'MacBook Air 2017', 'macbook-air-2017', 0), (48, 'MacBook Air for sale', 'macbook-air-for-sale', 0), (49, 'men shirts', 'men-shirts', 0), (50, 'New model ofLamborghini Aventador', 'new-model-oflamborghini-aventador', 0), (51, 'Plated CZ Diamon rings', 'plated-cz-diamon-rings', 0), (52, 'Properties of i phone 7', 'properties-of-i-phone-7', 0), (53, 'purchasing any house', 'purchasing-any-house', 0), (54, 'Rings', 'rings', 0), (55, 'rule of purchasing any house', 'rule-of-purchasing-any-house', 0), (56, 'Samsung', 'samsung', 0), (57, 'shirt', 'shirt', 0), (58, 'shoes', 'shoes', 0), (59, 'shoes for sale', 'shoes-for-sale', 0), (60, 'soney camera', 'soney-camera', 0), (61, 'Soney mobiles for sale', 'soney-mobiles-for-sale', 0), (62, 'Sony mobiles', 'sony-mobiles', 0), (63, 'Sony Xperia XZ', 'sony-xperia-xz', 0), (64, 'sports', 'sports', 0), (65, 'Sports Bike 2015', 'sports-bike-2015', 0), (66, 'stylish Lamborghini Aventador', 'stylish-lamborghini-aventador', 0), (67, 'Unveils Galaxy C9', 'unveils-galaxy-c9', 0), (68, 'watch', 'watch', 0), (69, 'Yamaha', 'yamaha', 0), (70, 'Yamaha YZF', 'yamaha-yzf', 0), (71, 'Yamaha YZF-R3', 'yamaha-yzf-r3', 0), (72, '123', '123', 0), (73, 'a', 'a', 0), (74, 'abc', 'abc', 0), (75, 'ada', 'ada', 0), (76, 'adas', 'adas', 0), (77, 'adforest', 'adforest', 0), (78, 'afsfa', 'afsfa', 0), (79, 'Drones', 'drones', 0), (80, 'arroz', 'arroz', 0), (81, 'art', 'art', 0), (83, 'asas', 'asas', 0), (84, 'asasa', 'asasa', 0), (85, 'asasas', 'asasas', 0), (86, 'asd', 'asd', 0), (87, 'assa', 'assa', 0), (88, 'Audi', 'audi', 0), (89, 'Audi r8', 'audi-r8', 0), (90, 'Audi r8 for sale', 'audi-r8-for-sale', 0), (91, 'bank', 'bank', 0), (92, 'bank manager', 'bank-manager', 0), (93, 'bcd', 'bcd', 0), (94, 'Beautful home', 'beautful-home', 0), (95, 'beautiful cats', 'beautiful-cats', 0), (96, 'Beautiful dogs', 'beautiful-dogs', 0), (97, 'Beautiful Parrot', 'beautiful-parrot', 0), (98, 'Beautiful Parrot for sale', 'beautiful-parrot-for-sale', 0), (99, 'best', 'best', 0), (100, 'Bike', 'bike', 0), (101, 'Bike for sale', 'bike-for-sale', 0), (102, 'DJI Innovations', 'dji-innovations', 0), (103, 'Black', 'black', 0), (104, 'Blue dotted shoes', 'blue-dotted-shoes', 0), (105, 'Blue shoes', 'blue-shoes', 0), (106, 'BMW', 'bmw', 0), (107, 'BMW 3-series', 'bmw-3-series', 0), (108, 'BMW 3-series F30', 'bmw-3-series-f30', 0), (109, 'brand new', 'brand-new', 0), (110, 'branded shirt', 'branded-shirt', 0), (112, 'Buy', 'buy', 0), (113, 'buy', 'buy', 0), (114, 'buy shirt', 'buy-shirt', 0), (115, 'buy Sony xperia z5', 'buy-sony-xperia-z5', 0), (117, 'Camera', 'camera', 0), (118, 'Canon 1dx mark ii Camera', 'canon-1dx-mark-ii-camera', 0), (119, 'car', 'car', 0), (120, 'car accessories', 'car-accessories', 0), (121, 'car steering', 'car-steering', 0), (122, 'carne', 'carne', 0), (123, 'cars', 'cars', 0), (125, 'categories', 'categories', 0), (126, 'Mavic Series', 'mavic-series', 0), (127, 'cats', 'cats', 0), (128, 'cde', 'cde', 0), (129, 'cheap price', 'cheap-price', 0), (130, 'chevy', 'chevy', 0), (131, 'chicken', 'chicken', 0), (132, 'civic', 'civic', 0), (133, 'civic 2014', 'civic-2014', 0), (134, 'cloths', 'cloths', 0), (135, 'coats', 'coats', 0), (136, 'decorated', 'decorated', 0), (137, 'Dell', 'dell', 0), (138, 'Dell laptop', 'dell-laptop', 0), (139, 'dell laptop exchange will hp laptop', 'dell-laptop-exchange-will-hp-laptop', 0), (140, 'demo', 'demo', 0), (141, 'design fasion', 'design-fasion', 0), (142, 'dfdf', 'dfdf', 0), (144, 'dogs', 'dogs', 0), (145, 'dotted shoes', 'dotted-shoes', 0), (146, 'Duo Convertible 13.3', 'duo-convertible-13-3', 0), (147, 'Duo Convertible 13.3\" I7', 'duo-convertible-13-3-i7', 0), (148, 'e', 'e', 0), (149, 'Exchange', 'exchange', 0), (151, 'feijão', 'feijao', 0), (152, 'ff', 'ff', 0), (154, 'for sale', 'for-sale', 0), (155, 'ford', 'ford', 0), (156, 'formhouse', 'formhouse', 0), (157, 'free classified ad', 'free-classified-ad', 0), (159, 'furnished', 'furnished', 0), (160, 'ghtf', 'ghtf', 0), (161, 'girls', 'girls', 0), (162, 'Gold', 'gold', 0), (163, 'gold watch', 'gold-watch', 0), (165, 'good condeiton of Honda CBR 1000RP', 'good-condeiton-of-honda-cbr-1000rp', 0), (166, 'Phantom series', 'phantom-series', 0), (167, 'gtr', 'gtr', 0), (168, 'guitars', 'guitars', 0), (169, 'heavy bike', 'heavy-bike', 0), (170, 'hh', 'hh', 0), (171, 'hhhh', 'hhhh', 0), (172, 'home', 'home', 0), (175, 'home for sale', 'home-for-sale', 0), (176, 'honda', 'honda', 0), (177, 'honda 2014', 'honda-2014', 0), (178, 'Honda CBR 1000RR', 'honda-cbr-1000rr', 0), (179, 'Honda CBR 1000RR for sale', 'honda-cbr-1000rr-for-sale', 0), (180, 'honda civic', 'honda-civic', 0), (181, 'honda civic 2016', 'honda-civic-2016', 0), (182, 'Honda Civic 2017', 'honda-civic-2017', 0), (183, 'Honda Civic 2017 Type R', 'honda-civic-2017-type-r', 0), (184, 'hotel', 'hotel', 0), (185, 'hotel for sale', 'hotel-for-sale', 0), (186, 'how for sale', 'how-for-sale', 0), (187, 'hunting dogs', 'hunting-dogs', 0), (188, 'i phone 6s', 'i-phone-6s', 0), (189, 'i pone with 64 gb', 'i-pone-with-64-gb', 0), (190, 'iphone', 'iphone', 0), (191, 'jhu', 'jhu', 0), (193, 'khgdd', 'khgdd', 0), (194, 'lets', 'lets', 0), (195, 'Lost and Found', 'lost-and-found', 0), (196, 'love', 'love', 0), (197, 'Love kush Car Baazar A Unique place to Buy Used Cars', 'love-kush-car-baazar-a-unique-place-to-buy-used-cars', 0), (198, 'Lovebird', 'lovebird', 0), (199, 'Men shirts', 'men-shirts', 0), (200, 'men t-shirt', 'men-t-shirt', 0), (201, 'mobile', 'mobile', 0), (204, 'mycar', 'mycar', 0), (205, 'myguitar', 'myguitar', 0), (206, 'New', 'new', 0), (207, 'new', 'new', 0), (208, 'new cars', 'new-cars', 0), (209, 'New home', 'new-home', 0), (210, 'new i phone 6s', 'new-i-phone-6s', 0), (211, 'nfgnnf', 'nfgnnf', 0), (212, 'nissan', 'nissan', 0), (213, 'No', 'no', 0), (217, 'painting', 'painting', 0), (218, 'Parrot', 'parrot', 0), (219, 'pets for sale', 'pets-for-sale', 0), (221, 'plky', 'plky', 0), (222, 'poop', 'poop', 0), (223, 'q7', 'q7', 0), (224, 'racing car', 'racing-car', 0), (226, 'real estate', 'real-estate', 0), (228, 'Refrigerator', 'refrigerator', 0), (229, 'Refrigerator For Sale', 'refrigerator-for-sale', 0), (230, 'required bank manager', 'required-bank-manager', 0), (231, 'Rings', 'rings', 0), (232, 'rolex', 'rolex', 0), (233, 'Rome', 'rome', 0), (234, 'Russian watch', 'russian-watch', 0), (235, 'sale', 'sale', 0), (236, 'sale honda', 'sale-honda', 0), (237, 'samsung', 'samsung', 0), (238, 'Samsung Galaxy', 'samsung-galaxy', 0), (239, 'samsung galaxy note edge', 'samsung-galaxy-note-edge', 0), (240, 'Samsung Galaxy S6 Edge+', 'samsung-galaxy-s6-edge', 0), (241, 'Sell', 'sell', 0), (242, 'sell', 'sell', 0), (243, 'seo', 'seo', 0), (244, 'seo services', 'seo-services', 0), (246, 'sgdg', 'sgdg', 0), (247, 'sgesvxzb', 'sgesvxzb', 0), (248, 'shirt', 'shirt', 0), (249, 'Shirts', 'shirts', 0), (251, 'Shoes', 'shoes', 0), (252, 'silver color', 'silver-color', 0), (253, 'solo', 'solo', 0), (254, 'sony', 'sony', 0), (255, 'Sony laptop', 'sony-laptop', 0), (256, 'Sony Mobile', 'sony-mobile', 0), (257, 'Sony VAIO Duo', 'sony-vaio-duo', 0), (258, 'Sony xperia z5', 'sony-xperia-z5', 0), (260, 'sport car', 'sport-car', 0), (261, 'sport car steering', 'sport-car-steering', 0), (264, 'steering to buy', 'steering-to-buy', 0), (265, 'stylish shoes', 'stylish-shoes', 0), (266, 'suzuki', 'suzuki', 0), (267, 'test', 'test', 0), (268, 'teste', 'teste', 0), (271, 'uk', 'uk', 0), (272, 'Used', 'used', 0), (273, 'used', 'used', 0), (274, 'Used Suzuki GSX-R600', 'used-suzuki-gsx-r600', 0), (276, 'watch', 'watch', 0), (278, 'waterproof', 'waterproof', 0), (280, 'wee', 'wee', 0), (281, 'women Bracelets', 'women-bracelets', 0), (282, 'women coats', 'women-coats', 0), (283, 'women products', 'women-products', 0), (284, 'Women Rings', 'women-rings', 0), (285, 'Women stylish shoes', 'women-stylish-shoes', 0), (286, 'xperia', 'xperia', 0), (287, 'Yes', 'yes', 0), (288, 'Youtube', 'youtube', 0), (289, 'z5', 'z5', 0), (290, 'كاميرا للبيع', '%d9%83%d8%a7%d9%85%d9%8a%d8%b1%d8%a7-%d9%84%d9%84%d8%a8%d9%8a%d8%b9', 0), (291, 'Airedale Terrier', 'airedale-terrier', 0), (292, 'Akita', 'akita', 0), (295, 'Beagle', 'beagle', 0), (296, 'Black Tetra', 'black-tetra', 0), (297, 'Bloodhound', 'bloodhound', 0), (334, '$', 'aud', 0), (335, '¥', 'cny', 0), (336, '﷼', 'qar', 0), (337, '₨', 'pkr', 0), (338, 'car for sale', 'car-for-sale', 0), (339, 'tag', 'tag', 0), (340, 'hg', 'hg', 0), (341, '£', 'egp', 0), (342, '₽', 'rub', 0), (343, '฿', 'thb', 0), (344, 'Дин', 'rsd', 0), (345, 'Main Menu', 'main-menu', 0), (346, 'wew', 'wew', 0), (347, 'negm', 'negm', 0), (348, 'dog', 'dog', 0), (349, 'beagle', 'beagle', 0), (350, 'puppie', 'puppie', 0), (351, 'pet', 'pet', 0), (352, 'msung', 'msung', 0), (353, 'ssasa', 'ssasa', 0), (354, 'ssas', 'ssas', 0), (355, 'sasa', 'sasa', 0), (356, 'gf', 'gf', 0), (357, 'gfgf', 'gfgf', 0), (358, 'werre', 'werre', 0), (359, 'civi', 'civi', 0), (360, 'Teszt', 'teszt', 0), (361, 'hirdetés', 'hirdetes', 0), (362, 'asdsad asd asd asd', 'asdsad-asd-asd-asd', 0), (363, 'ثسب', '%d8%ab%d8%b3%d8%a8', 0), (364, 'Doggy', 'doggy', 0), (365, 'Duet', 'duet', 0), (366, 'daihatsu duet', 'daihatsu-duet', 0), (367, 'galaxy', 'galaxy', 0), (368, 's8', 's8', 0), (369, 'cpu', 'cpu', 0), (370, 'intel', 'intel', 0), (371, 'van', 'van', 0), (372, 'bicicleta', 'bicicleta', 0), (373, 'tour', 'tour', 0), (374, 'Pakistan', 'pakistan', 0), (375, 'Grelo', 'grelo', 0), (376, 'bosver', 'bosver', 0), (377, 'fgdfgdd', 'fgdfgdd', 0), (378, 'y67', 'y67', 0), (379, 'zeus', 'zeus', 0), (380, 'god', 'god', 0), (381, 'greece', 'greece', 0), (382, 'blue', 'blue', 0), (383, 'ski jacket', 'ski-jacket', 0), (384, 'lens', 'lens', 0), (385, 'canon', 'canon', 0), (386, 'clothes. nice one', 'clothes-nice-one', 0), (387, 'aadd a dad', 'aadd-a-dad', 0), (388, 'Teste de temas profissionais', 'teste-de-temas-profissionais', 0), (389, 'dfd', 'dfd', 0), (390, 'tag1', 'tag1', 0), (391, 'tag2', 'tag2', 0), (392, 'tag3', 'tag3', 0), (393, 'tag4', 'tag4', 0), (394, 'tag5', 'tag5', 0), (395, 'kkkkk', 'kkkkk', 0), (396, 'free hosting', 'free-hosting', 0), (397, 'domain', 'domain', 0), (398, '#Mcafee_Customer_Tech_Support_Number_0_800_820_3300', 'mcafee_customer_tech_support_number_0_800_820_3300', 0), (399, '#Mcafee_Customer_Technical_Support_Number_0_800_820_3300', 'mcafee_customer_technical_support_number_0_800_820_3300', 0), (400, '#Mcafee_antivirus_Tech_Support_0_800_820_3300', 'mcafee_antivirus_tech_support_0_800_820_3300', 0), (401, '#Mcafee_Customer_Tech_Support_Number', 'mcafee_customer_tech_support_number', 0), (402, '#Outlook_Technical_Support', 'outlook_technical_support', 0), (403, '#Outlook_Tech_Support', 'outlook_tech_support', 0), (404, '#Outlook_Support_Number_UK', 'outlook_support_number_uk', 0), (405, '#Outlook_Customer_support_number', 'outlook_customer_support_number', 0), (406, 'alfa', 'alfa', 0), (407, 'dasd', 'dasd', 0), (408, 'choes', 'choes', 0), (409, 'Bananas', 'bananas', 0), (410, 'wqe', 'wqe', 0), (411, 'qwee', 'qwee', 0), (412, 'deneme', 'deneme', 0), (413, 'сдам квартиру', '%d1%81%d0%b4%d0%b0%d0%bc-%d0%ba%d0%b2%d0%b0%d1%80%d1%82%d0%b8%d1%80%d1%83', 0), (414, '43434', '43434', 0), (415, 'BIL', 'bil', 0), (416, 'dredger', 'dredger', 0), (417, 'vessel', 'vessel', 0), (418, 'kjhkj', 'kjhkj', 0), (419, 'Thanks', 'thanks', 0), (420, 'unless', 'unless', 0), (421, 'and', 'and', 0), (422, 'if', 'if', 0), (423, '2005', '2005', 0), (424, 'vehicle', 'vehicle', 0), (425, 'The', 'the', 0), (426, 'management', 'management', 0), (427, 'Security', 'security', 0), (428, 'dfgdfg', 'dfgdfg', 0), (429, 'dfgdfgdg', 'dfgdfgdg', 0), (430, 'addfgad', 'addfgad', 0), (431, 'maikin shitet', 'maikin-shitet', 0), (432, 'shitet makina', 'shitet-makina', 0), (433, 'United States', 'united-states', 0), (434, 'Alabama', 'alabama', 0), (435, 'Arizona', 'arizona', 0), (436, 'Arkansas', 'arkansas', 0), (437, 'California', 'california', 0), (438, 'Colorado', 'colorado', 0), (439, 'Connecticut', 'connecticut', 0), (440, 'Delaware', 'delaware', 0), (441, 'District of Columbia', 'district-of-columbia', 0), (442, 'Florida', 'florida', 0), (443, 'Georgia', 'georgia', 0), (444, 'New Hampshire', 'new-hampshire', 0), (445, 'New Jersey', 'new-jersey', 0), (446, 'New Mexico', 'new-mexico', 0), (447, 'New York', 'new-york', 0), (448, 'North Carolina', 'north-carolina', 0), (449, 'Washington', 'washington', 0), (450, 'Anniston', 'anniston', 0), (451, 'Chickasaw', 'chickasaw', 0), (452, 'Demopolis', 'demopolis', 0), (453, 'Enterprise', 'enterprise', 0), (454, 'Phenix City', 'phenix-city', 0), (455, 'Sheffield', 'sheffield', 0), (456, 'Avondale', 'avondale', 0), (457, 'Bisbee', 'bisbee', 0), (458, 'Casa Grande', 'casa-grande', 0), (459, 'Kingman', 'kingman', 0), (460, 'Lake Havasu City', 'lake-havasu-city', 0), (461, 'Carmel', 'carmel', 0), (462, 'Claremont', 'claremont', 0), (463, 'Compton', 'compton', 0), (464, 'Costa Mesa', 'costa-mesa', 0), (465, 'Downey', 'downey', 0), (466, 'Belle Glade', 'belle-glade', 0), (467, 'Boca Raton', 'boca-raton', 0), (468, 'De Land', 'de-land', 0), (469, 'Fort Lauderdale', 'fort-lauderdale', 0), (470, 'Hollywood', 'hollywood', 0), (471, 'Homestead', 'homestead', 0), (472, 'Melbourne', 'melbourne', 0), (473, 'Miami', 'miami', 0), (474, 'Augusta', 'augusta', 0), (475, 'Bainbridge', 'bainbridge', 0), (476, 'Blairsville', 'blairsville', 0), (477, 'Carrollton', 'carrollton', 0), (478, 'Dalton', 'dalton', 0), (479, 'Berlin', 'berlin', 0), (480, 'Concord', 'concord', 0), (481, 'Derry', 'derry', 0), (482, 'Manchester', 'manchester', 0), (483, 'Asbury Park', 'asbury-park', 0), (484, 'Bloomfield', 'bloomfield', 0), (485, 'Clifton', 'clifton', 0), (486, 'Elizabeth', 'elizabeth', 0), (487, 'Long Beach', 'long-beach', 0), (488, 'Belen', 'belen', 0), (489, 'Clovis', 'clovis', 0), (490, 'Hobbs', 'hobbs', 0), (491, 'Roswell', 'roswell', 0), (492, 'Tucumcari', 'tucumcari', 0), (493, 'Binghamton', 'binghamton', 0), (494, 'Crown Point', 'crown-point', 0), (495, 'Hudson', 'hudson', 0), (496, 'Johnstown', 'johnstown', 0), (497, 'Durham', 'durham', 0), (498, 'Edenton', 'edenton', 0), (499, 'Gastonia', 'gastonia', 0), (500, 'Henderson', 'henderson', 0), (501, 'Jacksonville', 'jacksonville', 0), (502, 'Aberdeen', 'aberdeen', 0), (503, 'Anacortes', 'anacortes', 0), (504, 'Auburn', 'auburn', 0), (505, 'Bellevue', 'bellevue', 0), (506, 'Bellingham', 'bellingham', 0), (507, 'Bremerton', 'bremerton', 0), (508, 'dksjfkl', 'dksjfkl', 0), (509, 'php jobs', 'php-jobs', 0), (510, 'abdc', 'abdc', 0), (511, 'ancv', 'ancv', 0), (512, 'sex', 'sex', 0), (513, 'czxccsczc', 'czxccsczc', 0), (514, 'asdasdasdasdasda', 'asdasdasdasdasda', 0), (515, 'jfkjshjhn', 'jfkjshjhn', 0), (516, 'book', 'book', 0), (517, 'KOBELCO', 'kobelco', 0), (518, 'RK250-6', 'rk250-6', 0), (519, 'OILO', 'oilo', 0), (520, 'blog', 'blog', 0), (521, 'dfsd', 'dfsd', 0), (522, 'dsfdsfsd', 'dsfdsfsd', 0), (523, 'dfsdfs', 'dfsdfs', 0), (524, 'lol', 'lol', 0), (525, 'dwjk', 'dwjk', 0), (526, 'accesories', 'accesories', 0), (527, 'njh ggg', 'njh-ggg', 0), (528, 'LOGAN', 'logan', 0), (529, 'DACIA', 'dacia', 0), (530, 'VOITURE', 'voiture', 0), (531, 'aaaaa', 'aaaaa', 0), (532, '54', '54', 0), (533, '545', '545', 0), (534, 'doo', 'doo', 0), (535, 'bar', 'bar', 0), (536, 'nada', 'nada', 0), (537, 'sdfdsfsdfdfsdf', 'sdfdsfsdfdfsdf', 0), (538, 'sdf', 'sdf', 0), (539, 'sdfsd', 'sdfsd', 0), (540, 'f', 'f', 0), (541, 'sdfsdfsd', 'sdfsdfsd', 0), (542, 'fsdf', 'fsdf', 0), (543, 'gato', 'gato', 0), (544, 'foo', 'foo', 0), (545, 'comm', 'comm', 0), (546, 'space', 'space', 0), (547, 'real', 'real', 0), (548, 'prop', 'prop', 0), (549, 'asdasd sada sdasd', 'asdasd-sada-sdasd', 0), (550, 'asdas das', 'asdas-das', 0), (551, 'c', 'c', 0), (552, 'apple', 'apple', 0), (553, 'imac', 'imac', 0), (554, '21.5', '21-5', 0), (555, 'JEEP', 'jeep', 0), (556, 'EXPLORER', 'explorer', 0), (557, '4X4', '4x4', 0), (558, 'kjkjkj', 'kjkjkj', 0), (559, 'xbox', 'xbox', 0), (560, 'xbox one', 'xbox-one', 0), (561, '333333', '333333', 0), (562, 'asdas sadasd', 'asdas-sadasd', 0), (563, 'köpek kedi aslan aslan yavrusu', 'kopek-kedi-aslan-aslan-yavrusu', 0), (564, 'car;used', 'carused', 0), (565, 'adss', 'adss', 0), (566, 'jj', 'jj', 0), (567, 'kk', 'kk', 0), (568, 'papas', 'papas', 0), (569, 'bulto', 'bulto', 0), (570, 'soacha', 'soacha', 0), (571, 'limitada', 'limitada', 0), (572, 'djekfj', 'djekfj', 0), (573, 'fence', 'fence', 0), (574, 'corrida de rua', 'corrida-de-rua', 0), (575, 'Mountain Bike', 'mountain-bike', 0), (576, 'travel', 'travel', 0), (577, 'لانسر', '%d9%84%d8%a7%d9%86%d8%b3%d8%b1', 0), (578, 'auto', 'auto', 0), (579, 'dfsdf', 'dfsdf', 0), (580, 'karotz', 'karotz', 0), (581, 'nabaztag', 'nabaztag', 0), (582, 'asdasd', 'asdasd', 0), (583, 'vida', 'vida', 0), (584, 'alegria', 'alegria', 0), (585, 'дом в чехии', '%d0%b4%d0%be%d0%bc-%d0%b2-%d1%87%d0%b5%d1%85%d0%b8%d0%b8', 0), (586, 'ssdsd', 'ssdsd', 0), (587, 'asda sda sda da d', 'asda-sda-sda-da-d', 0), (588, 'rere', 'rere', 0), (589, 'Ciao', 'ciao', 0), (590, 'zrerescvcijgfnfvc', 'zrerescvcijgfnfvc', 0), (591, 'nha pho pham van dong', 'nha-pho-pham-van-dong', 0), (592, 'nha pho little village', 'nha-pho-little-village', 0), (593, 'little village', 'little-village', 0), (594, 'phothuongmai', 'phothuongmai', 0), (595, 'trabajo', 'trabajo', 0), (596, 'sdsds', 'sdsds', 0), (597, 'ádds', 'adds', 0), (598, 'Car. New', 'car-new', 0), (599, 'Web Development', 'web-development', 0), (600, 'dropshiping', 'dropshiping', 0), (601, 'online', 'online', 0), (602, 'tags', 'tags', 0), (603, '1', '1', 0), (604, 'Pugs', 'pugs', 0), (605, 'Thugs', 'thugs', 0), (606, 'Job', 'job', 0), (607, 'sgsdg', 'sgsdg', 0), (608, 'seysdh', 'seysdh', 0), (609, 'bn bn', 'bn-bn', 0), (610, 'Tv', 'tv', 0), (611, 'LED', 'led', 0), (612, 'Vggfg', 'vggfg', 0), (613, 'ikjjn', 'ikjjn', 0), (614, 'tagTest', 'tagtest', 0), (615, 'etiket', 'etiket', 0), (616, 'dog 4 sale', 'dog-4-sale', 0), (617, 'zzzzzzzzz', 'zzzzzzzzz', 0), (618, 'coche', 'coche', 0), (619, 'deportivo', 'deportivo', 0), (620, 'rojo', 'rojo', 0), (621, 'mobiloes', 'mobiloes', 0), (622, 'rtytry tr yrty ry rtytr ytr', 'rtytry-tr-yrty-ry-rtytr-ytr', 0), (623, 'cvcdfgdrg', 'cvcdfgdrg', 0), (624, 'Maquina', 'maquina', 0), (625, 'Ra', 'ra', 0), (626, 'used cars', 'used-cars', 0), (627, 'აასდასდ', '%e1%83%90%e1%83%90%e1%83%a1%e1%83%93%e1%83%90%e1%83%a1%e1%83%93', 0), (628, 'HGJGHKJ GJHKK', 'hgjghkj-gjhkk', 0), (629, 'JJGKJHHK', 'jjgkjhhk', 0), (630, 'Hui', 'hui', 0), (631, 'kitten', 'kitten', 0), (632, 'cat', 'cat', 0), (633, 'Microsoft Tech Support', 'microsoft-tech-support', 0), (634, 'Microsoft Technical Support', 'microsoft-technical-support', 0), (635, 'Microsoft Customer Support', 'microsoft-customer-support', 0), (636, 'Microsoft Support', 'microsoft-support', 0), (637, 'instalacion', 'instalacion', 0), (638, 'Bitdefender Technical Support', 'bitdefender-technical-support', 0), (639, 'Bitdefender Tech Support', 'bitdefender-tech-support', 0), (640, 'Bitdefender Customer Support', 'bitdefender-customer-support', 0), (641, 'Bitdefender Antivirus Support', 'bitdefender-antivirus-support', 0), (642, 'Bitdefender Contact Number', 'bitdefender-contact-number', 0), (643, 'Bitdefender Support Number', 'bitdefender-support-number', 0), (644, 'house', 'house', 0), (645, 'design', 'design', 0), (646, 'hfghfg', 'hfghfg', 0), (647, 'mbm', 'mbm', 0), (648, 'jkh', 'jkh', 0), (649, 'blah', 'blah', 0), (650, 'awesome', 'awesome', 0), (651, 'račun', 'racun', 0), (652, 'besplatno', 'besplatno', 0), (653, 'ljubuški', 'ljubuski', 0), (654, 'Phone', 'phone', 0), (655, 'หมา', '%e0%b8%ab%e0%b8%a1%e0%b8%b2', 0), (656, '54455', '54455', 0), (657, 'dfdfgdfg', 'dfdfgdfg', 0), (658, 'sdfddsfsdf', 'sdfddsfsdf', 0), (659, 'sdfsdfsdf', 'sdfsdfsdf', 0), (660, '#Goat4sale', 'goat4sale', 0), (661, 'casa', 'casa', 0), (662, 'itaoca', 'itaoca', 0), (663, 'praia', 'praia', 0), (664, 'Trst', 'trst', 0), (665, 'cloth', 'cloth', 0), (666, 'Kaspersky Support', 'kaspersky-support', 0), (667, 'Kaspersky AntiVirus Support', 'kaspersky-antivirus-support', 0), (668, 'Kaspersky Customer Support', 'kaspersky-customer-support', 0), (669, 'Kaspersky Customer Service', 'kaspersky-customer-service', 0), (670, 'Kaspersky Tech Support', 'kaspersky-tech-support', 0), (671, 'Kaspersky Technical Support', 'kaspersky-technical-support', 0), (672, 'Kaspersky AntiVirus Tech Support', 'kaspersky-antivirus-tech-support', 0), (673, 'Kaspersky AntiVirus Support Number', 'kaspersky-antivirus-support-number', 0), (674, 'Kaspersky Support Phone Number', 'kaspersky-support-phone-number', 0), (675, 'Kaspersky Tech Support Number', 'kaspersky-tech-support-number', 0), (676, 'Kaspersky Customer Support Number', 'kaspersky-customer-support-number', 0), (677, 'Kaspersky Technical Support Number', 'kaspersky-technical-support-number', 0), (678, 'Kaspersky Support Number', 'kaspersky-support-number', 0), (679, 'Kaspersky Contact Number', 'kaspersky-contact-number', 0), (680, 'Kaspersky Support Australia', 'kaspersky-support-australia', 0), (681, 'Outlook Tech Support Number', 'outlook-tech-support-number', 0), (682, 'Outlook Technical Support Number', 'outlook-technical-support-number', 0), (683, 'Outlook Customer Support Number', 'outlook-customer-support-number', 0), (684, 'Outlook Support Phone Number', 'outlook-support-phone-number', 0), (685, 'Outlook Customer Service Number', 'outlook-customer-service-number', 0), (686, 'Outlook Customer Care Number', 'outlook-customer-care-number', 0), (687, 'Microsoft Outlook Support Number', 'microsoft-outlook-support-number', 0), (688, 'Outlook Contact Number', 'outlook-contact-number', 0), (689, 'Microsoft Outlook Help Number', 'microsoft-outlook-help-number', 0), (690, 'Outlook Support Hotline', 'outlook-support-hotline', 0), (691, 'Microsoft Outlook Tech Support', 'microsoft-outlook-tech-support', 0), (692, 'Outlook Technical Support', 'outlook-technical-support', 0), (693, 'Outlook Customer Support', 'outlook-customer-support', 0), (694, 'Outlook Technical Help', 'outlook-technical-help', 0), (695, 'Outlook Support Australia', 'outlook-support-australia', 0), (696, 'Netgear Router Support', 'netgear-router-support', 0), (697, 'Netgear Tech Support', 'netgear-tech-support', 0), (698, 'Netgear Technical Support', 'netgear-technical-support', 0), (699, 'Netgear Customer Support', 'netgear-customer-support', 0), (700, 'Netgear Support Number', 'netgear-support-number', 0), (701, 'Netgear Support Hotline', 'netgear-support-hotline', 0), (702, 'Netgear Router Tech Support', 'netgear-router-tech-support', 0), (703, 'Netgear Router Customer Support', 'netgear-router-customer-support', 0), (704, 'Netgear Technical Support Number', 'netgear-technical-support-number', 0), (705, 'Netgear Customer Support Number', 'netgear-customer-support-number', 0), (706, 'Netgear Router Support Number', 'netgear-router-support-number', 0), (707, 'Netgear Support Australia', 'netgear-support-australia', 0), (708, 'Linksys tech support', 'linksys-tech-support', 0), (709, 'linksys technical support', 'linksys-technical-support', 0), (710, 'yi', 'yi', 0), (711, 'gfd', 'gfd', 0), (712, 'kne.', 'kne', 0), (713, 'fasdf', 'fasdf', 0), (714, 'jorge', 'jorge', 0), (715, 'alirio', 'alirio', 0), (716, 'varga', 'varga', 0), (717, 'tryu', 'tryu', 0), (718, 'asdas', 'asdas', 0), (719, 'adaaa', 'adaaa', 0), (720, 'aaaaaaaaa', 'aaaaaaaaa', 0), (721, 'TechForest', 'test-template', 0), (722, 'Wine', 'wine', 0), (723, 'csvdtgb m..\'/p;lkj', 'csvdtgb-m-plkj', 0), (724, 'w eq', 'w-eq', 0), (725, 'peugeot', 'peugeot', 0), (726, 'dfgdfgdfgdfg', 'dfgdfgdfgdfg', 0), (727, 'dfgdfgf', 'dfgdfgf', 0), (728, 'ทดสอบ', '%e0%b8%97%e0%b8%94%e0%b8%aa%e0%b8%ad%e0%b8%9a', 0), (729, 'aaa', 'aaa', 0), (730, 'SADSDASDAS', 'sadsdasdas', 0), (731, 'dsfsd', 'dsfsd', 0), (732, 'horse', 'horse', 0), (733, 'Uncategorized', 'uncategorized', 0), (734, 'gdfg', 'gdfg', 0), (735, 'sample', 'sample', 0), (736, 'dil', 'dil', 0), (737, 'ind', 'ind', 0), (738, 'fitte', 'fitte', 0), (739, 'sd', 'sd', 0), (740, 's', 's', 0), (741, 'sdff', 'sdff', 0), (742, 'lkjklklo', 'lkjklklo', 0), (743, 'hfh', 'hfh', 0), (744, 'mjhgjgjg', 'mjhgjgjg', 0), (745, 'оиолиоли шощшошщо лощш', '%d0%be%d0%b8%d0%be%d0%bb%d0%b8%d0%be%d0%bb%d0%b8-%d1%88%d0%be%d1%89%d1%88%d0%be%d1%88%d1%89%d0%be-%d0%bb%d0%be%d1%89%d1%88', 0), (746, 'имрироио', '%d0%b8%d0%bc%d1%80%d0%b8%d1%80%d0%be%d0%b8%d0%be', 0), (747, 'aksuidjf', 'aksuidjf', 0), (748, 'ailoudsfj', 'ailoudsfj', 0), (749, 'asiukdf', 'asiukdf', 0), (750, 'site', 'site', 0), (751, 'data structure', 'data-structure', 0), (752, 'TRAINING', 'training', 0), (753, 'hfd', 'hfd', 0), (754, 'yjjiy7uiuj', 'yjjiy7uiuj', 0), (755, 'anjing', 'anjing', 0), (756, 'rollstuhl', 'rollstuhl', 0), (757, 'hilfsmittel', 'hilfsmittel', 0), (758, 'bat', 'bat', 0), (759, 'sg bat', 'sg-bat', 0), (760, 'sadasd', 'sadasd', 0), (761, 'eq5w46e5', 'eq5w46e5', 0), (762, 'hngfh', 'hngfh', 0), (763, '6', '6', 0), (764, 'tas', 'tas', 0), (765, 'dasds', 'dasds', 0), (766, 'toyota; select saloon', 'toyota-select-saloon', 0), (767, 'napoli', 'napoli', 0), (768, 'cuadro', 'cuadro', 0), (769, 'canvas', 'canvas', 0), (770, 'grafitti', 'grafitti', 0), (771, 'hotel hostel home travel', 'hotel-hostel-home-travel', 0), (772, 'rttt', 'rttt', 0), (773, 'sdASasA', 'sdasasa', 0), (774, 'test product', 'test-product', 0), (775, 'Google Ad', 'google-ad', 0), (776, 'Serfiço', 'serfico', 0), (777, 'gteste.', 'gteste', 0), (778, 'tgejnjn t', 'tgejnjn-t', 0), (779, 'jtbnejnb', 'jtbnejnb', 0), (780, 'njtenjtn]', 'njtenjtn', 0), (781, 'asdasdl', 'asdasdl', 0), (782, 'asd asd', 'asd-asd', 0), (783, 'dasdsa da', 'dasdsa-da', 0), (784, 'wwer', 'wwer', 0), (785, 'wertwe', 'wertwe', 0), (786, 'best price', 'best-price', 0), (787, 'Kaspersky Support UK', 'kaspersky-support-uk', 0), (788, 'Outlook Tech Support', 'outlook-tech-support', 0), (789, 'sdfsdfjh', 'sdfsdfjh', 0), (790, 'abx', 'abx', 0), (791, 'sss', 'sss', 0), (792, 'tretrt', 'tretrt', 0), (793, 'dggdgdfgdfg', 'dggdgdfgdfg', 0), (794, 'dfgdgdfgdf', 'dfgdgdfgdf', 0), (795, 'fg', 'fg', 0), (796, 'dfgdfgیبلیبل', 'dfgdfg%db%8c%d8%a8%d9%84%db%8c%d8%a8%d9%84', 0), (797, 'یبلی', '%db%8c%d8%a8%d9%84%db%8c', 0), (798, 'بلیبل', '%d8%a8%d9%84%db%8c%d8%a8%d9%84', 0), (799, 'یبل', '%db%8c%d8%a8%d9%84', 0), (800, 'یبلبلب', '%db%8c%d8%a8%d9%84%d8%a8%d9%84%d8%a8', 0), (801, 'لیب', '%d9%84%db%8c%d8%a8', 0), (802, 'لیبلیببلبلیبل', '%d9%84%db%8c%d8%a8%d9%84%db%8c%d8%a8%d8%a8%d9%84%d8%a8%d9%84%db%8c%d8%a8%d9%84', 0), (803, '3sdfsdf', '3sdfsdf', 0), (804, 'ERGE', 'erge', 0), (805, 'jit', 'jit', 0), (806, 'purchase', 'purchase', 0), (807, 'envato', 'envato', 0), (808, 'tomates', 'tomates', 0), (809, 'eqweqweqwe', 'eqweqweqwe', 0), (810, 'moto', 'moto', 0), (811, 'patiala', 'patiala', 0), (812, 'facebook', 'facebook', 0), (813, 'app', 'app', 0), (814, 'apk', 'apk', 0), (815, 'cobra', 'cobra', 0), (816, 'software', 'software', 0), (817, 'service', 'service', 0), (818, 'fashion', 'fashion', 0), (819, 'carpentry Services in Dubai', 'carpentry-services-in-dubai', 0), (820, 'Pit bull', 'pit-bull', 0), (821, 'toyota crolla', 'toyota-crolla', 0), (822, 'jjgfjfg', 'jjgfjfg', 0), (823, 'adgfbvd', 'adgfbvd', 0), (824, 'gjgj', 'gjgj', 0), (825, 'motor', 'motor', 0), (826, 'motorcycle', 'motorcycle', 0), (827, 'dgt dg drfty tryrt', 'dgt-dg-drfty-tryrt', 0), (828, 'koko', 'koko', 0), (829, 'kokokokoko', 'kokokokoko', 0), (830, 'kokoo', 'kokoo', 0), (831, 'kokokokooko', 'kokokokooko', 0), (832, 'kokokookokokokokokookokokkookok', 'kokokookokokokokokookokokkookok', 0), (833, 'iphone 6 plus', 'iphone-6-plus', 0), (834, 'cgg', 'cgg', 0), (835, 'perfect tv', 'perfect-tv', 0), (836, 'was', 'was', 0), (837, 'تتت،ننن،خن', '%d8%aa%d8%aa%d8%aa%d8%8c%d9%86%d9%86%d9%86%d8%8c%d8%ae%d9%86', 0), (838, 'toyota', 'toyota', 0), (839, 'asdf', 'asdf', 0), (840, 'asdfasdf', 'asdfasdf', 0), (841, '#soubh', 'soubh', 0), (842, 'cama', 'cama', 0), (843, '88888', '88888', 0), (844, 'asdasd asdasd', 'asdasd-asdasd', 0), (845, 'asdasdasd', 'asdasdasd', 0), (846, 'asdasdas', 'asdasdas', 0), (847, 'barco', 'barco', 0), (848, 'velho', 'velho', 0), (849, 'inutil', 'inutil', 0), (850, 'vapor', 'vapor', 0), (851, 'bmw car', 'bmw-car', 0), (852, '#soccer #ball #crazy #price', 'soccer-ball-crazy-price', 0), (853, 'aaaa', 'aaaa', 0), (854, 'testing', 'testing', 0), (855, 'teast tesa', 'teast-tesa', 0), (856, 'gari', 'gari', 0), (857, 'Jual', 'jual', 0), (858, 'mandalay', 'mandalay', 0), (859, 'asdfsadf', 'asdfsadf', 0), (860, 'ssgg', 'ssgg', 0), (861, 'consultorio', 'consultorio', 0), (862, 'gazcue', 'gazcue', 0), (863, 'smart', 'smart', 0), (864, 'focaccia', 'focaccia', 0), (865, 'bari', 'bari', 0), (866, 'roupa', 'roupa', 0), (867, 'property sales', 'property-sales', 0), (868, 'laptop', 'laptop', 0), (869, 'scientific', 'scientific', 0), (870, 'food', 'food', 0), (871, 'burger', 'burger', 0), (872, 'offer', 'offer', 0), (873, 'سلك، كبوت ،واير،يد كبوت', '%d8%b3%d9%84%d9%83%d8%8c-%d9%83%d8%a8%d9%88%d8%aa-%d8%8c%d9%88%d8%a7%d9%8a%d8%b1%d8%8c%d9%8a%d8%af-%d9%83%d8%a8%d9%88%d8%aa', 0), (874, 'Тег1', '%d1%82%d0%b5%d0%b31', 0), (875, 'Тег2', '%d1%82%d0%b5%d0%b32', 0), (876, 'cativas', 'cativas', 0), (877, 'rolindas', 'rolindas', 0), (878, 'sumarios', 'sumarios', 0), (879, 'lorem', 'lorem', 0), (880, 'ipsum', 'ipsum', 0), (881, 'ok', 'ok', 0), (882, 'qwe qwe qwe qwe', 'qwe-qwe-qwe-qwe', 0), (883, 'qwerty', 'qwerty', 0), (884, 'asdfghj', 'asdfghj', 0), (885, 'olephant', 'olephant', 0), (886, 'fffffffffffffff', 'fffffffffffffff', 0), (887, 'fffffffffff', 'fffffffffff', 0), (888, 'sdsdsd', 'sdsdsd', 0), (889, 'مصمم ، رسم', '%d9%85%d8%b5%d9%85%d9%85-%d8%8c-%d8%b1%d8%b3%d9%85', 0), (890, 'sadas', 'sadas', 0), (891, 'Cleaning', 'cleaning', 0), (892, 'fiat', 'fiat', 0), (893, 'EER', 'eer', 0), (894, 'JJJ', 'jjj', 0), (895, 'Anunțuri', 'anunturi', 0), (896, 'cumpărare', 'cumparare', 0), (897, 'vânzare', 'vanzare', 0), (898, 'schimbare', 'schimbare', 0), (899, 'Cuptoare cu microunde', 'cuptoare-cu-microunde', 0), (900, 'Congelatoare', 'congelatoare', 0), (901, 'Aragazuri', 'aragazuri', 0), (902, 'Mașini de spălat vase', 'masini-de-spalat-vase', 0), (903, 'Masini de spalat', 'masini-de-spalat', 0), (904, 'Uscatoare', 'uscatoare', 0), (905, 'Frigidere', 'frigidere', 0), (906, 'ffgg', 'ffgg', 0), (907, 'Top', 'top', 0), (908, 'trer', 'trer', 0), (909, 'Gtyh', 'gtyh', 0), (910, 'تنتج', '%d8%aa%d9%86%d8%aa%d8%ac', 0), (911, 'لللن', '%d9%84%d9%84%d9%84%d9%86', 0), (912, 'ااا', '%d8%a7%d8%a7%d8%a7', 0), (913, 'ببا', '%d8%a8%d8%a8%d8%a7', 0), (914, 'الل', '%d8%a7%d9%84%d9%84', 0), (915, 'ىاا', '%d9%89%d8%a7%d8%a7', 0), (916, 'ننن', '%d9%86%d9%86%d9%86', 0), (917, 'لل', '%d9%84%d9%84', 0), (918, 'لبي', '%d9%84%d8%a8%d9%8a', 0), (919, 'تت', '%d8%aa%d8%aa', 0), (920, 'لابب', '%d9%84%d8%a7%d8%a8%d8%a8', 0), (921, 'فقث', '%d9%81%d9%82%d8%ab', 0), (922, 'عفف', '%d8%b9%d9%81%d9%81', 0), (923, 'ممم', '%d9%85%d9%85%d9%85', 0), (924, 'فف', '%d9%81%d9%81', 0), (925, 'ااام', '%d8%a7%d8%a7%d8%a7%d9%85', 0), (926, 'qweqwe', 'qweqwe', 0), (927, 'rtyrty', 'rtyrty', 0), (928, '567567', '567567', 0), (929, 'tuck', 'tuck', 0), (930, 'ken', 'ken', 0), (931, 'sa', 'sa', 0), (932, 'fhfhfh', 'fhfhfh', 0), (933, 'dsfadsfasd', 'dsfadsfasd', 0), (934, 'tea', 'tea', 0), (935, 'neat', 'neat', 0), (936, 'benz', 'benz', 0), (937, 'Real Madrid', 'real-madrid', 0), (938, 'abcd', 'abcd', 0), (939, 'xyz', 'xyz', 0), (940, 'gdgdg', 'gdgdg', 0), (941, 'Frrfghyrgf', 'frrfghyrgf', 0), (942, 'Star', 'star', 0), (943, 'Night', 'night', 0), (944, 'Wedding', 'wedding', 0), (945, 'casamentos', 'casamentos', 0), (946, 'fotos', 'fotos', 0), (947, 'bodas', 'bodas', 0), (948, 'pixel', 'pixel', 0), (949, 'g', 'g', 0), (950, 'deal', 'deal', 0), (951, 'available', 'available', 0), (952, 'we', 'we', 0), (953, 'can', 'can', 0), (954, 'find it more', 'find-it-more', 0), (955, 'duan', 'duan', 0), (956, 'le', 'le', 0), (957, 'xzxzcxcz', 'xzxzcxcz', 0), (958, 'Mon ana', 'mon-ana', 0), (959, 'truck', 'truck', 0), (960, 'big', 'big', 0), (961, 'badass', 'badass', 0), (962, 'stor', 'stor', 0), (963, 'fin', 'fin', 0), (964, 'вуауа', '%d0%b2%d1%83%d0%b0%d1%83%d0%b0', 0), (965, 'For', 'for', 0), (966, 'bazzeg', 'bazzeg', 0), (967, 'jjjj', 'jjjj', 0), (968, 'gfh', 'gfh', 0), (969, 'ghfd', 'ghfd', 0), (970, 'Vizag', 'vizag', 0), (971, 'fs', 'fs', 0), (972, 'oil', 'oil', 0), (973, 'call gilr', 'call-gilr', 0), (974, 'jaguar specialist', 'jaguar-specialist', 0), (975, 'jaguar alloy wheels', 'jaguar-alloy-wheels', 0), (976, 'jaguar parts suppliers', 'jaguar-parts-suppliers', 0), (977, 'range rover accessories', 'range-rover-accessories', 0), (978, 'range rover oem parts', 'range-rover-oem-parts', 0), (979, 'range rover brake pads', 'range-rover-brake-pads', 0), (980, 'Money', 'money', 0), (981, 'perro', 'perro', 0), (982, 'etichete', 'etichete', 0), (983, 'dwdw', 'dwdw', 0), (984, 'jjjv', 'jjjv', 0), (985, 'Oconomowoc Pool Table', 'oconomowoc-pool-table', 0), (986, 'marketing', 'marketing', 0), (987, 'websites', 'websites', 0), (988, 'consulting', 'consulting', 0), (989, 'gott', 'gott', 0), (990, 'melon', 'melon', 0), (991, 'nyttigt', 'nyttigt', 0), (992, 'fdsafdas', 'fdsafdas', 0), (993, 'azd', 'azd', 0), (994, 'nike', 'nike', 0), (995, 'fast', 'fast', 0), (996, 'fuck', 'fuck', 0), (997, 'juck', 'juck', 0), (998, 'toyouta', 'toyouta', 0), (999, 'live tv', 'live-tv', 0), (1000, 'hdtv.legworktv', 'hdtv-legworktv', 0), (1001, 'iptv', 'iptv', 0), (1002, 'ppv', 'ppv', 0), (1003, 'buy sell', 'buy-sell', 0), (1004, 'check', 'check', 0), (1005, 'xvxbxcbxb', 'xvxbxcbxb', 0), (1006, 'teste teste', 'teste-teste', 0), (1007, 'asdad', 'asdad', 0), (1008, 'dasdasdas', 'dasdasdas', 0), (1009, 'das', 'das', 0), (1010, 'dasdas', 'dasdas', 0), (1011, 'd', 'd', 0), (1012, 'asdasdasdasdasdasdadasd', 'asdasdasdasdasdasdadasd', 0), (1013, 'product', 'product', 0), (1014, 'only', 'only', 0), (1015, 'demostration', 'demostration', 0), (1016, 'north indian food', 'north-indian-food', 0), (1017, 'northern', 'northern', 0), (1018, 'tiffins', 'tiffins', 0), (1019, 'clavecin', 'clavecin', 0), (1020, 'flamand', 'flamand', 0), (1021, 'ruckers', 'ruckers', 0), (1022, 'WW', 'ww', 0), (1023, 'trabalho em londres', 'trabalho-em-londres', 0), (1024, 'london', 'london', 0), (1025, 'best property', 'best-property', 0), (1026, 'wertert', 'wertert', 0), (1027, 'reyey56re', 'reyey56re', 0), (1028, 'ery45fht', 'ery45fht', 0), (1029, 'erhyjfdherh', 'erhyjfdherh', 0), (1030, 'deneme virgul', 'deneme-virgul', 0), (1031, 'Jodyshop', 'jodyshop', 0), (1032, 'ssssss', 'ssssss', 0), (1033, 'essai', 'essai', 0), (1034, 'furnture', 'furnture', 0), (1035, 'eeee', 'eeee', 0), (1036, 'ggg', 'ggg', 0), (1037, 'Ffrd', 'ffrd', 0), (1038, 'dsd ds', 'dsd-ds', 0), (1039, 'sdasdasdasdasdssa', 'sdasdasdasdasdssa', 0), (1040, 'sdfsf', 'sdfsf', 0), (1041, 'υπηρεσιες', '%cf%85%cf%80%ce%b7%cf%81%ce%b5%cf%83%ce%b9%ce%b5%cf%82', 0), (1042, 'ηλεκτρολογοι', '%ce%b7%ce%bb%ce%b5%ce%ba%cf%84%cf%81%ce%bf%ce%bb%ce%bf%ce%b3%ce%bf%ce%b9', 0), (1043, 'bcb', 'bcb', 0), (1044, 'hgjhj', 'hgjhj', 0), (1045, 'life', 'life', 0), (1046, 'ahe .', 'ahe', 0), (1047, 'desert', 'desert', 0), (1048, 'edge', 'edge', 0), (1049, 'cleaning staff', 'cleaning-staff', 0), (1050, 'BALKAMPET INTERIOR CARPENTERS', 'balkampet-interior-carpenters', 0), (1051, 'CARPENTER IN BALKAMPET', 'carpenter-in-balkampet', 0), (1052, 'balkampet interior carpenter', 'balkampet-interior-carpenter', 0), (1053, 'PS3', 'ps3', 0), (1054, 'Games', 'games', 0), (1055, 'PlayStaion', 'playstaion', 0), (1056, 'FIFA', 'fifa', 0), (1057, 'Call Of Duty', 'call-of-duty', 0), (1058, 'ball', 'ball', 0), (1059, 'vxcvc', 'vxcvc', 0), (1060, 'سسس', '%d8%b3%d8%b3%d8%b3', 0), (1061, 'εφ', '%ce%b5%cf%86', 0), (1062, 'δδδ', '%ce%b4%ce%b4%ce%b4', 0), (1063, 'Rav 4', 'rav-4', 0), (1064, 'tt', 'tt', 0), (1065, 'Ads', 'ads', 0), (1066, 'asds', 'asds', 0), (1067, 'sda', 'sda', 0), (1068, 'jhj', 'jhj', 0), (1069, 'hjdg', 'hjdg', 0), (1070, 'jrttjrjrrjt', 'jrttjrjrrjt', 0), (1071, 'iPhone 6', 'iphone-6', 0), (1072, 'qwjgsxcdqkj', 'qwjgsxcdqkj', 0), (1073, 'Suniukas', 'suniukas', 0), (1074, 'akita', 'akita', 0), (1075, 'free to good home', 'free-to-good-home', 0), (1076, 'sds', 'sds', 0), (1077, 'CAt and mouse', 'cat-and-mouse', 0), (1078, 'Doctors', 'doctors', 0), (1079, 'medical', 'medical', 0), (1080, 'fun', 'fun', 0), (1081, 'hospital', 'hospital', 0), (1082, 'etc', 'etc', 0), (1083, 'slkfjsldfkj', 'slkfjsldfkj', 0), (1084, 'Sshjdjdj', 'sshjdjdj', 0), (1085, 'sfsadf', 'sfsadf', 0), (1086, 'stuff', 'stuff', 0), (1087, 'kadakjdkas', 'kadakjdkas', 0), (1088, 'dasc', 'dasc', 0), (1089, 'ccas', 'ccas', 0), (1090, 'autos', 'autos', 0), (1091, 'eleco', 'eleco', 0), (1092, 'svsfdfsdf', 'svsfdfsdf', 0), (1093, 'gggggg', 'gggggg', 0), (1094, 'Mobile Phone', 'mobile-phone', 0), (1095, 'Andriod', 'andriod', 0), (1096, 'Infinix Note 4', 'infinix-note-4', 0), (1097, 'ad', 'ad', 0), (1098, 'forest', 'forest', 0), (1099, 'hello;', 'hello', 0), (1100, 'hak jit youtube channel', 'hak-jit-youtube-channel', 0), (1101, 'dfgdfgdhgntrrn', 'dfgdfgdhgntrrn', 0), (1102, 'tesaja', 'tesaja', 0), (1103, 'tes aja', 'tes-aja', 0), (1104, 'cffsdvsd', 'cffsdvsd', 0), (1105, 'sdfsdf', 'sdfsdf', 0), (1106, 'سكربت مؤسسات متعدد الأغراض', '%d8%b3%d9%83%d8%b1%d8%a8%d8%aa-%d9%85%d8%a4%d8%b3%d8%b3%d8%a7%d8%aa-%d9%85%d8%aa%d8%b9%d8%af%d8%af-%d8%a7%d9%84%d8%a3%d8%ba%d8%b1%d8%a7%d8%b6', 0), (1107, 'gfhjnkl', 'gfhjnkl', 0), (1108, 'Leather Jacket', 'leather-jacket', 0), (1109, 'dead', 'dead', 0), (1110, 'carros', 'carros', 0), (1111, 'fffffff', 'fffffff', 0), (1112, 'ffffffff', 'ffffffff', 0), (1113, 'ffffffffffffff', 'ffffffffffffff', 0), (1114, 'TS', 'ts', 0), (1115, '7', '7', 0), (1116, 'Handy', 'handy', 0), (1117, 'iasofnbasinfa', 'iasofnbasinfa', 0), (1118, 'kasnfkass', 'kasnfkass', 0), (1119, 'asfnasiof', 'asfnasiof', 0), (1120, 'bird', 'bird', 0), (1121, 'Photovoltaik', 'photovoltaik', 0), (1122, 'SunShineEnergy', 'sunshineenergy', 0), (1123, 'Solar', 'solar', 0), (1124, 'relog', 'relog', 0), (1125, 'de', 'de', 0), (1126, 'mujer', 'mujer', 0), (1127, 'nokia', 'nokia', 0), (1128, 'vzxvzvzx', 'vzxvzvzx', 0), (1129, 'pendriver', 'pendriver', 0), (1130, 'kl;lk', 'kllk', 0), (1131, 'aasas', 'aasas', 0), (1132, 'nikon', 'nikon', 0), (1133, 'cannon', 'cannon', 0), (1134, 'add', 'add', 0), (1135, 'classified', 'classified', 0), (1136, 'newholland', 'newholland', 0), (1137, 'swaraj', 'swaraj', 0), (1138, 'eletronics', 'eletronics', 0), (1139, 'ioioi', 'ioioi', 0), (1140, 'yguhuj', 'yguhuj', 0), (1141, 'Finance', 'finance', 0), (1142, 'Accountant', 'accountant', 0), (1143, 'Account', 'account', 0), (1144, 'One', 'one', 0), (1145, 'Two', 'two', 0), (1146, 'Three', 'three', 0), (1147, 'Fitness', 'fitness', 0), (1148, 'iklan', 'iklan', 0), (1149, 'car Mercedes motor vehicle', 'car-mercedes-motor-vehicle', 0), (1150, 'fgsgs', 'fgsgs', 0), (1151, 'Maison de luxe. villa impériale', 'maison-de-luxe-villa-imperiale', 0), (1152, 'mesa', 'mesa', 0), (1153, 'banho', 'banho', 0), (1154, 'marrige', 'marrige', 0), (1155, 'fghfg', 'fghfg', 0), (1156, 'fghfgh', 'fghfgh', 0), (1157, 'gfhfgh', 'gfhfgh', 0), (1158, 'سساترات', '%d8%b3%d8%b3%d8%a7%d8%aa%d8%b1%d8%a7%d8%aa', 0), (1159, 'sdf asdf asdf', 'sdf-asdf-asdf', 0), (1160, 'asdf asdf', 'asdf-asdf', 0), (1161, 'fgfg', 'fgfg', 0), (1162, 'sfd', 'sfd', 0), (1163, 'fdgfg', 'fdgfg', 0), (1164, 'cdcscdcds', 'cdcscdcds', 0), (1165, 'fgt', 'fgt', 0), (1166, 'hbvh', 'hbvh', 0), (1167, 'bh', 'bh', 0), (1168, 'vvvv', 'vvvv', 0), (1169, 'Assignment help', 'assignment-help', 0), (1170, 'online assignment help', 'online-assignment-help', 0), (1171, '태그', '%ed%83%9c%ea%b7%b8', 0), (1172, 'qa', 'qa', 0), (1173, '121', '121', 0), (1174, 'ss', 'ss', 0), (1175, 'ssssd', 'ssssd', 0), (1176, 'dfgfd', 'dfgfd', 0), (1177, 'dsds', 'dsds', 0), (1178, 'House to let', 'house-to-let', 0), (1179, 'Office cleaning', 'office-cleaning', 0), (1180, 'sfsdf', 'sfsdf', 0), (1181, 'DISEÑO', 'diseno', 0), (1182, 'animal', 'animal', 0), (1183, 'pentaho services', 'pentaho-services', 0), (1184, 'mypost', 'mypost', 0), (1185, 'comma', 'comma', 0), (1186, 'office 365', 'office-365', 0), (1187, 'install office 365', 'install-office-365', 0), (1188, 'office 365 support', 'office-365-support', 0), (1189, 'office.com/setup', 'office-com-setup', 0), (1190, 'bang', 'bang', 0), (1191, 'vehicles', 'vehicles', 0), (1192, 'convertible', 'convertible', 0), (1193, 'ASDADAsSDASDads', 'asdadassdasdads', 0), (1194, 'bid', 'bid', 0), (1195, 'house clean', 'house-clean', 0), (1196, 'boat', 'boat', 0), (1197, 'Test vAd', 'test-vad', 0), (1198, 'mhjkjh', 'mhjkjh', 0), (1199, 'lljlkjlk', 'lljlkjlk', 0), (1200, 'llklkj', 'llklkj', 0), (1201, 'Teste de carro', 'teste-de-carro', 0), (1202, 'ขายรองเท้า', '%e0%b8%82%e0%b8%b2%e0%b8%a2%e0%b8%a3%e0%b8%ad%e0%b8%87%e0%b9%80%e0%b8%97%e0%b9%89%e0%b8%b2', 0), (1203, '678678678', '678678678', 0), (1204, 'tag example', 'tag-example', 0), (1205, 'xxxx', 'xxxx', 0), (1206, 'bluetooth', 'bluetooth', 0), (1207, 'smartwatch', 'smartwatch', 0), (1208, '1ikjbqkjegfigdskjb', '1ikjbqkjegfigdskjb', 0), (1209, 'Dream', 'dream', 0), (1210, 'villa', 'villa', 0), (1211, 'www.office.com/setup', 'www-office-com-setup', 0), (1212, 'office setup 365', 'office-setup-365', 0), (1213, 'microsoft office 365', 'microsoft-office-365', 0), (1214, 'tyy', 'tyy', 0), (1215, 'yyu', 'yyu', 0), (1216, 'недвижимость', '%d0%bd%d0%b5%d0%b4%d0%b2%d0%b8%d0%b6%d0%b8%d0%bc%d0%be%d1%81%d1%82%d1%8c', 0), (1217, 'продам', '%d0%bf%d1%80%d0%be%d0%b4%d0%b0%d0%bc', 0), (1218, 'собственник', '%d1%81%d0%be%d0%b1%d1%81%d1%82%d0%b2%d0%b5%d0%bd%d0%bd%d0%b8%d0%ba', 0), (1219, 'Máquina de cartão', 'maquina-de-cartao', 0), (1220, 'Clothing', 'clothing', 0), (1221, 'Tshirts', 'tshirts', 0), (1222, 'Hoodies', 'hoodies', 0), (1223, 'Accessories', 'accessories', 0), (1224, 'Music', 'music', 0), (1225, 'Decor', 'decor', 0), (1226, 'Blue', 'blue', 0), (1227, 'Green', 'green', 0), (1228, 'Red', 'red', 0), (1229, 'Large', 'large', 0), (1230, 'Medium', 'medium', 0), (1231, 'Small', 'small', 0), (1232, 'Gray', 'gray', 0), (1233, 'Yellow', 'yellow', 0), (1234, 'rider', 'rider', 0), (1235, 'yeah', 'yeah', 0), (1236, 'Fashion', 'fashion', 0), (1237, 'www.office.com/setup | Office.com/setup | Office Setup', 'www-office-com-setup-office-com-setup-office-setup', 0), (1238, 'land for sale', 'land-for-sale', 0), (1239, 'mercedes benz', 'mercedes-benz', 0), (1240, 'toys', 'toys', 0), (1241, 'tagi', 'tagi', 0), (1242, 'kedi', 'kedi', 0), (1243, 'hayvan', 'hayvan', 0), (1244, 'Website', 'website', 0), (1245, 'Graphic', 'graphic', 0), (1246, 'compra', 'compra', 0), (1247, 'carro', 'carro', 0), (1248, 'yes', 'yes', 0), (1249, 'gdfgsdgsdfg', 'gdfgsdgsdfg', 0), (1250, 'gfvdsfv', 'gfvdsfv', 0), (1251, 'Nigeria', 'nigeria', 0), (1252, 'foco coches', 'foco-coches', 0), (1253, 'Men Casual Jacket', 'men-casual-jacket', 0), (1254, 'Jodyshop Fashion', 'jodyshop-fashion', 0), (1255, 'mens jackets', 'mens-jackets', 0), (1256, 'winter jacket for men', 'winter-jacket-for-men', 0), (1257, 'ofertas', 'ofertas', 0), (1258, 'fixed', 'fixed', 0), (1259, '123123', '123123', 0), (1260, 'test tests hello', 'test-tests-hello', 0), (1261, 'fsdgsf', 'fsdgsf', 0), (1262, '4444', '4444', 0), (1263, 'ghjghjghj', 'ghjghjghj', 0), (1264, 'ghjghjghjghjg', 'ghjghjghjghjg', 0), (1265, 'ghj', 'ghj', 0), (1266, 'jgh', 'jgh', 0), (1267, 'j', 'j', 0), (1268, 'gh', 'gh', 0), (1269, 'fj', 'fj', 0), (1270, 'ghjgh', 'ghjgh', 0), (1271, 'jhjj', 'jhjj', 0), (1272, 'jjjjjj', 'jjjjjj', 0), (1273, 'jjjjj', 'jjjjj', 0), (1274, 'jjjjjjj', 'jjjjjjj', 0), (1275, 'jjj.i.fgjdfsghfghf', 'jjj-i-fgjdfsghfghf', 0), (1276, 'fhfghfg', 'fhfghfg', 0), (1277, 'hgfhgfh', 'hgfhgfh', 0), (1278, 'shoe', 'shoe', 0), (1279, 'dibujo', 'dibujo', 0), (1280, 'humor', 'humor', 0), (1281, 'ffff', 'ffff', 0), (1282, 'automobile', 'automobile', 0), (1283, 'Пчелен мед', '%d0%bf%d1%87%d0%b5%d0%bb%d0%b5%d0%bd-%d0%bc%d0%b5%d0%b4', 0), (1284, 'tyrtyrt', 'tyrtyrt', 0), (1285, 'hyndai', 'hyndai', 0), (1286, '2018', '2018', 0), (1287, 'k', 'k', 0), (1288, 'hjk', 'hjk', 0), (1289, 'dsfasdfasdf', 'dsfasdfasdf', 0), (1290, 'b', 'b', 0), (1291, 'venta por motivo de viaje', 'venta-por-motivo-de-viaje', 0), (1292, '#eminem #SlimShady', 'eminem-slimshady', 0), (1293, 'veiculos', 'veiculos', 0), (1294, 'recondition', 'recondition', 0), (1295, 'online shop', 'online-shop', 0), (1296, 'polos', 'polos', 0), (1297, 'SDAdaSDAd A A', 'sdadasdad-a-a', 0), (1298, 'ytyh', 'ytyh', 0), (1299, 'ereareasrf', 'ereareasrf', 0), (1300, 'sdsq', 'sdsq', 0), (1301, 'Sneakers', 'sneakers', 0), (1302, 'fram', 'fram', 0), (1303, 'macdonalds', 'macdonalds', 0), (1304, 'allo', 'allo', 0), (1305, 'acura', 'acura', 0), (1306, 'mobil mura', 'mobil-mura', 0), (1307, 'jawa tengah', 'jawa-tengah', 0), (1308, 'fgdf.', 'fgdf', 0), (1309, 'dfgdg dgr', 'dfgdg-dgr', 0), (1310, 'street', 'street', 0), (1311, 'eeeee', 'eeeee', 0), (1312, 'plywpodo', 'plywpodo', 0), (1313, 'cle', 'cle', 0), (1314, 'nha cho thuê', 'nha-cho-thue', 0), (1315, 'batata', 'batata', 0), (1316, 'Move Immediately', 'move-immediately', 0), (1317, 'tomatos', 'tomatos', 0), (1318, 'eatclean', 'eatclean', 0), (1319, 'bio', 'bio', 0), (1320, 'fggf gfg f', 'fggf-gfg-f', 0), (1321, 'tukang bangunan', 'tukang-bangunan', 0), (1322, 'gd', 'gd', 0), (1323, 'blas', 'blas', 0), (1324, 'dfsfsd', 'dfsfsd', 0), (1325, 'iphone 5s', 'iphone-5s', 0), (1326, 'weaswredtgyrhfujl;\'', 'weaswredtgyrhfujl', 0), (1327, 'jardin', 'jardin', 0), (1328, 'Netgear Support', 'netgear-support', 0), (1329, 'Netgear Router Technical Support', 'netgear-router-technical-support', 0), (1330, 'Netgear Support Phone Number', 'netgear-support-phone-number', 0), (1331, 'Kaspersky Tech Support Phone Number', 'kaspersky-tech-support-phone-number', 0), (1332, 'Kaspersky Customer Service Number', 'kaspersky-customer-service-number', 0), (1333, 'Kaspersky Phone Number', 'kaspersky-phone-number', 0), (1334, 'Kaspersky Contact Information', 'kaspersky-contact-information', 0), (1335, 'Contact Kaspersky Australia', 'contact-kaspersky-australia', 0), (1336, 'Outlook Phone Number', 'outlook-phone-number', 0), (1337, 'Outlook Support', 'outlook-support', 0), (1338, 'Outlook Help', 'outlook-help', 0), (1339, 'Outlook Customer Service', 'outlook-customer-service', 0), (1340, 'Norton Contact Number', 'norton-contact-number', 0), (1341, 'Norton Customer Service', 'norton-customer-service', 0), (1342, 'Norton Customer Service UK', 'norton-customer-service-uk', 0), (1343, 'Norton Support UK', 'norton-support-uk', 0), (1344, 'Norton Technical Support', 'norton-technical-support', 0), (1345, 'Norton Tech Support', 'norton-tech-support', 0), (1346, 'Norton Support', 'norton-support', 0), (1347, 'Hgc', 'hgc', 0), (1348, 'utrutyu', 'utrutyu', 0), (1349, 'SAVE 50% RIGHT NOW!!!', 'save-50-right-now', 0), (1350, 'michael@gmail.com', 'michaelgmail-com', 0), (1351, 'sdasd', 'sdasd', 0), (1352, 'cghgtu;jjklojj', 'cghgtujjklojj', 0), (1353, 'ujujjj', 'ujujjj', 0), (1354, 'dghj', 'dghj', 0), (1355, 'osclass', 'osclass', 0), (1356, 'dgdgdg', 'dgdgdg', 0), (1357, 'ghjfsdj', 'ghjfsdj', 0), (1358, 'ghdsagfhds', 'ghdsagfhds', 0), (1359, 'Ordi', 'ordi', 0), (1360, 'Hotel de 5 estrellas', 'hotel-de-5-estrellas', 0), (1361, 'aire', 'aire', 0), (1362, 'ggggg', 'ggggg', 0), (1363, 'kobutor', 'kobutor', 0), (1364, 'pigeon', 'pigeon', 0), (1365, 'fsadfsdfsad', 'fsadfsdfsad', 0), (1366, 'good condtion', 'good-condtion', 0), (1367, 'otopark', 'otopark', 0), (1368, 'kiralık', 'kiralik', 0), (1369, 'mqwjdqwmfdwej~pokj', 'mqwjdqwmfdwejpokj', 0), (1370, 'bowep~wqkf´', 'bowepwqkf', 0), (1371, 'weqºd~qd', 'weqodqd', 0), (1372, 'HTC for sale', 'htc-for-sale', 0), (1373, 'oki', 'oki', 0), (1374, 'o', 'o', 0), (1375, 'sfsdfdf', 'sfsdfdf', 0), (1376, 'mplo', 'mplo', 0), (1377, 'Md Chhafrul Alam Khan', 'md-chhafrul-alam-khan', 0), (1378, 'Property', 'property', 0), (1379, 'Rent', 'rent', 0), (1380, 'flat', 'flat', 0), (1381, 'room', 'room', 0), (1382, 'bacholor', 'bacholor', 0), (1383, 'aaaaaa', 'aaaaaa', 0), (1384, 'Nike Air', 'nike-air', 0), (1385, '44', '44', 0), (1386, 'admin', 'admin', 0), (1387, 'precio', 'precio', 0), (1388, 'oferta', 'oferta', 0), (1389, 'pak', 'pak', 0), (1390, 'lek', 'lek', 0), (1391, 'ceo', 'ceo', 0), (1392, 'Antenista', 'antenista', 0), (1393, 'instalador de antenas', 'instalador-de-antenas', 0), (1394, 'instalador Sky', 'instalador-sky', 0), (1395, 'x', 'x', 0), (1396, 'tap', 'tap', 0), (1397, 'pf', 'pf', 0), (1398, 'sffege', 'sffege', 0), (1399, 'wtt', 'wtt', 0), (1400, 'room rent', 'room-rent', 0), (1401, 'MBA', 'mba', 0), (1402, 'College', 'college', 0), (1403, 'Online degree', 'online-degree', 0), (1404, 'Best College', 'best-college', 0), (1405, 'USA Online Degree', 'usa-online-degree', 0), (1406, 'fd dffd', 'fd-dffd', 0), (1407, 'BM C', 'bm-c', 0), (1408, '.M B', 'm-b', 0), (1409, 'ascurra', 'ascurra', 0), (1410, 'terreno', 'terreno', 0), (1411, 'ghfgh', 'ghfgh', 0), (1412, 'Baloes', 'baloes', 0), (1413, 'webstie', 'webstie', 0), (1414, 'pakhi', 'pakhi', 0), (1415, 'Console', 'console', 0), (1416, 'Gaming', 'gaming', 0), (1417, 'House for sale mawanella', 'house-for-sale-mawanella', 0), (1418, 'Sapato Social', 'sapato-social', 0), (1419, 'bhopal', 'bhopal', 0), (1420, '2 bhk rent', '2-bhk-rent', 0), (1421, 'tea masala', 'tea-masala', 0), (1422, 'tea product', 'tea-product', 0), (1423, 'made in tanzania', 'made-in-tanzania', 0), (1424, 'f4f4rf4rf', 'f4f4rf4rf', 0), (1425, 'revista', 'revista', 0), (1426, 'puno', 'puno', 0), (1427, '444', '444', 0), (1428, 'jf', 'jf', 0), (1429, 'sdfg', 'sdfg', 0), (1430, 'information', 'information', 0), (1431, 'تعليمي', '%d8%aa%d8%b9%d9%84%d9%8a%d9%85%d9%8a', 0), (1432, 'تجريبي', '%d8%aa%d8%ac%d8%b1%d9%8a%d8%a8%d9%8a', 0), (1433, 'تيست', '%d8%aa%d9%8a%d8%b3%d8%aa', 0), (1434, 'الله اكبر', '%d8%a7%d9%84%d9%84%d9%87-%d8%a7%d9%83%d8%a8%d8%b1', 0), (1435, 'Belkin Support', 'belkin-support', 0), (1436, 'Belkin Router Support', 'belkin-router-support', 0), (1437, 'Belkin Tech Support', 'belkin-tech-support', 0), (1438, 'Belkin Technical Support', 'belkin-technical-support', 0), (1439, 'Belkin Customer Support', 'belkin-customer-support', 0), (1440, 'Belkin Support Number', 'belkin-support-number', 0), (1441, 'Belkin Support Hotline', 'belkin-support-hotline', 0), (1442, 'Belkin Router Technical Support', 'belkin-router-technical-support', 0), (1443, 'Belkin Router Customer Support', 'belkin-router-customer-support', 0), (1444, 'Belkin Support Phone Number', 'belkin-support-phone-number', 0), (1445, 'Belkin Technical Support Number', 'belkin-technical-support-number', 0), (1446, 'Belkin Customer Support Number', 'belkin-customer-support-number', 0), (1447, 'Belkin Router Support Number', 'belkin-router-support-number', 0), (1448, 'Belkin Support United States', 'belkin-support-united-states', 0), (1449, 'Mcafee Help', 'mcafee-help', 0); 

INSERT INTO `wp_terms` (`term_id`, `name`, `slug`, `term_group`) VALUES (1450, 'Mcafee Support', 'mcafee-support', 0), (1451, 'Mcafee Customer Service', 'mcafee-customer-service', 0), (1452, 'Mcafee Contact', 'mcafee-contact', 0), (1453, 'Mcafee Phone Number', 'mcafee-phone-number', 0), (1454, 'mcafee support number', 'mcafee-support-number', 0), (1455, 'mcafee technical support', 'mcafee-technical-support', 0), (1456, 'mcafee support phone number', 'mcafee-support-phone-number', 0), (1457, 'mcafee number', 'mcafee-number', 0), (1458, 'TESAE', 'tesae', 0), (1459, 'sdfdsaf', 'sdfdsaf', 0), (1460, 'D Link Support', 'd-link-support', 0), (1461, 'D Link Router Support', 'd-link-router-support', 0), (1462, 'D Link Customer Support', 'd-link-customer-support', 0), (1463, 'D Link Support Number', 'd-link-support-number', 0), (1464, 'D Link Support Hotline', 'd-link-support-hotline', 0), (1465, 'D Link Router Customer Support', 'd-link-router-customer-support', 0), (1466, 'D Link Support Phone Number', 'd-link-support-phone-number', 0), (1467, 'D Link Customer Support Number', 'd-link-customer-support-number', 0), (1468, 'D Link Router Support Number', 'd-link-router-support-number', 0), (1469, 'D Link Support United States', 'd-link-support-united-states', 0), (1470, 'norton tech support phone number', 'norton-tech-support-phone-number', 0), (1471, 'norton tech support number', 'norton-tech-support-number', 0), (1472, 'norton support number', 'norton-support-number', 0), (1473, 'norton support phone number norton phone number', 'norton-support-phone-number-norton-phone-number', 0), (1474, 'norton number', 'norton-number', 0), (1475, 'office', 'office', 0), (1476, '2016', '2016', 0), (1477, 'windows', 'windows', 0), (1478, 'wxcwl', 'wxcwl', 0), (1479, 'магия', '%d0%bc%d0%b0%d0%b3%d0%b8%d1%8f', 0), (1480, 'таро', '%d1%82%d0%b0%d1%80%d0%be', 0), (1481, 'تست', '%d8%aa%d8%b3%d8%aa', 0), (1482, 'تال', '%d8%aa%d8%a7%d9%84', 0), (1483, 'باا', '%d8%a8%d8%a7%d8%a7', 0), (1484, 'الاتخ', '%d8%a7%d9%84%d8%a7%d8%aa%d8%ae', 0), (1485, 'jgk', 'jgk', 0), (1486, 'test2', 'test2', 0), (1487, 'test3', 'test3', 0), (1488, 'land', 'land', 0), (1489, 'BROKER', 'broker', 0), (1490, 'saveiro', 'saveiro', 0), (1491, 'rebaixados', 'rebaixados', 0), (1492, 'sddfg', 'sddfg', 0), (1493, 'muy bonita', 'muy-bonita', 0), (1494, 'excelente', 'excelente', 0), (1495, 'espaciosa', 'espaciosa', 0), (1496, 'decorada', 'decorada', 0), (1497, 'fehaciente', 'fehaciente', 0), (1498, 'Ywgssjus', 'ywgssjus', 0), (1499, 'marbella', 'marbella', 0), (1500, 'duplex', 'duplex', 0), (1501, 'cheap', 'cheap', 0), (1502, 'seaviews', 'seaviews', 0), (1503, 'help', 'help', 0), (1504, 'werwer', 'werwer', 0), (1505, 'sono', 'sono', 0), (1506, 'bfnghj', 'bfnghj', 0), (1507, '2000', '2000', 0), (1508, 'ثقصبلصثقل', '%d8%ab%d9%82%d8%b5%d8%a8%d9%84%d8%b5%d8%ab%d9%82%d9%84', 0), (1509, 'دید بسیار عالی', '%d8%af%db%8c%d8%af-%d8%a8%d8%b3%db%8c%d8%a7%d8%b1-%d8%b9%d8%a7%d9%84%db%8c', 0), (1510, 'vyvy', 'vyvy', 0), (1511, 'Yamaha', 'yamaha', 0), (1512, 'R15', 'r15', 0), (1513, 'good conditon', 'good-conditon', 0), (1514, 'Tests', 'tests', 0), (1515, 'as', 'as', 0), (1516, 'Car Loan', 'car-loan', 0), (1517, 'Car Sale', 'car-sale', 0), (1518, 'Sell Car', 'sell-car', 0), (1519, 'Buy Car', 'buy-car', 0), (1520, 'Used car sale', 'used-car-sale', 0), (1521, 'High loan singapore', 'high-loan-singapore', 0), (1522, 'car loan singapore', 'car-loan-singapore', 0), (1523, 'buy used car', 'buy-used-car', 0), (1524, 'dragão', 'dragao', 0), (1525, 'Batalha', 'batalha', 0), (1526, 'São germand', 'sao-germand', 0), (1527, 'Kumpardf', 'kumpardf', 0), (1528, 'style', 'style', 0), (1529, 'ipad', 'ipad', 0), (1530, 'gol', 'gol', 0), (1531, 'table', 'table', 0), (1532, 'ios', 'ios', 0), (1533, 'תוכנית מדהימה', '%d7%aa%d7%95%d7%9b%d7%a0%d7%99%d7%aa-%d7%9e%d7%93%d7%94%d7%99%d7%9e%d7%94', 0), (1534, 'גדג דכגכ', '%d7%92%d7%93%d7%92-%d7%93%d7%9b%d7%92%d7%9b', 0), (1539, 'Johnstown', 'johnstown-united-states', 0), (1551, 'HeadPhones', 'headphones', 0), (1552, 'New Laptop', 'new-laptop', 0), (1553, 'Mobile &amp; Laptops', 'mobile-laptops', 0), (1554, 'Camera', 'camera', 0), (1556, 'Mavic 2', 'mavic-2', 0), (1557, 'Mavic Air', 'mavic-air', 0), (1558, 'Mavic Pro Platinum', 'mavic-pro-platinum', 0), (1559, 'Mavic Pro', 'mavic-pro', 0), (1560, 'Phantom 4 Pro V2.0', 'phantom-4-pro-v2-0', 0), (1561, 'Phantom 4 Pro', 'phantom-4-pro', 0), (1562, 'Phantom 4 Pro advance', 'phantom-4-pro-advance', 0), (1563, 'Phantom 3 SE', 'phantom-3-se', 0), (1564, 'Yuneec', 'yuneec', 0), (1565, 'FUN FLYING', 'fun-flying', 0), (1566, '4K HIGH RESOLUTION', '4k-high-resolution', 0), (1567, 'PROFESSIONAL', 'professional', 0), (1568, 'Mantis Q', 'mantis-q', 0), (1569, 'Breeze 4K', 'breeze-4k', 0), (1570, 'Typhoon 4K', 'typhoon-4k', 0), (1571, 'Typhoon H', 'typhoon-h', 0), (1572, 'Typhoon H Plus', 'typhoon-h-plus', 0), (1573, 'Typhoon H with Intel', 'typhoon-h-with-intel', 0), (1574, 'RealSense Technology', 'realsense-technology', 0), (1575, 'Syma', 'syma', 0), (1576, 'GPS smart drone', 'gps-smart-drone', 0), (1577, 'Smart drone', 'smart-drone', 0), (1578, 'Folding drone', 'folding-drone', 0), (1579, 'X25 PRO', 'x25-pro', 0), (1580, 'X8 PRO', 'x8-pro', 0), (1581, 'X22W', 'x22w', 0), (1582, 'X23W', 'x23w', 0), (1583, 'Z1', 'z1', 0), (1584, 'Z3', 'z3', 0), (1585, 'Smart Watch', 'smart-watch', 0), (1586, 'Huawei', 'huawei', 0), (1587, 'Garmin', 'garmin', 0), (1588, 'Apple', 'apple', 0), (1589, 'Samsung', 'samsung', 0), (1590, 'Gear S3', 'gear-s3', 0), (1591, 'Gear Sport', 'gear-sport', 0), (1592, 'Gear Fit2 Pro', 'gear-fit2-pro', 0), (1593, 'Gear S3 frontier', 'gear-s3-frontier', 0), (1594, 'Gear S3 Classic', 'gear-s3-classic', 0), (1595, 'Gear Sport Black', 'gear-sport-black', 0), (1596, 'Series 4', 'series-4', 0), (1597, 'Nike+', 'nike', 0), (1598, 'Series 3', 'series-3', 0), (1599, 'Tactix', 'tactix', 0), (1600, 'D2', 'd2', 0), (1601, 'Instinct', 'instinct', 0), (1602, 'Charlie', 'charlie', 0), (1603, 'Delta S', 'delta-s', 0), (1604, 'Delta', 'delta', 0), (1605, 'Delta PX', 'delta-px', 0), (1606, 'Graphite', 'graphite', 0), (1607, 'GT', 'gt', 0), (1608, 'TalkBand B5', 'talkband-b5', 0), (1609, 'Band 3 Pro', 'band-3-pro', 0), (1610, 'GPS Devices', 'gps-devices', 0), (1611, 'Alpine', 'alpine', 0), (1612, 'Kenwood', 'kenwood', 0), (1613, 'Pioneer', 'pioneer', 0), (1614, 'INE-W960HDMI', 'ine-w960hdmi', 0), (1615, 'X009-FD2', 'x009-fd2', 0), (1616, 'X009-GM2', 'x009-gm2', 0), (1617, 'X009-RAM', 'x009-ram', 0), (1619, 'DNX875S', 'dnx875s', 0), (1620, 'DNX874S', 'dnx874s', 0), (1621, 'DNX775RVS', 'dnx775rvs', 0), (1622, 'DDX376BT', 'ddx376bt', 0), (1623, 'AVIC-W8400NEX', 'avic-w8400nex', 0), (1624, 'AVIC-8201NEX', 'avic-8201nex', 0), (1625, 'AVIC-7201NEX', 'avic-7201nex', 0), (1626, 'AVIC-W6400NEX', 'avic-w6400nex', 0), (1627, 'Game Consoles', 'game-consoles', 0), (1629, 'Nintendo', 'nintendo', 0), (1630, 'SEGA', 'sega', 0), (1631, 'Sony', 'sony', 0), (1632, '3DS XL', '3ds-xl', 0), (1633, 'DS Lite', 'ds-lite', 0), (1634, 'Nintendo Switch', 'nintendo-switch', 0), (1635, 'Classic Mini', 'classic-mini', 0), (1636, 'Nintendo 3DS', 'nintendo-3ds', 0), (1637, 'Nintendo 64', 'nintendo-64', 0), (1638, 'Nintendo DS', 'nintendo-ds', 0), (1639, 'Nintendo NES', 'nintendo-nes', 0), (1640, 'Nintendo Wii', 'nintendo-wii', 0), (1641, 'Nintendo Wii U', 'nintendo-wii-u', 0), (1642, 'Nintendo Switch', 'nintendo-switch-ds-lite', 0), (1643, 'Game Boy Advance', 'game-boy-advance', 0), (1644, 'Nintendo DS', 'nintendo-ds-ds-lite', 0), (1645, 'Nintendo 64', 'nintendo-64-3ds-xl', 0), (1646, 'Nintendo DS', 'nintendo-ds-3ds-xl', 0), (1647, 'Nintendo Wii', 'nintendo-wii-3ds-xl', 0), (1648, 'Genesis II', 'genesis-ii', 0), (1649, 'Genesis - Original', 'genesis-original', 0), (1650, 'Genesis 3', 'genesis-3', 0), (1651, 'Nintendo NES', 'nintendo-nes-genesis-ii', 0), (1652, 'Sega Dreamcast', 'sega-dreamcast', 0), (1653, 'Sega Game Gear', 'sega-game-gear', 0), (1654, 'Sega Genesis', 'sega-genesis', 0), (1655, 'Sega Master System', 'sega-master-system', 0), (1656, 'Sega Mega Drive', 'sega-mega-drive', 0), (1657, 'Sega Mega Drive', 'sega-mega-drive-genesis-3', 0), (1658, 'Sega Saturn', 'sega-saturn', 0), (1659, 'PlayStation 4 - Original', 'playstation-4-original', 0), (1660, 'PlayStation 4 Slim', 'playstation-4-slim', 0), (1661, 'PlayStation 2 - Slim', 'playstation-2-slim', 0), (1662, 'Sony PlayStation Vita', 'sony-playstation-vita', 0), (1663, 'Sony PlayStation 1', 'sony-playstation-1', 0), (1664, 'Sony PlayStation 2', 'sony-playstation-2', 0), (1665, 'Sony PSP', 'sony-psp', 0), (1666, 'Sony PlayStation 4', 'sony-playstation-4', 0), (1667, 'Sony PlayStation 2', 'sony-playstation-2-playstation-4-slim', 0), (1668, 'Sony PSP', 'sony-psp-playstation-4-original', 0), (1669, 'Sony PlayStation Vita', 'sony-playstation-vita-playstation-4-original', 0), (1670, 'Sony PlayStation 4', 'sony-playstation-4-playstation-4-original', 0), (1671, 'Folding drone body', 'folding-drone-body', 0), (1672, 'one key take off', 'one-key-take-off', 0), (1673, 'WiFi camera', 'wifi-camera', 0), (1674, '360 degree stunt', '360-degree-stunt', 0), (1675, 'Gps drones', 'gps-drones', 0), (1676, 'latest drones', 'latest-drones', 0), (1677, '4k resolution', '4k-resolution', 0), (1678, 'vice controle', 'vice-controle', 0), (1679, 'Car gps devices', 'car-gps-devices', 0), (1680, 'gps devices', 'gps-devices', 0), (1681, 'gps system', 'gps-system', 0), (1682, 'RadioBluetooth', 'radiobluetooth', 0), (1683, 'Wifi', 'wifi', 0), (1684, 'Gps device for car', 'gps-device-for-car', 0), (1685, 'ken-wood', 'ken-wood', 0), (1686, 'smart watch', 'smart-watch', 0), (1687, 'apple watch', 'apple-watch', 0), (1688, 'apple smart watch', 'apple-smart-watch', 0), (1689, 'GPS smartwatch', 'gps-smartwatch', 0), (1690, 'strengthened glass', 'strengthened-glass', 0), (1691, 'game console', 'game-console', 0), (1692, 'Nidendo vide games', 'nidendo-vide-games', 0), (1693, 'sonny game console', 'sonny-game-console', 0), (1694, 'video controller', 'video-controller', 0), (1695, 'VR Glasses', 'vr-glasses', 0), (1696, 'Samsung', 'samsung-2', 0), (1697, 'SainSonic', 'sainsonic', 0), (1698, 'VR Shinecon', 'vr-shinecon', 0), (1699, '3D Glasses TR', '3d-glasses-tr', 0), (1700, 'Helmet Headse', 'helmet-headse', 0), (1701, 'Galaxy Note 5 S6 S7 Edge', 'galaxy-note-5-s6-s7-edge', 0), (1702, 'VR Shinecon 6.0', 'vr-shinecon-6-0', 0), (1703, 'VR Box', 'vr-box', 0), (1704, 'vr shinecon 4.0', 'vr-shinecon-4-0', 0), (1705, 'Cardboard V2', 'cardboard-v2', 0), (1706, 'Glasses For IOS 4', 'glasses-for-ios-4', 0), (1707, 'vr glasses', 'vr-glasses', 0), (1708, 'Touchpad', 'touchpad', 0), (1709, 'Trigger', 'trigger', 0), (1710, '3d', '3d', 0), (1711, 'selfe', 'selfe', 0), (1712, 'drones', 'drones', 0), (1713, 'drones with high range', 'drones-with-high-range', 0), (1714, '4k drone', '4k-drone', 0), (1715, 'gps drone', 'gps-drone', 0), (1716, 'face recognition drone', 'face-recognition-drone', 0), (1717, 'mutipurpose drones', 'mutipurpose-drones', 0), (1718, 'drone', 'drone', 0), (1719, 'agriculture drone', 'agriculture-drone', 0);  

INSERT INTO `wp_term_relationships` (`object_id`, `term_taxonomy_id`, `term_order`) VALUES (0, 201, 0), (0, 514, 0), (0, 552, 0), (0, 654, 0), (0, 739, 0), (0, 740, 0), (0, 741, 0), (0, 1084, 0), (0, 1186, 0), (0, 1187, 0), (0, 1188, 0), (0, 1189, 0), (0, 1482, 0), (0, 1483, 0), (0, 1484, 0), (1, 1, 0), (68, 2, 0), (68, 1223, 0), (68, 1227, 0), (117, 137, 0), (117, 138, 0), (117, 139, 0), (117, 149, 0), (117, 213, 0), (117, 272, 0), (117, 337, 0), (117, 433, 0), (117, 442, 0), (117, 470, 0), (361, 112, 0), (361, 238, 0), (361, 240, 0), (361, 272, 0), (361, 287, 0), (361, 335, 0), (361, 433, 0), (361, 437, 0), (361, 465, 0), (472, 1, 0), (472, 15, 0), (472, 21, 0), (472, 24, 0), (472, 38, 0), (472, 64, 0), (477, 1, 0), (477, 15, 0), (477, 21, 0), (477, 24, 0), (477, 38, 0), (477, 64, 0), (480, 1, 0), (480, 61, 0), (480, 62, 0), (480, 63, 0), (483, 1, 0), (483, 45, 0), (483, 46, 0), (483, 47, 0), (483, 48, 0), (488, 1, 0), (488, 17, 0), (488, 40, 0), (488, 41, 0), (490, 1, 0), (490, 36, 0), (490, 56, 0), (490, 67, 0), (493, 1, 0), (493, 44, 0), (493, 50, 0), (493, 66, 0), (496, 1, 0), (496, 34, 0), (496, 35, 0), (496, 60, 0), (499, 1, 0), (499, 39, 0), (499, 53, 0), (499, 55, 0), (501, 1, 0), (501, 18, 0), (501, 32, 0), (501, 33, 0), (504, 1, 0), (504, 25, 0), (504, 26, 0), (504, 27, 0), (504, 68, 0), (507, 1, 0), (507, 20, 0), (507, 58, 0), (507, 59, 0), (509, 1, 0), (509, 42, 0), (509, 43, 0), (509, 52, 0), (512, 1, 0), (512, 19, 0), (512, 37, 0), (512, 49, 0), (512, 57, 0), (514, 1, 0), (514, 16, 0), (514, 22, 0), (514, 23, 0), (517, 1, 0), (517, 28, 0), (517, 29, 0), (517, 30, 0), (520, 1, 0), (520, 31, 0), (520, 51, 0), (520, 54, 0), (523, 1, 0), (526, 1, 0), (529, 1, 0), (529, 65, 0), (529, 69, 0), (529, 70, 0), (529, 71, 0), (749, 2, 0), (749, 733, 0), (753, 2, 0), (753, 733, 0), (1085, 2, 0), (1085, 733, 0), (1634, 112, 0), (1634, 206, 0), (1634, 254, 0), (1634, 287, 0), (1634, 335, 0), (1634, 433, 0), (2313, 1, 0), (2313, 195, 0), (2313, 272, 0), (2313, 287, 0), (2313, 360, 0), (2313, 361, 0), (2348, 112, 0), (2348, 206, 0), (2348, 334, 0), (2348, 433, 0), (2353, 334, 0), (2353, 433, 0), (2353, 434, 0), (2354, 272, 0), (2354, 287, 0), (2354, 336, 0), (2354, 433, 0), (2354, 435, 0), (2354, 458, 0), (2368, 132, 0), (2368, 213, 0), (2368, 241, 0), (2368, 272, 0), (2368, 335, 0), (2368, 433, 0), (2368, 435, 0), (2371, 241, 0), (2371, 341, 0), (2371, 433, 0), (2371, 447, 0), (2371, 495, 0), (2371, 722, 0), (2433, 345, 0), (2440, 345, 0), (2442, 345, 0), (2444, 345, 0), (2447, 345, 0), (2449, 345, 0), (2451, 345, 0), (2453, 345, 0), (2455, 345, 0), (2458, 345, 0), (2460, 345, 0), (2462, 345, 0), (2467, 345, 0), (2469, 345, 0), (2474, 345, 0), (2476, 345, 0), (2478, 345, 0), (2479, 345, 0), (2480, 345, 0), (2481, 345, 0), (2482, 345, 0), (2483, 345, 0), (2484, 345, 0), (2485, 345, 0), (2488, 334, 0), (2488, 433, 0), (2509, 112, 0), (2509, 334, 0), (2509, 433, 0), (2510, 213, 0), (2510, 241, 0), (2510, 272, 0), (2510, 336, 0), (2510, 433, 0), (2510, 435, 0), (2510, 889, 0), (2527, 345, 0), (2528, 345, 0), (2529, 345, 0), (2530, 345, 0), (2531, 345, 0), (2532, 345, 0), (2533, 345, 0), (2534, 345, 0), (2535, 345, 0), (2536, 345, 0), (2537, 345, 0), (2538, 345, 0), (2539, 345, 0), (2540, 345, 0), (2541, 345, 0), (2542, 345, 0), (2543, 345, 0), (2549, 345, 0), (2550, 345, 0), (2651, 149, 0), (2651, 272, 0), (2651, 287, 0), (2651, 343, 0), (2651, 356, 0), (2651, 357, 0), (2930, 149, 0), (2930, 272, 0), (2930, 287, 0), (2930, 334, 0), (2930, 433, 0), (2930, 437, 0), (2930, 462, 0), (3566, 206, 0), (3566, 241, 0), (3566, 287, 0), (3566, 334, 0), (3566, 433, 0), (3566, 435, 0), (3566, 458, 0), (3759, 241, 0), (3759, 272, 0), (3759, 334, 0), (3759, 433, 0), (3759, 1214, 0), (3759, 1215, 0), (4166, 206, 0), (4166, 241, 0), (4166, 287, 0), (4166, 334, 0), (4166, 433, 0), (4166, 1283, 0), (7096, 733, 0), (7097, 733, 0), (7098, 733, 0), (7099, 733, 0), (7100, 733, 0), (7101, 733, 0), (7106, 733, 0), (7135, 2, 0), (7135, 1236, 0), (7137, 2, 0), (7137, 8, 0), (7137, 1223, 0), (7139, 2, 0), (7139, 8, 0), (7139, 1223, 0), (7140, 2, 0), (7140, 1223, 0), (7140, 1226, 0), (7855, 345, 0), (7865, 345, 0), (7866, 345, 0), (7873, 345, 0), (7874, 345, 0), (7877, 345, 0), (7878, 345, 0), (9150, 2, 0), (9150, 1553, 0), (9154, 2, 0), (9154, 1553, 0), (9155, 2, 0), (9155, 1554, 0), (9157, 2, 0), (9157, 1553, 0), (9159, 2, 0), (9159, 1553, 0), (9162, 2, 0), (9162, 1551, 0), (9163, 2, 0), (9163, 1553, 0), (9167, 2, 0), (9167, 1551, 0), (9195, 79, 0), (9195, 206, 0), (9195, 241, 0), (9195, 287, 0), (9195, 334, 0), (9195, 433, 0), (9195, 437, 0), (9195, 462, 0), (9195, 1575, 0), (9195, 1576, 0), (9195, 1671, 0), (9195, 1672, 0), (9195, 1673, 0), (9195, 1674, 0), (9199, 79, 0), (9199, 112, 0), (9199, 206, 0), (9199, 287, 0), (9199, 335, 0), (9199, 433, 0), (9199, 438, 0), (9199, 1564, 0), (9199, 1567, 0), (9199, 1675, 0), (9199, 1676, 0), (9199, 1677, 0), (9199, 1678, 0), (9204, 149, 0), (9204, 272, 0), (9204, 287, 0), (9204, 343, 0), (9204, 433, 0), (9204, 436, 0), (9204, 1610, 0), (9204, 1611, 0), (9204, 1614, 0), (9204, 1679, 0), (9204, 1680, 0), (9204, 1681, 0), (9208, 195, 0), (9208, 272, 0), (9208, 287, 0), (9208, 334, 0), (9208, 433, 0), (9208, 435, 0), (9208, 459, 0), (9208, 1610, 0), (9208, 1612, 0), (9208, 1620, 0), (9208, 1682, 0), (9208, 1683, 0), (9208, 1684, 0), (9208, 1685, 0), (9212, 195, 0), (9212, 272, 0), (9212, 287, 0), (9212, 334, 0), (9212, 433, 0), (9212, 437, 0), (9212, 463, 0), (9212, 1585, 0), (9212, 1588, 0), (9212, 1597, 0), (9212, 1686, 0), (9212, 1687, 0), (9212, 1688, 0), (9216, 195, 0), (9216, 206, 0), (9216, 287, 0), (9216, 341, 0), (9216, 433, 0), (9216, 438, 0), (9216, 1585, 0), (9216, 1587, 0), (9216, 1601, 0), (9216, 1606, 0), (9216, 1686, 0), (9216, 1689, 0), (9216, 1690, 0), (9220, 195, 0), (9220, 287, 0), (9220, 334, 0), (9220, 433, 0), (9220, 443, 0), (9220, 478, 0), (9220, 1627, 0), (9220, 1629, 0), (9220, 1691, 0), (9220, 1692, 0), (9226, 195, 0), (9226, 272, 0), (9226, 337, 0), (9226, 433, 0), (9226, 444, 0), (9226, 482, 0), (9226, 1627, 0), (9226, 1631, 0), (9226, 1670, 0), (9226, 1693, 0), (9226, 1694, 0), (9235, 206, 0), (9235, 241, 0), (9235, 287, 0), (9235, 334, 0), (9235, 433, 0), (9235, 442, 0), (9235, 470, 0), (9235, 1695, 0), (9235, 1696, 0), (9235, 1699, 0), (9235, 1707, 0), (9235, 1708, 0), (9235, 1709, 0), (9240, 149, 0), (9240, 272, 0), (9240, 287, 0), (9240, 343, 0), (9240, 433, 0), (9240, 438, 0), (9240, 1695, 0), (9240, 1698, 0), (9240, 1704, 0), (9240, 1707, 0), (9240, 1710, 0), (9243, 79, 0), (9243, 241, 0), (9243, 272, 0), (9243, 287, 0), (9243, 334, 0), (9243, 433, 0), (9243, 434, 0), (9243, 454, 0), (9243, 1564, 0), (9243, 1567, 0), (9243, 1711, 0), (9243, 1712, 0), (9243, 1713, 0), (9376, 79, 0), (9376, 112, 0), (9376, 272, 0), (9376, 287, 0), (9376, 296, 0), (9376, 334, 0), (9376, 433, 0), (9376, 437, 0), (9376, 464, 0), (9376, 1714, 0), (9376, 1715, 0), (9376, 1716, 0), (9379, 79, 0), (9379, 241, 0), (9379, 272, 0), (9379, 287, 0), (9379, 291, 0), (9379, 334, 0), (9379, 433, 0), (9379, 438, 0), (9379, 1675, 0), (9379, 1717, 0), (9379, 1718, 0), (9383, 79, 0), (9383, 241, 0), (9383, 272, 0), (9383, 287, 0), (9383, 292, 0), (9383, 334, 0), (9383, 433, 0), (9383, 436, 0), (9383, 1675, 0), (9383, 1712, 0), (9383, 1719, 0), (9386, 345, 0), (9387, 345, 0), (9388, 345, 0), (9389, 345, 0), (9395, 345, 0), (9398, 345, 0);   

INSERT INTO `wp_term_taxonomy` (`term_taxonomy_id`, `term_id`, `taxonomy`, `description`, `parent`, `count`) VALUES (1, 1, 'category', '', 0, 21), (2, 2, 'product_type', '', 0, 16), (3, 3, 'product_type', '', 0, 0), (4, 4, 'product_type', '', 0, 0), (5, 5, 'product_type', '', 0, 0), (6, 6, 'product_visibility', '', 0, 0), (7, 7, 'product_visibility', '', 0, 0), (8, 8, 'product_visibility', '', 0, 2), (9, 9, 'product_visibility', '', 0, 0), (10, 10, 'product_visibility', '', 0, 0), (11, 11, 'product_visibility', '', 0, 0), (12, 12, 'product_visibility', '', 0, 0), (13, 13, 'product_visibility', '', 0, 0), (14, 14, 'product_visibility', '', 0, 0), (15, 15, 'post_tag', '', 0, 2), (16, 16, 'post_tag', '', 0, 1), (17, 17, 'post_tag', '', 0, 1), (18, 18, 'post_tag', '', 0, 1), (19, 19, 'post_tag', '', 0, 1), (20, 20, 'post_tag', '', 0, 1), (21, 21, 'post_tag', '', 0, 2), (22, 22, 'post_tag', '', 0, 1), (23, 23, 'post_tag', '', 0, 1), (24, 24, 'post_tag', '', 0, 2), (25, 25, 'post_tag', '', 0, 1), (26, 26, 'post_tag', '', 0, 1), (27, 27, 'post_tag', '', 0, 1), (28, 28, 'post_tag', '', 0, 1), (29, 29, 'post_tag', '', 0, 1), (30, 30, 'post_tag', '', 0, 1), (31, 31, 'post_tag', '', 0, 1), (32, 32, 'post_tag', '', 0, 1), (33, 33, 'post_tag', '', 0, 1), (34, 34, 'post_tag', '', 0, 1), (35, 35, 'post_tag', '', 0, 1), (36, 36, 'post_tag', '', 0, 1), (37, 37, 'post_tag', '', 0, 1), (38, 38, 'post_tag', '', 0, 2), (39, 39, 'post_tag', '', 0, 1), (40, 40, 'post_tag', '', 0, 1), (41, 41, 'post_tag', '', 0, 1), (42, 42, 'post_tag', '', 0, 1), (43, 43, 'post_tag', '', 0, 1), (44, 44, 'post_tag', '', 0, 1), (45, 45, 'post_tag', '', 0, 1), (46, 46, 'post_tag', '', 0, 1), (47, 47, 'post_tag', '', 0, 1), (48, 48, 'post_tag', '', 0, 1), (49, 49, 'post_tag', '', 0, 1), (50, 50, 'post_tag', '', 0, 1), (51, 51, 'post_tag', '', 0, 1), (52, 52, 'post_tag', '', 0, 1), (53, 53, 'post_tag', '', 0, 1), (54, 54, 'post_tag', '', 0, 1), (55, 55, 'post_tag', '', 0, 1), (56, 56, 'post_tag', '', 0, 1), (57, 57, 'post_tag', '', 0, 1), (58, 58, 'post_tag', '', 0, 1), (59, 59, 'post_tag', '', 0, 1), (60, 60, 'post_tag', '', 0, 1), (61, 61, 'post_tag', '', 0, 1), (62, 62, 'post_tag', '', 0, 1), (63, 63, 'post_tag', '', 0, 1), (64, 64, 'post_tag', '', 0, 2), (65, 65, 'post_tag', '', 0, 1), (66, 66, 'post_tag', '', 0, 1), (67, 67, 'post_tag', '', 0, 1), (68, 68, 'post_tag', '', 0, 1), (69, 69, 'post_tag', '', 0, 1), (70, 70, 'post_tag', '', 0, 1), (71, 71, 'post_tag', '', 0, 1), (72, 72, 'ad_tags', '', 0, 0), (73, 73, 'ad_tags', '', 0, 0), (74, 74, 'ad_tags', '', 0, 0), (75, 75, 'ad_tags', '', 0, 0), (76, 76, 'ad_tags', '', 0, 0), (77, 77, 'ad_tags', '', 0, 0), (78, 78, 'ad_tags', '', 0, 0), (79, 79, 'ad_cats', '', 0, 6), (80, 80, 'ad_tags', '', 0, 0), (81, 81, 'ad_tags', '', 0, 0), (83, 83, 'ad_tags', '', 0, 0), (84, 84, 'ad_tags', '', 0, 0), (85, 85, 'ad_tags', '', 0, 0), (86, 86, 'ad_tags', '', 0, 0), (87, 87, 'ad_tags', '', 0, 0), (88, 88, 'ad_tags', '', 0, 0), (89, 89, 'ad_tags', '', 0, 0), (90, 90, 'ad_tags', '', 0, 0), (91, 91, 'ad_tags', '', 0, 0), (92, 92, 'ad_tags', '', 0, 0), (93, 93, 'ad_tags', '', 0, 0), (94, 94, 'ad_tags', '', 0, 0), (95, 95, 'ad_tags', '', 0, 0), (96, 96, 'ad_tags', '', 0, 0), (97, 97, 'ad_tags', '', 0, 0), (98, 98, 'ad_tags', '', 0, 0), (99, 99, 'ad_tags', '', 0, 0), (100, 100, 'ad_tags', '', 0, 0), (101, 101, 'ad_tags', '', 0, 0), (102, 102, 'ad_cats', '', 79, 0), (103, 103, 'ad_tags', '', 0, 0), (104, 104, 'ad_tags', '', 0, 0), (105, 105, 'ad_tags', '', 0, 0), (106, 106, 'ad_tags', '', 0, 0), (107, 107, 'ad_tags', '', 0, 0), (108, 108, 'ad_tags', '', 0, 0), (109, 109, 'ad_tags', '', 0, 0), (110, 110, 'ad_tags', '', 0, 0), (112, 112, 'ad_type', '', 0, 4), (113, 113, 'ad_tags', '', 0, 0), (114, 114, 'ad_tags', '', 0, 0), (115, 115, 'ad_tags', '', 0, 0), (117, 117, 'ad_tags', '', 0, 0), (118, 118, 'ad_tags', '', 0, 0), (119, 119, 'ad_tags', '', 0, 0), (120, 120, 'ad_tags', '', 0, 0), (121, 121, 'ad_tags', '', 0, 0), (122, 122, 'ad_tags', '', 0, 0), (123, 123, 'ad_tags', '', 0, 0), (125, 125, 'ad_tags', '', 0, 0), (126, 126, 'ad_cats', '', 102, 0), (127, 127, 'ad_tags', '', 0, 0), (128, 128, 'ad_tags', '', 0, 0), (129, 129, 'ad_tags', '', 0, 0), (130, 130, 'ad_tags', '', 0, 0), (131, 131, 'ad_tags', '', 0, 0), (132, 132, 'ad_tags', '', 0, 0), (133, 133, 'ad_tags', '', 0, 0), (134, 134, 'ad_tags', '', 0, 0), (135, 135, 'ad_tags', '', 0, 0), (136, 136, 'ad_tags', '', 0, 0), (137, 137, 'ad_tags', '', 0, 1), (138, 138, 'ad_tags', '', 0, 1), (139, 139, 'ad_tags', '', 0, 1), (140, 140, 'ad_tags', '', 0, 0), (141, 141, 'ad_tags', '', 0, 0), (142, 142, 'ad_tags', '', 0, 0), (144, 144, 'ad_tags', '', 0, 0), (145, 145, 'ad_tags', '', 0, 0), (146, 146, 'ad_tags', '', 0, 0), (147, 147, 'ad_tags', '', 0, 0), (148, 148, 'ad_tags', '', 0, 0), (149, 149, 'ad_type', '', 0, 3), (151, 151, 'ad_tags', '', 0, 0), (152, 152, 'ad_tags', '', 0, 0), (154, 154, 'ad_tags', '', 0, 0), (155, 155, 'ad_tags', '', 0, 0), (156, 156, 'ad_tags', '', 0, 0), (157, 157, 'ad_tags', '', 0, 0), (159, 159, 'ad_tags', '', 0, 0), (160, 160, 'ad_tags', '', 0, 0), (161, 161, 'ad_tags', '', 0, 0), (162, 162, 'ad_tags', '', 0, 0), (163, 163, 'ad_tags', '', 0, 0), (165, 165, 'ad_tags', '', 0, 0), (166, 166, 'ad_cats', '', 102, 0), (167, 167, 'ad_tags', '', 0, 0), (168, 168, 'ad_tags', '', 0, 0), (169, 169, 'ad_tags', '', 0, 0), (170, 170, 'ad_tags', '', 0, 0), (171, 171, 'ad_tags', '', 0, 0), (172, 172, 'ad_tags', '', 0, 0), (175, 175, 'ad_tags', '', 0, 0), (176, 176, 'ad_tags', '', 0, 0), (177, 177, 'ad_tags', '', 0, 0), (178, 178, 'ad_tags', '', 0, 0), (179, 179, 'ad_tags', '', 0, 0), (180, 180, 'ad_tags', '', 0, 0), (181, 181, 'ad_tags', '', 0, 0), (182, 182, 'ad_tags', '', 0, 0), (183, 183, 'ad_tags', '', 0, 0), (184, 184, 'ad_tags', '', 0, 0), (185, 185, 'ad_tags', '', 0, 0), (186, 186, 'ad_tags', '', 0, 0), (187, 187, 'ad_tags', '', 0, 0), (188, 188, 'ad_tags', '', 0, 0), (189, 189, 'ad_tags', '', 0, 0), (190, 190, 'ad_tags', '', 0, 0), (191, 191, 'ad_tags', '', 0, 0), (193, 193, 'ad_tags', '', 0, 0), (194, 194, 'ad_tags', '', 0, 0), (195, 195, 'ad_type', '', 0, 5), (196, 196, 'ad_tags', '', 0, 0), (197, 197, 'ad_tags', '', 0, 0), (198, 198, 'ad_cats', '', 102, 0), (199, 199, 'ad_tags', '', 0, 0), (200, 200, 'ad_tags', '', 0, 0), (201, 201, 'ad_tags', '', 0, 0), (204, 204, 'ad_tags', '', 0, 0), (205, 205, 'ad_tags', '', 0, 0), (206, 206, 'ad_condition', '', 0, 5), (207, 207, 'ad_tags', '', 0, 0), (208, 208, 'ad_tags', '', 0, 0), (209, 209, 'ad_tags', '', 0, 0), (210, 210, 'ad_tags', '', 0, 0), (211, 211, 'ad_tags', '', 0, 0), (212, 212, 'ad_tags', '', 0, 0), (213, 213, 'ad_warranty', '', 0, 1), (217, 217, 'ad_tags', '', 0, 0), (218, 218, 'ad_tags', '', 0, 0), (219, 219, 'ad_tags', '', 0, 0), (221, 221, 'ad_tags', '', 0, 0), (222, 222, 'ad_tags', '', 0, 0), (223, 223, 'ad_tags', '', 0, 0), (224, 224, 'ad_tags', '', 0, 0), (226, 226, 'ad_tags', '', 0, 0), (228, 228, 'ad_tags', '', 0, 0), (229, 229, 'ad_tags', '', 0, 0), (230, 230, 'ad_tags', '', 0, 0), (231, 231, 'ad_tags', '', 0, 0), (232, 232, 'ad_tags', '', 0, 0), (233, 233, 'ad_tags', '', 0, 0), (234, 234, 'ad_tags', '', 0, 0), (235, 235, 'ad_tags', '', 0, 0), (236, 236, 'ad_tags', '', 0, 0), (237, 237, 'ad_tags', '', 0, 0), (238, 238, 'ad_tags', '', 0, 1), (239, 239, 'ad_tags', '', 0, 0), (240, 240, 'ad_tags', '', 0, 1), (241, 241, 'ad_type', '', 0, 5), (242, 242, 'ad_tags', '', 0, 0), (243, 243, 'ad_tags', '', 0, 0), (244, 244, 'ad_tags', '', 0, 0), (246, 246, 'ad_tags', '', 0, 0), (247, 247, 'ad_tags', '', 0, 0), (248, 248, 'ad_tags', '', 0, 0), (249, 249, 'ad_tags', '', 0, 0), (251, 251, 'ad_tags', '', 0, 0), (252, 252, 'ad_tags', '', 0, 0), (253, 253, 'ad_tags', '', 0, 0), (254, 254, 'ad_tags', '', 0, 1), (255, 255, 'ad_tags', '', 0, 0), (256, 256, 'ad_tags', '', 0, 0), (257, 257, 'ad_tags', '', 0, 0), (258, 258, 'ad_tags', '', 0, 0), (260, 260, 'ad_tags', '', 0, 0), (261, 261, 'ad_tags', '', 0, 0), (264, 264, 'ad_tags', '', 0, 0), (265, 265, 'ad_tags', '', 0, 0), (266, 266, 'ad_tags', '', 0, 0), (267, 267, 'ad_tags', '', 0, 0), (268, 268, 'ad_tags', '', 0, 0), (271, 271, 'ad_tags', '', 0, 0), (272, 272, 'ad_condition', '', 0, 11), (273, 273, 'ad_tags', '', 0, 0), (274, 274, 'ad_tags', '', 0, 0), (276, 276, 'ad_tags', '', 0, 0), (278, 278, 'ad_tags', '', 0, 0), (280, 280, 'ad_tags', '', 0, 0), (281, 281, 'ad_tags', '', 0, 0), (282, 282, 'ad_tags', '', 0, 0), (283, 283, 'ad_tags', '', 0, 0), (284, 284, 'ad_tags', '', 0, 0), (285, 285, 'ad_tags', '', 0, 0), (286, 286, 'ad_tags', '', 0, 0), (287, 287, 'ad_warranty', '', 0, 15), (288, 288, 'ad_tags', '', 0, 0), (289, 289, 'ad_tags', '', 0, 0), (290, 290, 'ad_tags', '', 0, 0), (291, 291, 'ad_cats', '', 79, 1), (292, 292, 'ad_cats', '', 79, 1), (295, 295, 'ad_cats', '', 79, 0), (296, 296, 'ad_cats', '', 79, 1), (297, 297, 'ad_cats', '', 79, 0), (334, 334, 'ad_currency', '', 0, 9), (335, 335, 'ad_currency', '', 0, 3), (336, 336, 'ad_currency', '', 0, 0), (337, 337, 'ad_currency', '', 0, 2), (338, 338, 'ad_tags', '', 0, 0), (339, 339, 'ad_tags', '', 0, 0), (340, 340, 'ad_tags', '', 0, 0), (341, 341, 'ad_currency', '', 0, 1), (342, 342, 'ad_currency', '', 0, 0), (343, 343, 'ad_currency', '', 0, 2), (344, 344, 'ad_currency', '', 0, 0), (345, 345, 'nav_menu', '', 0, 56), (346, 346, 'ad_tags', '', 0, 0), (347, 347, 'ad_tags', '', 0, 0), (348, 348, 'ad_tags', '', 0, 0), (349, 349, 'ad_tags', '', 0, 0), (350, 350, 'ad_tags', '', 0, 0), (351, 351, 'ad_tags', '', 0, 0), (352, 352, 'ad_tags', '', 0, 0), (353, 353, 'ad_tags', '', 0, 0), (354, 354, 'ad_tags', '', 0, 0), (355, 355, 'ad_tags', '', 0, 0), (356, 356, 'ad_tags', '', 0, 0), (357, 357, 'ad_tags', '', 0, 0), (358, 358, 'ad_tags', '', 0, 0), (359, 359, 'ad_tags', '', 0, 0), (360, 360, 'ad_tags', '', 0, 0), (361, 361, 'ad_tags', '', 0, 0), (362, 362, 'ad_tags', '', 0, 0), (363, 363, 'ad_tags', '', 0, 0), (364, 364, 'ad_tags', '', 0, 0), (365, 365, 'ad_tags', '', 0, 0), (366, 366, 'ad_tags', '', 0, 0), (367, 367, 'ad_tags', '', 0, 0), (368, 368, 'ad_tags', '', 0, 0), (369, 369, 'ad_tags', '', 0, 0), (370, 370, 'ad_tags', '', 0, 0), (371, 371, 'ad_tags', '', 0, 0), (372, 372, 'ad_tags', '', 0, 0), (373, 373, 'ad_tags', '', 0, 0), (374, 374, 'ad_tags', '', 0, 0), (375, 375, 'ad_tags', '', 0, 0), (376, 376, 'ad_tags', '', 0, 0), (377, 377, 'ad_tags', '', 0, 0), (378, 378, 'ad_tags', '', 0, 0), (379, 379, 'ad_tags', '', 0, 0), (380, 380, 'ad_tags', '', 0, 0), (381, 381, 'ad_tags', '', 0, 0), (382, 382, 'ad_tags', '', 0, 0), (383, 383, 'ad_tags', '', 0, 0), (384, 384, 'ad_tags', '', 0, 0), (385, 385, 'ad_tags', '', 0, 0), (386, 386, 'ad_tags', '', 0, 0), (387, 387, 'ad_tags', '', 0, 0), (388, 388, 'ad_tags', '', 0, 0), (389, 389, 'ad_tags', '', 0, 0), (390, 390, 'ad_tags', '', 0, 0), (391, 391, 'ad_tags', '', 0, 0), (392, 392, 'ad_tags', '', 0, 0), (393, 393, 'ad_tags', '', 0, 0), (394, 394, 'ad_tags', '', 0, 0), (395, 395, 'ad_tags', '', 0, 0), (396, 396, 'ad_tags', '', 0, 0), (397, 397, 'ad_tags', '', 0, 0), (398, 398, 'ad_tags', '', 0, 0), (399, 399, 'ad_tags', '', 0, 0), (400, 400, 'ad_tags', '', 0, 0), (401, 401, 'ad_tags', '', 0, 0), (402, 402, 'ad_tags', '', 0, 0), (403, 403, 'ad_tags', '', 0, 0), (404, 404, 'ad_tags', '', 0, 0), (405, 405, 'ad_tags', '', 0, 0), (406, 406, 'ad_tags', '', 0, 0), (407, 407, 'ad_tags', '', 0, 0), (408, 408, 'ad_tags', '', 0, 0), (409, 409, 'ad_tags', '', 0, 0), (410, 410, 'ad_tags', '', 0, 0), (411, 411, 'ad_tags', '', 0, 0), (412, 412, 'ad_tags', '', 0, 0), (413, 413, 'ad_tags', '', 0, 0), (414, 414, 'ad_tags', '', 0, 0), (415, 415, 'ad_tags', '', 0, 0), (416, 416, 'ad_tags', '', 0, 0), (417, 417, 'ad_tags', '', 0, 0), (418, 418, 'ad_tags', '', 0, 0), (419, 419, 'ad_tags', '', 0, 0), (420, 420, 'ad_tags', '', 0, 0), (421, 421, 'ad_tags', '', 0, 0), (422, 422, 'ad_tags', '', 0, 0), (423, 423, 'ad_tags', '', 0, 0), (424, 424, 'ad_tags', '', 0, 0), (425, 425, 'ad_tags', '', 0, 0), (426, 426, 'ad_tags', '', 0, 0), (427, 427, 'ad_tags', '', 0, 0), (428, 428, 'ad_tags', '', 0, 0), (429, 429, 'ad_tags', '', 0, 0), (430, 430, 'ad_tags', '', 0, 0), (431, 431, 'ad_tags', '', 0, 0), (432, 432, 'ad_tags', '', 0, 0), (433, 433, 'ad_country', '', 0, 17), (434, 434, 'ad_country', '', 433, 1), (435, 435, 'ad_country', '', 433, 1), (436, 436, 'ad_country', '', 433, 2), (437, 437, 'ad_country', '', 433, 4), (438, 438, 'ad_country', '', 433, 4), (439, 439, 'ad_country', '', 433, 0), (440, 440, 'ad_country', '', 433, 0), (441, 441, 'ad_country', '', 433, 0), (442, 442, 'ad_country', '', 433, 2), (443, 443, 'ad_country', '', 433, 1), (444, 444, 'ad_country', '', 433, 1), (445, 445, 'ad_country', '', 433, 0), (446, 446, 'ad_country', '', 433, 0), (447, 447, 'ad_country', '', 433, 0), (448, 448, 'ad_country', '', 433, 0), (449, 449, 'ad_country', '', 433, 0), (450, 450, 'ad_country', '', 434, 0), (451, 451, 'ad_country', '', 434, 0), (452, 452, 'ad_country', '', 434, 0), (453, 453, 'ad_country', '', 434, 0), (454, 454, 'ad_country', '', 434, 1), (455, 455, 'ad_country', '', 434, 0), (456, 456, 'ad_country', '', 435, 0), (457, 457, 'ad_country', '', 435, 0), (458, 458, 'ad_country', '', 435, 0), (459, 459, 'ad_country', '', 435, 1), (460, 460, 'ad_country', '', 435, 0), (461, 461, 'ad_country', '', 437, 0), (462, 462, 'ad_country', '', 437, 1), (463, 463, 'ad_country', '', 437, 1), (464, 464, 'ad_country', '', 437, 1), (465, 465, 'ad_country', '', 437, 1), (466, 466, 'ad_country', '', 442, 0), (467, 467, 'ad_country', '', 442, 0), (468, 468, 'ad_country', '', 442, 0), (469, 469, 'ad_country', '', 442, 0), (470, 470, 'ad_country', '', 442, 2), (471, 471, 'ad_country', '', 442, 0), (472, 472, 'ad_country', '', 442, 0), (473, 473, 'ad_country', '', 442, 0), (474, 474, 'ad_country', '', 443, 0), (475, 475, 'ad_country', '', 443, 0), (476, 476, 'ad_country', '', 443, 0), (477, 477, 'ad_country', '', 443, 0), (478, 478, 'ad_country', '', 443, 1), (479, 479, 'ad_country', '', 444, 0), (480, 480, 'ad_country', '', 444, 0), (481, 481, 'ad_country', '', 444, 0), (482, 482, 'ad_country', '', 444, 1), (483, 483, 'ad_country', '', 445, 0), (484, 484, 'ad_country', '', 445, 0), (485, 485, 'ad_country', '', 445, 0), (486, 486, 'ad_country', '', 445, 0), (487, 487, 'ad_country', '', 445, 0), (488, 488, 'ad_country', '', 446, 0), (489, 489, 'ad_country', '', 446, 0), (490, 490, 'ad_country', '', 446, 0), (491, 491, 'ad_country', '', 446, 0), (492, 492, 'ad_country', '', 446, 0), (493, 493, 'ad_country', '', 447, 0), (494, 494, 'ad_country', '', 447, 0), (495, 495, 'ad_country', '', 447, 0), (496, 496, 'ad_country', '', 447, 0), (497, 497, 'ad_country', '', 448, 0), (498, 498, 'ad_country', '', 448, 0), (499, 499, 'ad_country', '', 448, 0), (500, 500, 'ad_country', '', 448, 0), (501, 501, 'ad_country', '', 448, 0), (502, 502, 'ad_country', '', 449, 0), (503, 503, 'ad_country', '', 449, 0), (504, 504, 'ad_country', '', 449, 0), (505, 505, 'ad_country', '', 449, 0), (506, 506, 'ad_country', '', 449, 0), (507, 507, 'ad_country', '', 449, 0), (508, 508, 'ad_tags', '', 0, 0), (509, 509, 'ad_tags', '', 0, 0), (510, 510, 'ad_tags', '', 0, 0), (511, 511, 'ad_tags', '', 0, 0), (512, 512, 'ad_tags', '', 0, 0), (513, 513, 'ad_tags', '', 0, 0), (514, 514, 'ad_tags', '', 0, 0), (515, 515, 'ad_tags', '', 0, 0), (516, 516, 'ad_tags', '', 0, 0), (517, 517, 'ad_tags', '', 0, 0), (518, 518, 'ad_tags', '', 0, 0), (519, 519, 'ad_tags', '', 0, 0), (520, 520, 'ad_tags', '', 0, 0), (521, 521, 'ad_tags', '', 0, 0), (522, 522, 'ad_tags', '', 0, 0), (523, 523, 'ad_tags', '', 0, 0), (524, 524, 'ad_tags', '', 0, 0), (525, 525, 'ad_tags', '', 0, 0), (526, 526, 'ad_tags', '', 0, 0), (527, 527, 'ad_tags', '', 0, 0), (528, 528, 'ad_tags', '', 0, 0), (529, 529, 'ad_tags', '', 0, 0), (530, 530, 'ad_tags', '', 0, 0), (531, 531, 'ad_tags', '', 0, 0), (532, 532, 'ad_tags', '', 0, 0), (533, 533, 'ad_tags', '', 0, 0), (534, 534, 'ad_tags', '', 0, 0), (535, 535, 'ad_tags', '', 0, 0), (536, 536, 'ad_tags', '', 0, 0), (537, 537, 'ad_tags', '', 0, 0), (538, 538, 'ad_tags', '', 0, 0), (539, 539, 'ad_tags', '', 0, 0), (540, 540, 'ad_tags', '', 0, 0), (541, 541, 'ad_tags', '', 0, 0), (542, 542, 'ad_tags', '', 0, 0), (543, 543, 'ad_tags', '', 0, 0), (544, 544, 'ad_tags', '', 0, 0), (545, 545, 'ad_tags', '', 0, 0), (546, 546, 'ad_tags', '', 0, 0), (547, 547, 'ad_tags', '', 0, 0), (548, 548, 'ad_tags', '', 0, 0), (549, 549, 'ad_tags', '', 0, 0), (550, 550, 'ad_tags', '', 0, 0), (551, 551, 'ad_tags', '', 0, 0), (552, 552, 'ad_tags', '', 0, 0), (553, 553, 'ad_tags', '', 0, 0), (554, 554, 'ad_tags', '', 0, 0), (555, 555, 'ad_tags', '', 0, 0), (556, 556, 'ad_tags', '', 0, 0), (557, 557, 'ad_tags', '', 0, 0), (558, 558, 'ad_tags', '', 0, 0), (559, 559, 'ad_tags', '', 0, 0), (560, 560, 'ad_tags', '', 0, 0), (561, 561, 'ad_tags', '', 0, 0), (562, 562, 'ad_tags', '', 0, 0), (563, 563, 'ad_tags', '', 0, 0), (564, 564, 'ad_tags', '', 0, 0), (565, 565, 'ad_tags', '', 0, 0), (566, 566, 'ad_tags', '', 0, 0), (567, 567, 'ad_tags', '', 0, 0), (568, 568, 'ad_tags', '', 0, 0), (569, 569, 'ad_tags', '', 0, 0), (570, 570, 'ad_tags', '', 0, 0), (571, 571, 'ad_tags', '', 0, 0), (572, 572, 'ad_tags', '', 0, 0), (573, 573, 'ad_tags', '', 0, 0), (574, 574, 'ad_tags', '', 0, 0), (575, 575, 'ad_tags', '', 0, 0), (576, 576, 'ad_tags', '', 0, 0), (577, 577, 'ad_tags', '', 0, 0), (578, 578, 'ad_tags', '', 0, 0), (579, 579, 'ad_tags', '', 0, 0), (580, 580, 'ad_tags', '', 0, 0), (581, 581, 'ad_tags', '', 0, 0), (582, 582, 'ad_tags', '', 0, 0), (583, 583, 'ad_tags', '', 0, 0), (584, 584, 'ad_tags', '', 0, 0), (585, 585, 'ad_tags', '', 0, 0), (586, 586, 'ad_tags', '', 0, 0), (587, 587, 'ad_tags', '', 0, 0), (588, 588, 'ad_tags', '', 0, 0), (589, 589, 'ad_tags', '', 0, 0), (590, 590, 'ad_tags', '', 0, 0), (591, 591, 'ad_tags', '', 0, 0), (592, 592, 'ad_tags', '', 0, 0), (593, 593, 'ad_tags', '', 0, 0), (594, 594, 'ad_tags', '', 0, 0), (595, 595, 'ad_tags', '', 0, 0), (596, 596, 'ad_tags', '', 0, 0), (597, 597, 'ad_tags', '', 0, 0), (598, 598, 'ad_tags', '', 0, 0), (599, 599, 'ad_tags', '', 0, 0), (600, 600, 'ad_tags', '', 0, 0), (601, 601, 'ad_tags', '', 0, 0), (602, 602, 'ad_tags', '', 0, 0), (603, 603, 'ad_tags', '', 0, 0), (604, 604, 'ad_tags', '', 0, 0), (605, 605, 'ad_tags', '', 0, 0), (606, 606, 'ad_tags', '', 0, 0), (607, 607, 'ad_tags', '', 0, 0), (608, 608, 'ad_tags', '', 0, 0), (609, 609, 'ad_tags', '', 0, 0), (610, 610, 'ad_tags', '', 0, 0), (611, 611, 'ad_tags', '', 0, 0), (612, 612, 'ad_tags', '', 0, 0), (613, 613, 'ad_tags', '', 0, 0), (614, 614, 'ad_tags', '', 0, 0), (615, 615, 'ad_tags', '', 0, 0), (616, 616, 'ad_tags', '', 0, 0), (617, 617, 'ad_tags', '', 0, 0), (618, 618, 'ad_tags', '', 0, 0), (619, 619, 'ad_tags', '', 0, 0), (620, 620, 'ad_tags', '', 0, 0), (621, 621, 'ad_tags', '', 0, 0), (622, 622, 'ad_tags', '', 0, 0), (623, 623, 'ad_tags', '', 0, 0), (624, 624, 'ad_tags', '', 0, 0), (625, 625, 'ad_tags', '', 0, 0), (626, 626, 'ad_tags', '', 0, 0), (627, 627, 'ad_tags', '', 0, 0), (628, 628, 'ad_tags', '', 0, 0), (629, 629, 'ad_tags', '', 0, 0), (630, 630, 'ad_tags', '', 0, 0), (631, 631, 'ad_tags', '', 0, 0), (632, 632, 'ad_tags', '', 0, 0), (633, 633, 'ad_tags', '', 0, 0), (634, 634, 'ad_tags', '', 0, 0), (635, 635, 'ad_tags', '', 0, 0), (636, 636, 'ad_tags', '', 0, 0), (637, 637, 'ad_tags', '', 0, 0), (638, 638, 'ad_tags', '', 0, 0), (639, 639, 'ad_tags', '', 0, 0), (640, 640, 'ad_tags', '', 0, 0), (641, 641, 'ad_tags', '', 0, 0), (642, 642, 'ad_tags', '', 0, 0), (643, 643, 'ad_tags', '', 0, 0), (644, 644, 'ad_tags', '', 0, 0), (645, 645, 'ad_tags', '', 0, 0), (646, 646, 'ad_tags', '', 0, 0), (647, 647, 'ad_tags', '', 0, 0), (648, 648, 'ad_tags', '', 0, 0), (649, 649, 'ad_tags', '', 0, 0), (650, 650, 'ad_tags', '', 0, 0), (651, 651, 'ad_tags', '', 0, 0), (652, 652, 'ad_tags', '', 0, 0), (653, 653, 'ad_tags', '', 0, 0), (654, 654, 'ad_tags', '', 0, 0), (655, 655, 'ad_tags', '', 0, 0), (656, 656, 'ad_tags', '', 0, 0), (657, 657, 'ad_tags', '', 0, 0), (658, 658, 'ad_tags', '', 0, 0), (659, 659, 'ad_tags', '', 0, 0), (660, 660, 'ad_tags', '', 0, 0), (661, 661, 'ad_tags', '', 0, 0), (662, 662, 'ad_tags', '', 0, 0), (663, 663, 'ad_tags', '', 0, 0), (664, 664, 'ad_tags', '', 0, 0), (665, 665, 'ad_tags', '', 0, 0), (666, 666, 'ad_tags', '', 0, 0), (667, 667, 'ad_tags', '', 0, 0), (668, 668, 'ad_tags', '', 0, 0), (669, 669, 'ad_tags', '', 0, 0), (670, 670, 'ad_tags', '', 0, 0), (671, 671, 'ad_tags', '', 0, 0), (672, 672, 'ad_tags', '', 0, 0), (673, 673, 'ad_tags', '', 0, 0), (674, 674, 'ad_tags', '', 0, 0), (675, 675, 'ad_tags', '', 0, 0), (676, 676, 'ad_tags', '', 0, 0), (677, 677, 'ad_tags', '', 0, 0), (678, 678, 'ad_tags', '', 0, 0), (679, 679, 'ad_tags', '', 0, 0), (680, 680, 'ad_tags', '', 0, 0), (681, 681, 'ad_tags', '', 0, 0), (682, 682, 'ad_tags', '', 0, 0), (683, 683, 'ad_tags', '', 0, 0), (684, 684, 'ad_tags', '', 0, 0), (685, 685, 'ad_tags', '', 0, 0), (686, 686, 'ad_tags', '', 0, 0), (687, 687, 'ad_tags', '', 0, 0), (688, 688, 'ad_tags', '', 0, 0), (689, 689, 'ad_tags', '', 0, 0), (690, 690, 'ad_tags', '', 0, 0), (691, 691, 'ad_tags', '', 0, 0), (692, 692, 'ad_tags', '', 0, 0), (693, 693, 'ad_tags', '', 0, 0), (694, 694, 'ad_tags', '', 0, 0), (695, 695, 'ad_tags', '', 0, 0), (696, 696, 'ad_tags', '', 0, 0), (697, 697, 'ad_tags', '', 0, 0), (698, 698, 'ad_tags', '', 0, 0), (699, 699, 'ad_tags', '', 0, 0), (700, 700, 'ad_tags', '', 0, 0), (701, 701, 'ad_tags', '', 0, 0), (702, 702, 'ad_tags', '', 0, 0), (703, 703, 'ad_tags', '', 0, 0), (704, 704, 'ad_tags', '', 0, 0), (705, 705, 'ad_tags', '', 0, 0), (706, 706, 'ad_tags', '', 0, 0), (707, 707, 'ad_tags', '', 0, 0), (708, 708, 'ad_tags', '', 0, 0), (709, 709, 'ad_tags', '', 0, 0), (710, 710, 'ad_tags', '', 0, 0), (711, 711, 'ad_tags', '', 0, 0), (712, 712, 'ad_tags', '', 0, 0), (713, 713, 'ad_tags', '', 0, 0), (714, 714, 'ad_tags', '', 0, 0), (715, 715, 'ad_tags', '', 0, 0), (716, 716, 'ad_tags', '', 0, 0), (717, 717, 'ad_tags', '', 0, 0), (718, 718, 'ad_tags', '', 0, 0), (719, 719, 'ad_tags', '', 0, 0), (720, 720, 'ad_tags', '', 0, 0), (721, 721, 'sb_dynamic_form_templates', '', 0, 0), (722, 722, 'ad_tags', '', 0, 0), (723, 723, 'ad_tags', '', 0, 0), (724, 724, 'ad_tags', '', 0, 0), (725, 725, 'ad_tags', '', 0, 0), (726, 726, 'ad_tags', '', 0, 0), (727, 727, 'ad_tags', '', 0, 0), (728, 728, 'ad_tags', '', 0, 0), (729, 729, 'ad_tags', '', 0, 0), (730, 730, 'ad_tags', '', 0, 0), (731, 731, 'ad_tags', '', 0, 0), (732, 732, 'ad_tags', '', 0, 0), (733, 733, 'product_cat', '', 0, 3), (734, 734, 'ad_tags', '', 0, 0), (735, 735, 'ad_tags', '', 0, 0), (736, 736, 'ad_tags', '', 0, 0), (737, 737, 'ad_tags', '', 0, 0), (738, 738, 'ad_tags', '', 0, 0), (739, 739, 'ad_tags', '', 0, 0), (740, 740, 'ad_tags', '', 0, 0), (741, 741, 'ad_tags', '', 0, 0), (742, 742, 'ad_tags', '', 0, 0), (743, 743, 'ad_tags', '', 0, 0), (744, 744, 'ad_tags', '', 0, 0), (745, 745, 'ad_tags', '', 0, 0), (746, 746, 'ad_tags', '', 0, 0), (747, 747, 'ad_tags', '', 0, 0), (748, 748, 'ad_tags', '', 0, 0), (749, 749, 'ad_tags', '', 0, 0), (750, 750, 'ad_tags', '', 0, 0), (751, 751, 'ad_tags', '', 0, 0), (752, 752, 'ad_tags', '', 0, 0), (753, 753, 'ad_tags', '', 0, 0), (754, 754, 'ad_tags', '', 0, 0), (755, 755, 'ad_tags', '', 0, 0), (756, 756, 'ad_tags', '', 0, 0), (757, 757, 'ad_tags', '', 0, 0), (758, 758, 'ad_tags', '', 0, 0), (759, 759, 'ad_tags', '', 0, 0), (760, 760, 'ad_tags', '', 0, 0), (761, 761, 'ad_tags', '', 0, 0), (762, 762, 'ad_tags', '', 0, 0), (763, 763, 'ad_tags', '', 0, 0), (764, 764, 'ad_tags', '', 0, 0), (765, 765, 'ad_tags', '', 0, 0), (766, 766, 'ad_tags', '', 0, 0), (767, 767, 'ad_tags', '', 0, 0), (768, 768, 'ad_tags', '', 0, 0), (769, 769, 'ad_tags', '', 0, 0), (770, 770, 'ad_tags', '', 0, 0), (771, 771, 'ad_tags', '', 0, 0), (772, 772, 'ad_tags', '', 0, 0), (773, 773, 'ad_tags', '', 0, 0), (774, 774, 'ad_tags', '', 0, 0), (775, 775, 'ad_tags', '', 0, 0), (776, 776, 'ad_tags', '', 0, 0), (777, 777, 'ad_tags', '', 0, 0), (778, 778, 'ad_tags', '', 0, 0), (779, 779, 'ad_tags', '', 0, 0), (780, 780, 'ad_tags', '', 0, 0), (781, 781, 'ad_tags', '', 0, 0), (782, 782, 'ad_tags', '', 0, 0), (783, 783, 'ad_tags', '', 0, 0), (784, 784, 'ad_tags', '', 0, 0), (785, 785, 'ad_tags', '', 0, 0), (786, 786, 'ad_tags', '', 0, 0), (787, 787, 'ad_tags', '', 0, 0), (788, 788, 'ad_tags', '', 0, 0), (789, 789, 'ad_tags', '', 0, 0), (790, 790, 'ad_tags', '', 0, 0), (791, 791, 'ad_tags', '', 0, 0), (792, 792, 'ad_tags', '', 0, 0), (793, 793, 'ad_tags', '', 0, 0), (794, 794, 'ad_tags', '', 0, 0), (795, 795, 'ad_tags', '', 0, 0), (796, 796, 'ad_tags', '', 0, 0), (797, 797, 'ad_tags', '', 0, 0), (798, 798, 'ad_tags', '', 0, 0), (799, 799, 'ad_tags', '', 0, 0), (800, 800, 'ad_tags', '', 0, 0), (801, 801, 'ad_tags', '', 0, 0), (802, 802, 'ad_tags', '', 0, 0), (803, 803, 'ad_tags', '', 0, 0), (804, 804, 'ad_tags', '', 0, 0), (805, 805, 'ad_tags', '', 0, 0), (806, 806, 'ad_tags', '', 0, 0), (807, 807, 'ad_tags', '', 0, 0), (808, 808, 'ad_tags', '', 0, 0), (809, 809, 'ad_tags', '', 0, 0), (810, 810, 'ad_tags', '', 0, 0), (811, 811, 'ad_tags', '', 0, 0), (812, 812, 'ad_tags', '', 0, 0), (813, 813, 'ad_tags', '', 0, 0), (814, 814, 'ad_tags', '', 0, 0), (815, 815, 'ad_tags', '', 0, 0), (816, 816, 'ad_tags', '', 0, 0), (817, 817, 'ad_tags', '', 0, 0), (818, 818, 'ad_tags', '', 0, 0), (819, 819, 'ad_tags', '', 0, 0), (820, 820, 'ad_tags', '', 0, 0), (821, 821, 'ad_tags', '', 0, 0), (822, 822, 'ad_tags', '', 0, 0), (823, 823, 'ad_tags', '', 0, 0), (824, 824, 'ad_tags', '', 0, 0), (825, 825, 'ad_tags', '', 0, 0), (826, 826, 'ad_tags', '', 0, 0), (827, 827, 'ad_tags', '', 0, 0), (828, 828, 'ad_tags', '', 0, 0), (829, 829, 'ad_tags', '', 0, 0), (830, 830, 'ad_tags', '', 0, 0), (831, 831, 'ad_tags', '', 0, 0), (832, 832, 'ad_tags', '', 0, 0), (833, 833, 'ad_tags', '', 0, 0), (834, 834, 'ad_tags', '', 0, 0), (835, 835, 'ad_tags', '', 0, 0), (836, 836, 'ad_tags', '', 0, 0), (837, 837, 'ad_tags', '', 0, 0), (838, 838, 'ad_tags', '', 0, 0), (839, 839, 'ad_tags', '', 0, 0), (840, 840, 'ad_tags', '', 0, 0), (841, 841, 'ad_tags', '', 0, 0), (842, 842, 'ad_tags', '', 0, 0), (843, 843, 'ad_tags', '', 0, 0), (844, 844, 'ad_tags', '', 0, 0), (845, 845, 'ad_tags', '', 0, 0), (846, 846, 'ad_tags', '', 0, 0), (847, 847, 'ad_tags', '', 0, 0), (848, 848, 'ad_tags', '', 0, 0), (849, 849, 'ad_tags', '', 0, 0), (850, 850, 'ad_tags', '', 0, 0), (851, 851, 'ad_tags', '', 0, 0), (852, 852, 'ad_tags', '', 0, 0), (853, 853, 'ad_tags', '', 0, 0), (854, 854, 'ad_tags', '', 0, 0), (855, 855, 'ad_tags', '', 0, 0), (856, 856, 'ad_tags', '', 0, 0), (857, 857, 'ad_tags', '', 0, 0), (858, 858, 'ad_tags', '', 0, 0), (859, 859, 'ad_tags', '', 0, 0), (860, 860, 'ad_tags', '', 0, 0), (861, 861, 'ad_tags', '', 0, 0), (862, 862, 'ad_tags', '', 0, 0), (863, 863, 'ad_tags', '', 0, 0), (864, 864, 'ad_tags', '', 0, 0), (865, 865, 'ad_tags', '', 0, 0), (866, 866, 'ad_tags', '', 0, 0), (867, 867, 'ad_tags', '', 0, 0), (868, 868, 'ad_tags', '', 0, 0), (869, 869, 'ad_tags', '', 0, 0), (870, 870, 'ad_tags', '', 0, 0), (871, 871, 'ad_tags', '', 0, 0), (872, 872, 'ad_tags', '', 0, 0), (873, 873, 'ad_tags', '', 0, 0), (874, 874, 'ad_tags', '', 0, 0), (875, 875, 'ad_tags', '', 0, 0), (876, 876, 'ad_tags', '', 0, 0), (877, 877, 'ad_tags', '', 0, 0), (878, 878, 'ad_tags', '', 0, 0), (879, 879, 'ad_tags', '', 0, 0), (880, 880, 'ad_tags', '', 0, 0), (881, 881, 'ad_tags', '', 0, 0), (882, 882, 'ad_tags', '', 0, 0), (883, 883, 'ad_tags', '', 0, 0), (884, 884, 'ad_tags', '', 0, 0), (885, 885, 'ad_tags', '', 0, 0), (886, 886, 'ad_tags', '', 0, 0), (887, 887, 'ad_tags', '', 0, 0), (888, 888, 'ad_tags', '', 0, 0), (889, 889, 'ad_tags', '', 0, 0), (890, 890, 'ad_tags', '', 0, 0), (891, 891, 'ad_tags', '', 0, 0), (892, 892, 'ad_tags', '', 0, 0), (893, 893, 'ad_tags', '', 0, 0), (894, 894, 'ad_tags', '', 0, 0), (895, 895, 'ad_tags', '', 0, 0), (896, 896, 'ad_tags', '', 0, 0), (897, 897, 'ad_tags', '', 0, 0), (898, 898, 'ad_tags', '', 0, 0), (899, 899, 'ad_tags', '', 0, 0), (900, 900, 'ad_tags', '', 0, 0), (901, 901, 'ad_tags', '', 0, 0), (902, 902, 'ad_tags', '', 0, 0), (903, 903, 'ad_tags', '', 0, 0), (904, 904, 'ad_tags', '', 0, 0), (905, 905, 'ad_tags', '', 0, 0), (906, 906, 'ad_tags', '', 0, 0), (907, 907, 'ad_tags', '', 0, 0), (908, 908, 'ad_tags', '', 0, 0), (909, 909, 'ad_tags', '', 0, 0), (910, 910, 'ad_tags', '', 0, 0), (911, 911, 'ad_tags', '', 0, 0), (912, 912, 'ad_tags', '', 0, 0), (913, 913, 'ad_tags', '', 0, 0), (914, 914, 'ad_tags', '', 0, 0), (915, 915, 'ad_tags', '', 0, 0), (916, 916, 'ad_tags', '', 0, 0), (917, 917, 'ad_tags', '', 0, 0), (918, 918, 'ad_tags', '', 0, 0), (919, 919, 'ad_tags', '', 0, 0), (920, 920, 'ad_tags', '', 0, 0), (921, 921, 'ad_tags', '', 0, 0), (922, 922, 'ad_tags', '', 0, 0), (923, 923, 'ad_tags', '', 0, 0), (924, 924, 'ad_tags', '', 0, 0), (925, 925, 'ad_tags', '', 0, 0), (926, 926, 'ad_tags', '', 0, 0), (927, 927, 'ad_tags', '', 0, 0), (928, 928, 'ad_tags', '', 0, 0), (929, 929, 'ad_tags', '', 0, 0), (930, 930, 'ad_tags', '', 0, 0), (931, 931, 'ad_tags', '', 0, 0), (932, 932, 'ad_tags', '', 0, 0), (933, 933, 'ad_tags', '', 0, 0), (934, 934, 'ad_tags', '', 0, 0), (935, 935, 'ad_tags', '', 0, 0), (936, 936, 'ad_tags', '', 0, 0), (937, 937, 'ad_tags', '', 0, 0), (938, 938, 'ad_tags', '', 0, 0), (939, 939, 'ad_tags', '', 0, 0), (940, 940, 'ad_tags', '', 0, 0), (941, 941, 'ad_tags', '', 0, 0), (942, 942, 'ad_tags', '', 0, 0), (943, 943, 'ad_tags', '', 0, 0), (944, 944, 'ad_tags', '', 0, 0), (945, 945, 'ad_tags', '', 0, 0), (946, 946, 'ad_tags', '', 0, 0), (947, 947, 'ad_tags', '', 0, 0), (948, 948, 'ad_tags', '', 0, 0), (949, 949, 'ad_tags', '', 0, 0), (950, 950, 'ad_tags', '', 0, 0), (951, 951, 'ad_tags', '', 0, 0), (952, 952, 'ad_tags', '', 0, 0), (953, 953, 'ad_tags', '', 0, 0), (954, 954, 'ad_tags', '', 0, 0), (955, 955, 'ad_tags', '', 0, 0), (956, 956, 'ad_tags', '', 0, 0), (957, 957, 'ad_tags', '', 0, 0), (958, 958, 'ad_tags', '', 0, 0), (959, 959, 'ad_tags', '', 0, 0), (960, 960, 'ad_tags', '', 0, 0), (961, 961, 'ad_tags', '', 0, 0), (962, 962, 'ad_tags', '', 0, 0), (963, 963, 'ad_tags', '', 0, 0), (964, 964, 'ad_tags', '', 0, 0), (965, 965, 'ad_tags', '', 0, 0), (966, 966, 'ad_tags', '', 0, 0), (967, 967, 'ad_tags', '', 0, 0), (968, 968, 'ad_tags', '', 0, 0), (969, 969, 'ad_tags', '', 0, 0), (970, 970, 'ad_tags', '', 0, 0), (971, 971, 'ad_tags', '', 0, 0), (972, 972, 'ad_tags', '', 0, 0), (973, 973, 'ad_tags', '', 0, 0), (974, 974, 'ad_tags', '', 0, 0), (975, 975, 'ad_tags', '', 0, 0), (976, 976, 'ad_tags', '', 0, 0), (977, 977, 'ad_tags', '', 0, 0), (978, 978, 'ad_tags', '', 0, 0), (979, 979, 'ad_tags', '', 0, 0), (980, 980, 'ad_tags', '', 0, 0), (981, 981, 'ad_tags', '', 0, 0), (982, 982, 'ad_tags', '', 0, 0), (983, 983, 'ad_tags', '', 0, 0), (984, 984, 'ad_tags', '', 0, 0), (985, 985, 'ad_tags', '', 0, 0), (986, 986, 'ad_tags', '', 0, 0), (987, 987, 'ad_tags', '', 0, 0), (988, 988, 'ad_tags', '', 0, 0), (989, 989, 'ad_tags', '', 0, 0), (990, 990, 'ad_tags', '', 0, 0), (991, 991, 'ad_tags', '', 0, 0), (992, 992, 'ad_tags', '', 0, 0), (993, 993, 'ad_tags', '', 0, 0), (994, 994, 'ad_tags', '', 0, 0), (995, 995, 'ad_tags', '', 0, 0), (996, 996, 'ad_tags', '', 0, 0), (997, 997, 'ad_tags', '', 0, 0), (998, 998, 'ad_tags', '', 0, 0), (999, 999, 'ad_tags', '', 0, 0), (1000, 1000, 'ad_tags', '', 0, 0), (1001, 1001, 'ad_tags', '', 0, 0), (1002, 1002, 'ad_tags', '', 0, 0), (1003, 1003, 'ad_tags', '', 0, 0), (1004, 1004, 'ad_tags', '', 0, 0), (1005, 1005, 'ad_tags', '', 0, 0), (1006, 1006, 'ad_tags', '', 0, 0), (1007, 1007, 'ad_tags', '', 0, 0), (1008, 1008, 'ad_tags', '', 0, 0), (1009, 1009, 'ad_tags', '', 0, 0), (1010, 1010, 'ad_tags', '', 0, 0), (1011, 1011, 'ad_tags', '', 0, 0), (1012, 1012, 'ad_tags', '', 0, 0), (1013, 1013, 'ad_tags', '', 0, 0), (1014, 1014, 'ad_tags', '', 0, 0), (1015, 1015, 'ad_tags', '', 0, 0), (1016, 1016, 'ad_tags', '', 0, 0), (1017, 1017, 'ad_tags', '', 0, 0), (1018, 1018, 'ad_tags', '', 0, 0), (1019, 1019, 'ad_tags', '', 0, 0), (1020, 1020, 'ad_tags', '', 0, 0), (1021, 1021, 'ad_tags', '', 0, 0), (1022, 1022, 'ad_tags', '', 0, 0), (1023, 1023, 'ad_tags', '', 0, 0), (1024, 1024, 'ad_tags', '', 0, 0), (1025, 1025, 'ad_tags', '', 0, 0), (1026, 1026, 'ad_tags', '', 0, 0), (1027, 1027, 'ad_tags', '', 0, 0), (1028, 1028, 'ad_tags', '', 0, 0), (1029, 1029, 'ad_tags', '', 0, 0), (1030, 1030, 'ad_tags', '', 0, 0), (1031, 1031, 'ad_tags', '', 0, 0), (1032, 1032, 'ad_tags', '', 0, 0), (1033, 1033, 'ad_tags', '', 0, 0), (1034, 1034, 'ad_tags', '', 0, 0), (1035, 1035, 'ad_tags', '', 0, 0), (1036, 1036, 'ad_tags', '', 0, 0), (1037, 1037, 'ad_tags', '', 0, 0), (1038, 1038, 'ad_tags', '', 0, 0), (1039, 1039, 'ad_tags', '', 0, 0), (1040, 1040, 'ad_tags', '', 0, 0), (1041, 1041, 'ad_tags', '', 0, 0), (1042, 1042, 'ad_tags', '', 0, 0), (1043, 1043, 'ad_tags', '', 0, 0), (1044, 1044, 'ad_tags', '', 0, 0), (1045, 1045, 'ad_tags', '', 0, 0), (1046, 1046, 'ad_tags', '', 0, 0), (1047, 1047, 'ad_tags', '', 0, 0), (1048, 1048, 'ad_tags', '', 0, 0), (1049, 1049, 'ad_tags', '', 0, 0), (1050, 1050, 'ad_tags', '', 0, 0), (1051, 1051, 'ad_tags', '', 0, 0), (1052, 1052, 'ad_tags', '', 0, 0), (1053, 1053, 'ad_tags', '', 0, 0), (1054, 1054, 'ad_tags', '', 0, 0), (1055, 1055, 'ad_tags', '', 0, 0), (1056, 1056, 'ad_tags', '', 0, 0), (1057, 1057, 'ad_tags', '', 0, 0), (1058, 1058, 'ad_tags', '', 0, 0), (1059, 1059, 'ad_tags', '', 0, 0), (1060, 1060, 'ad_tags', '', 0, 0), (1061, 1061, 'ad_tags', '', 0, 0), (1062, 1062, 'ad_tags', '', 0, 0), (1063, 1063, 'ad_tags', '', 0, 0), (1064, 1064, 'ad_tags', '', 0, 0), (1065, 1065, 'ad_tags', '', 0, 0), (1066, 1066, 'ad_tags', '', 0, 0), (1067, 1067, 'ad_tags', '', 0, 0), (1068, 1068, 'ad_tags', '', 0, 0), (1069, 1069, 'ad_tags', '', 0, 0), (1070, 1070, 'ad_tags', '', 0, 0), (1071, 1071, 'ad_tags', '', 0, 0), (1072, 1072, 'ad_tags', '', 0, 0), (1073, 1073, 'ad_tags', '', 0, 0), (1074, 1074, 'ad_tags', '', 0, 0), (1075, 1075, 'ad_tags', '', 0, 0), (1076, 1076, 'ad_tags', '', 0, 0), (1077, 1077, 'ad_tags', '', 0, 0), (1078, 1078, 'ad_tags', '', 0, 0), (1079, 1079, 'ad_tags', '', 0, 0), (1080, 1080, 'ad_tags', '', 0, 0), (1081, 1081, 'ad_tags', '', 0, 0), (1082, 1082, 'ad_tags', '', 0, 0), (1083, 1083, 'ad_tags', '', 0, 0), (1084, 1084, 'ad_tags', '', 0, 0), (1085, 1085, 'ad_tags', '', 0, 0), (1086, 1086, 'ad_tags', '', 0, 0), (1087, 1087, 'ad_tags', '', 0, 0), (1088, 1088, 'ad_tags', '', 0, 0), (1089, 1089, 'ad_tags', '', 0, 0), (1090, 1090, 'ad_tags', '', 0, 0), (1091, 1091, 'ad_tags', '', 0, 0), (1092, 1092, 'ad_tags', '', 0, 0), (1093, 1093, 'ad_tags', '', 0, 0), (1094, 1094, 'ad_tags', '', 0, 0), (1095, 1095, 'ad_tags', '', 0, 0), (1096, 1096, 'ad_tags', '', 0, 0), (1097, 1097, 'ad_tags', '', 0, 0), (1098, 1098, 'ad_tags', '', 0, 0), (1099, 1099, 'ad_tags', '', 0, 0), (1100, 1100, 'ad_tags', '', 0, 0), (1101, 1101, 'ad_tags', '', 0, 0), (1102, 1102, 'ad_tags', '', 0, 0), (1103, 1103, 'ad_tags', '', 0, 0), (1104, 1104, 'ad_tags', '', 0, 0), (1105, 1105, 'ad_tags', '', 0, 0), (1106, 1106, 'ad_tags', '', 0, 0), (1107, 1107, 'ad_tags', '', 0, 0), (1108, 1108, 'ad_tags', '', 0, 0), (1109, 1109, 'ad_tags', '', 0, 0), (1110, 1110, 'ad_tags', '', 0, 0), (1111, 1111, 'ad_tags', '', 0, 0), (1112, 1112, 'ad_tags', '', 0, 0), (1113, 1113, 'ad_tags', '', 0, 0), (1114, 1114, 'ad_tags', '', 0, 0), (1115, 1115, 'ad_tags', '', 0, 0), (1116, 1116, 'ad_tags', '', 0, 0), (1117, 1117, 'ad_tags', '', 0, 0), (1118, 1118, 'ad_tags', '', 0, 0), (1119, 1119, 'ad_tags', '', 0, 0), (1120, 1120, 'ad_tags', '', 0, 0), (1121, 1121, 'ad_tags', '', 0, 0), (1122, 1122, 'ad_tags', '', 0, 0), (1123, 1123, 'ad_tags', '', 0, 0), (1124, 1124, 'ad_tags', '', 0, 0), (1125, 1125, 'ad_tags', '', 0, 0), (1126, 1126, 'ad_tags', '', 0, 0), (1127, 1127, 'ad_tags', '', 0, 0), (1128, 1128, 'ad_tags', '', 0, 0), (1129, 1129, 'ad_tags', '', 0, 0), (1130, 1130, 'ad_tags', '', 0, 0), (1131, 1131, 'ad_tags', '', 0, 0), (1132, 1132, 'ad_tags', '', 0, 0), (1133, 1133, 'ad_tags', '', 0, 0), (1134, 1134, 'ad_tags', '', 0, 0), (1135, 1135, 'ad_tags', '', 0, 0), (1136, 1136, 'ad_tags', '', 0, 0), (1137, 1137, 'ad_tags', '', 0, 0), (1138, 1138, 'ad_tags', '', 0, 0), (1139, 1139, 'ad_tags', '', 0, 0), (1140, 1140, 'ad_tags', '', 0, 0), (1141, 1141, 'ad_tags', '', 0, 0), (1142, 1142, 'ad_tags', '', 0, 0), (1143, 1143, 'ad_tags', '', 0, 0), (1144, 1144, 'ad_tags', '', 0, 0), (1145, 1145, 'ad_tags', '', 0, 0), (1146, 1146, 'ad_tags', '', 0, 0), (1147, 1147, 'ad_tags', '', 0, 0), (1148, 1148, 'ad_tags', '', 0, 0), (1149, 1149, 'ad_tags', '', 0, 0), (1150, 1150, 'ad_tags', '', 0, 0), (1151, 1151, 'ad_tags', '', 0, 0), (1152, 1152, 'ad_tags', '', 0, 0), (1153, 1153, 'ad_tags', '', 0, 0), (1154, 1154, 'ad_tags', '', 0, 0), (1155, 1155, 'ad_tags', '', 0, 0), (1156, 1156, 'ad_tags', '', 0, 0), (1157, 1157, 'ad_tags', '', 0, 0), (1158, 1158, 'ad_tags', '', 0, 0), (1159, 1159, 'ad_tags', '', 0, 0), (1160, 1160, 'ad_tags', '', 0, 0), (1161, 1161, 'ad_tags', '', 0, 0), (1162, 1162, 'ad_tags', '', 0, 0), (1163, 1163, 'ad_tags', '', 0, 0), (1164, 1164, 'ad_tags', '', 0, 0), (1165, 1165, 'ad_tags', '', 0, 0), (1166, 1166, 'ad_tags', '', 0, 0), (1167, 1167, 'ad_tags', '', 0, 0), (1168, 1168, 'ad_tags', '', 0, 0), (1169, 1169, 'ad_tags', '', 0, 0), (1170, 1170, 'ad_tags', '', 0, 0), (1171, 1171, 'ad_tags', '', 0, 0), (1172, 1172, 'ad_tags', '', 0, 0), (1173, 1173, 'ad_tags', '', 0, 0), (1174, 1174, 'ad_tags', '', 0, 0), (1175, 1175, 'ad_tags', '', 0, 0), (1176, 1176, 'ad_tags', '', 0, 0), (1177, 1177, 'ad_tags', '', 0, 0), (1178, 1178, 'ad_tags', '', 0, 0), (1179, 1179, 'ad_tags', '', 0, 0), (1180, 1180, 'ad_tags', '', 0, 0), (1181, 1181, 'ad_tags', '', 0, 0), (1182, 1182, 'ad_tags', '', 0, 0), (1183, 1183, 'ad_tags', '', 0, 0), (1184, 1184, 'ad_tags', '', 0, 0), (1185, 1185, 'ad_tags', '', 0, 0), (1186, 1186, 'ad_tags', '', 0, 0), (1187, 1187, 'ad_tags', '', 0, 0), (1188, 1188, 'ad_tags', '', 0, 0), (1189, 1189, 'ad_tags', '', 0, 0), (1190, 1190, 'ad_tags', '', 0, 0), (1191, 1191, 'ad_tags', '', 0, 0), (1192, 1192, 'ad_tags', '', 0, 0), (1193, 1193, 'ad_tags', '', 0, 0), (1194, 1194, 'ad_tags', '', 0, 0), (1195, 1195, 'ad_tags', '', 0, 0), (1196, 1196, 'ad_tags', '', 0, 0), (1197, 1197, 'ad_tags', '', 0, 0), (1198, 1198, 'ad_tags', '', 0, 0), (1199, 1199, 'ad_tags', '', 0, 0), (1200, 1200, 'ad_tags', '', 0, 0), (1201, 1201, 'ad_tags', '', 0, 0), (1202, 1202, 'ad_tags', '', 0, 0), (1203, 1203, 'ad_tags', '', 0, 0), (1204, 1204, 'ad_tags', '', 0, 0), (1205, 1205, 'ad_tags', '', 0, 0), (1206, 1206, 'ad_tags', '', 0, 0), (1207, 1207, 'ad_tags', '', 0, 0), (1208, 1208, 'ad_tags', '', 0, 0), (1209, 1209, 'ad_tags', '', 0, 0), (1210, 1210, 'ad_tags', '', 0, 0), (1211, 1211, 'ad_tags', '', 0, 0), (1212, 1212, 'ad_tags', '', 0, 0), (1213, 1213, 'ad_tags', '', 0, 0), (1214, 1214, 'ad_tags', '', 0, 0), (1215, 1215, 'ad_tags', '', 0, 0), (1216, 1216, 'ad_tags', '', 0, 0), (1217, 1217, 'ad_tags', '', 0, 0), (1218, 1218, 'ad_tags', '', 0, 0), (1219, 1219, 'ad_tags', '', 0, 0), (1220, 1220, 'product_cat', '', 0, 0), (1221, 1221, 'product_cat', '', 1220, 0), (1222, 1222, 'product_cat', '', 1220, 0), (1223, 1223, 'product_cat', '', 1220, 4), (1224, 1224, 'product_cat', '', 0, 0), (1225, 1225, 'product_cat', '', 0, 0), (1226, 1226, 'pa_color', '', 0, 1), (1227, 1227, 'pa_color', '', 0, 1), (1228, 1228, 'pa_color', '', 0, 0), (1229, 1229, 'pa_size', '', 0, 0), (1230, 1230, 'pa_size', '', 0, 0), (1231, 1231, 'pa_size', '', 0, 0), (1232, 1232, 'pa_color', '', 0, 0), (1233, 1233, 'pa_color', '', 0, 0), (1234, 1234, 'ad_tags', '', 0, 0), (1235, 1235, 'ad_tags', '', 0, 0), (1236, 1236, 'product_cat', '', 0, 1), (1237, 1237, 'ad_tags', '', 0, 0), (1238, 1238, 'ad_tags', '', 0, 0), (1239, 1239, 'ad_tags', '', 0, 0), (1240, 1240, 'ad_tags', '', 0, 0), (1241, 1241, 'ad_tags', '', 0, 0), (1242, 1242, 'ad_tags', '', 0, 0), (1243, 1243, 'ad_tags', '', 0, 0), (1244, 1244, 'ad_tags', '', 0, 0), (1245, 1245, 'ad_tags', '', 0, 0), (1246, 1246, 'ad_tags', '', 0, 0), (1247, 1247, 'ad_tags', '', 0, 0), (1248, 1248, 'ad_tags', '', 0, 0), (1249, 1249, 'ad_tags', '', 0, 0), (1250, 1250, 'ad_tags', '', 0, 0), (1251, 1251, 'ad_tags', '', 0, 0), (1252, 1252, 'ad_tags', '', 0, 0), (1253, 1253, 'ad_tags', '', 0, 0), (1254, 1254, 'ad_tags', '', 0, 0), (1255, 1255, 'ad_tags', '', 0, 0), (1256, 1256, 'ad_tags', '', 0, 0), (1257, 1257, 'ad_tags', '', 0, 0), (1258, 1258, 'ad_tags', '', 0, 0), (1259, 1259, 'ad_tags', '', 0, 0), (1260, 1260, 'ad_tags', '', 0, 0), (1261, 1261, 'ad_tags', '', 0, 0), (1262, 1262, 'ad_tags', '', 0, 0), (1263, 1263, 'ad_tags', '', 0, 0), (1264, 1264, 'ad_tags', '', 0, 0), (1265, 1265, 'ad_tags', '', 0, 0), (1266, 1266, 'ad_tags', '', 0, 0), (1267, 1267, 'ad_tags', '', 0, 0), (1268, 1268, 'ad_tags', '', 0, 0), (1269, 1269, 'ad_tags', '', 0, 0), (1270, 1270, 'ad_tags', '', 0, 0), (1271, 1271, 'ad_tags', '', 0, 0), (1272, 1272, 'ad_tags', '', 0, 0), (1273, 1273, 'ad_tags', '', 0, 0), (1274, 1274, 'ad_tags', '', 0, 0), (1275, 1275, 'ad_tags', '', 0, 0), (1276, 1276, 'ad_tags', '', 0, 0), (1277, 1277, 'ad_tags', '', 0, 0), (1278, 1278, 'ad_tags', '', 0, 0), (1279, 1279, 'ad_tags', '', 0, 0), (1280, 1280, 'ad_tags', '', 0, 0), (1281, 1281, 'ad_tags', '', 0, 0), (1282, 1282, 'ad_tags', '', 0, 0), (1283, 1283, 'ad_tags', '', 0, 0), (1284, 1284, 'ad_tags', '', 0, 0), (1285, 1285, 'ad_tags', '', 0, 0), (1286, 1286, 'ad_tags', '', 0, 0), (1287, 1287, 'ad_tags', '', 0, 0), (1288, 1288, 'ad_tags', '', 0, 0), (1289, 1289, 'ad_tags', '', 0, 0), (1290, 1290, 'ad_tags', '', 0, 0), (1291, 1291, 'ad_tags', '', 0, 0), (1292, 1292, 'ad_tags', '', 0, 0), (1293, 1293, 'ad_tags', '', 0, 0), (1294, 1294, 'ad_tags', '', 0, 0), (1295, 1295, 'ad_tags', '', 0, 0), (1296, 1296, 'ad_tags', '', 0, 0), (1297, 1297, 'ad_tags', '', 0, 0), (1298, 1298, 'ad_tags', '', 0, 0), (1299, 1299, 'ad_tags', '', 0, 0), (1300, 1300, 'ad_tags', '', 0, 0), (1301, 1301, 'ad_tags', '', 0, 0), (1302, 1302, 'ad_tags', '', 0, 0), (1303, 1303, 'ad_tags', '', 0, 0), (1304, 1304, 'ad_tags', '', 0, 0), (1305, 1305, 'ad_tags', '', 0, 0), (1306, 1306, 'ad_tags', '', 0, 0), (1307, 1307, 'ad_tags', '', 0, 0), (1308, 1308, 'ad_tags', '', 0, 0), (1309, 1309, 'ad_tags', '', 0, 0), (1310, 1310, 'ad_tags', '', 0, 0), (1311, 1311, 'ad_tags', '', 0, 0), (1312, 1312, 'ad_tags', '', 0, 0), (1313, 1313, 'ad_tags', '', 0, 0), (1314, 1314, 'ad_tags', '', 0, 0), (1315, 1315, 'ad_tags', '', 0, 0), (1316, 1316, 'ad_tags', '', 0, 0), (1317, 1317, 'ad_tags', '', 0, 0), (1318, 1318, 'ad_tags', '', 0, 0), (1319, 1319, 'ad_tags', '', 0, 0), (1320, 1320, 'ad_tags', '', 0, 0), (1321, 1321, 'ad_tags', '', 0, 0), (1322, 1322, 'ad_tags', '', 0, 0), (1323, 1323, 'ad_tags', '', 0, 0), (1324, 1324, 'ad_tags', '', 0, 0), (1325, 1325, 'ad_tags', '', 0, 0), (1326, 1326, 'ad_tags', '', 0, 0), (1327, 1327, 'ad_tags', '', 0, 0), (1328, 1328, 'ad_tags', '', 0, 0), (1329, 1329, 'ad_tags', '', 0, 0), (1330, 1330, 'ad_tags', '', 0, 0), (1331, 1331, 'ad_tags', '', 0, 0), (1332, 1332, 'ad_tags', '', 0, 0), (1333, 1333, 'ad_tags', '', 0, 0), (1334, 1334, 'ad_tags', '', 0, 0), (1335, 1335, 'ad_tags', '', 0, 0), (1336, 1336, 'ad_tags', '', 0, 0), (1337, 1337, 'ad_tags', '', 0, 0), (1338, 1338, 'ad_tags', '', 0, 0), (1339, 1339, 'ad_tags', '', 0, 0), (1340, 1340, 'ad_tags', '', 0, 0), (1341, 1341, 'ad_tags', '', 0, 0), (1342, 1342, 'ad_tags', '', 0, 0), (1343, 1343, 'ad_tags', '', 0, 0), (1344, 1344, 'ad_tags', '', 0, 0), (1345, 1345, 'ad_tags', '', 0, 0), (1346, 1346, 'ad_tags', '', 0, 0), (1347, 1347, 'ad_tags', '', 0, 0), (1348, 1348, 'ad_tags', '', 0, 0), (1349, 1349, 'ad_tags', '', 0, 0), (1350, 1350, 'ad_tags', '', 0, 0), (1351, 1351, 'ad_tags', '', 0, 0), (1352, 1352, 'ad_tags', '', 0, 0), (1353, 1353, 'ad_tags', '', 0, 0), (1354, 1354, 'ad_tags', '', 0, 0), (1355, 1355, 'ad_tags', '', 0, 0), (1356, 1356, 'ad_tags', '', 0, 0), (1357, 1357, 'ad_tags', '', 0, 0), (1358, 1358, 'ad_tags', '', 0, 0), (1359, 1359, 'ad_tags', '', 0, 0), (1360, 1360, 'ad_tags', '', 0, 0), (1361, 1361, 'ad_tags', '', 0, 0), (1362, 1362, 'ad_tags', '', 0, 0), (1363, 1363, 'ad_tags', '', 0, 0), (1364, 1364, 'ad_tags', '', 0, 0), (1365, 1365, 'ad_tags', '', 0, 0), (1366, 1366, 'ad_tags', '', 0, 0), (1367, 1367, 'ad_tags', '', 0, 0), (1368, 1368, 'ad_tags', '', 0, 0), (1369, 1369, 'ad_tags', '', 0, 0), (1370, 1370, 'ad_tags', '', 0, 0), (1371, 1371, 'ad_tags', '', 0, 0), (1372, 1372, 'ad_tags', '', 0, 0), (1373, 1373, 'ad_tags', '', 0, 0), (1374, 1374, 'ad_tags', '', 0, 0), (1375, 1375, 'ad_tags', '', 0, 0), (1376, 1376, 'ad_tags', '', 0, 0), (1377, 1377, 'ad_tags', '', 0, 0), (1378, 1378, 'ad_tags', '', 0, 0), (1379, 1379, 'ad_tags', '', 0, 0), (1380, 1380, 'ad_tags', '', 0, 0), (1381, 1381, 'ad_tags', '', 0, 0), (1382, 1382, 'ad_tags', '', 0, 0), (1383, 1383, 'ad_tags', '', 0, 0), (1384, 1384, 'ad_tags', '', 0, 0), (1385, 1385, 'ad_tags', '', 0, 0), (1386, 1386, 'ad_tags', '', 0, 0), (1387, 1387, 'ad_tags', '', 0, 0), (1388, 1388, 'ad_tags', '', 0, 0), (1389, 1389, 'ad_tags', '', 0, 0), (1390, 1390, 'ad_tags', '', 0, 0), (1391, 1391, 'ad_tags', '', 0, 0), (1392, 1392, 'ad_tags', '', 0, 0), (1393, 1393, 'ad_tags', '', 0, 0), (1394, 1394, 'ad_tags', '', 0, 0), (1395, 1395, 'ad_tags', '', 0, 0), (1396, 1396, 'ad_tags', '', 0, 0), (1397, 1397, 'ad_tags', '', 0, 0), (1398, 1398, 'ad_tags', '', 0, 0), (1399, 1399, 'ad_tags', '', 0, 0), (1400, 1400, 'ad_tags', '', 0, 0), (1401, 1401, 'ad_tags', '', 0, 0), (1402, 1402, 'ad_tags', '', 0, 0), (1403, 1403, 'ad_tags', '', 0, 0), (1404, 1404, 'ad_tags', '', 0, 0), (1405, 1405, 'ad_tags', '', 0, 0), (1406, 1406, 'ad_tags', '', 0, 0), (1407, 1407, 'ad_tags', '', 0, 0), (1408, 1408, 'ad_tags', '', 0, 0), (1409, 1409, 'ad_tags', '', 0, 0), (1410, 1410, 'ad_tags', '', 0, 0), (1411, 1411, 'ad_tags', '', 0, 0), (1412, 1412, 'ad_tags', '', 0, 0), (1413, 1413, 'ad_tags', '', 0, 0), (1414, 1414, 'ad_tags', '', 0, 0), (1415, 1415, 'ad_tags', '', 0, 0), (1416, 1416, 'ad_tags', '', 0, 0), (1417, 1417, 'ad_tags', '', 0, 0), (1418, 1418, 'ad_tags', '', 0, 0), (1419, 1419, 'ad_tags', '', 0, 0), (1420, 1420, 'ad_tags', '', 0, 0), (1421, 1421, 'ad_tags', '', 0, 0), (1422, 1422, 'ad_tags', '', 0, 0), (1423, 1423, 'ad_tags', '', 0, 0), (1424, 1424, 'ad_tags', '', 0, 0), (1425, 1425, 'ad_tags', '', 0, 0), (1426, 1426, 'ad_tags', '', 0, 0), (1427, 1427, 'ad_tags', '', 0, 0), (1428, 1428, 'ad_tags', '', 0, 0), (1429, 1429, 'ad_tags', '', 0, 0), (1430, 1430, 'ad_tags', '', 0, 0), (1431, 1431, 'ad_tags', '', 0, 0), (1432, 1432, 'ad_tags', '', 0, 0), (1433, 1433, 'ad_tags', '', 0, 0), (1434, 1434, 'ad_tags', '', 0, 0), (1435, 1435, 'ad_tags', '', 0, 0), (1436, 1436, 'ad_tags', '', 0, 0), (1437, 1437, 'ad_tags', '', 0, 0), (1438, 1438, 'ad_tags', '', 0, 0), (1439, 1439, 'ad_tags', '', 0, 0), (1440, 1440, 'ad_tags', '', 0, 0), (1441, 1441, 'ad_tags', '', 0, 0), (1442, 1442, 'ad_tags', '', 0, 0), (1443, 1443, 'ad_tags', '', 0, 0), (1444, 1444, 'ad_tags', '', 0, 0), (1445, 1445, 'ad_tags', '', 0, 0), (1446, 1446, 'ad_tags', '', 0, 0), (1447, 1447, 'ad_tags', '', 0, 0), (1448, 1448, 'ad_tags', '', 0, 0), (1449, 1449, 'ad_tags', '', 0, 0), (1450, 1450, 'ad_tags', '', 0, 0), (1451, 1451, 'ad_tags', '', 0, 0), (1452, 1452, 'ad_tags', '', 0, 0), (1453, 1453, 'ad_tags', '', 0, 0), (1454, 1454, 'ad_tags', '', 0, 0), (1455, 1455, 'ad_tags', '', 0, 0), (1456, 1456, 'ad_tags', '', 0, 0), (1457, 1457, 'ad_tags', '', 0, 0), (1458, 1458, 'ad_tags', '', 0, 0), (1459, 1459, 'ad_tags', '', 0, 0), (1460, 1460, 'ad_tags', '', 0, 0), (1461, 1461, 'ad_tags', '', 0, 0), (1462, 1462, 'ad_tags', '', 0, 0), (1463, 1463, 'ad_tags', '', 0, 0), (1464, 1464, 'ad_tags', '', 0, 0), (1465, 1465, 'ad_tags', '', 0, 0), (1466, 1466, 'ad_tags', '', 0, 0), (1467, 1467, 'ad_tags', '', 0, 0), (1468, 1468, 'ad_tags', '', 0, 0), (1469, 1469, 'ad_tags', '', 0, 0), (1470, 1470, 'ad_tags', '', 0, 0), (1471, 1471, 'ad_tags', '', 0, 0), (1472, 1472, 'ad_tags', '', 0, 0), (1473, 1473, 'ad_tags', '', 0, 0), (1474, 1474, 'ad_tags', '', 0, 0), (1475, 1475, 'ad_tags', '', 0, 0), (1476, 1476, 'ad_tags', '', 0, 0), (1477, 1477, 'ad_tags', '', 0, 0), (1478, 1478, 'ad_tags', '', 0, 0), (1479, 1479, 'ad_tags', '', 0, 0), (1480, 1480, 'ad_tags', '', 0, 0), (1481, 1481, 'ad_tags', '', 0, 0), (1482, 1482, 'ad_tags', '', 0, 0), (1483, 1483, 'ad_tags', '', 0, 0), (1484, 1484, 'ad_tags', '', 0, 0), (1485, 1485, 'ad_tags', '', 0, 0), (1486, 1486, 'ad_tags', '', 0, 0), (1487, 1487, 'ad_tags', '', 0, 0), (1488, 1488, 'ad_tags', '', 0, 0), (1489, 1489, 'ad_tags', '', 0, 0), (1490, 1490, 'ad_tags', '', 0, 0), (1491, 1491, 'ad_tags', '', 0, 0), (1492, 1492, 'ad_tags', '', 0, 0), (1493, 1493, 'ad_tags', '', 0, 0), (1494, 1494, 'ad_tags', '', 0, 0), (1495, 1495, 'ad_tags', '', 0, 0), (1496, 1496, 'ad_tags', '', 0, 0), (1497, 1497, 'ad_tags', '', 0, 0), (1498, 1498, 'ad_tags', '', 0, 0), (1499, 1499, 'ad_tags', '', 0, 0), (1500, 1500, 'ad_tags', '', 0, 0), (1501, 1501, 'ad_tags', '', 0, 0), (1502, 1502, 'ad_tags', '', 0, 0), (1503, 1503, 'ad_tags', '', 0, 0), (1504, 1504, 'ad_tags', '', 0, 0), (1505, 1505, 'ad_tags', '', 0, 0), (1506, 1506, 'ad_tags', '', 0, 0), (1507, 1507, 'ad_tags', '', 0, 0), (1508, 1508, 'ad_tags', '', 0, 0), (1509, 1509, 'ad_tags', '', 0, 0), (1510, 1510, 'ad_tags', '', 0, 0), (1511, 1511, 'ad_tags', '', 0, 0), (1512, 1512, 'ad_tags', '', 0, 0), (1513, 1513, 'ad_tags', '', 0, 0), (1514, 1514, 'ad_tags', '', 0, 0), (1515, 1515, 'ad_tags', '', 0, 0), (1516, 1516, 'ad_tags', '', 0, 0), (1517, 1517, 'ad_tags', '', 0, 0), (1518, 1518, 'ad_tags', '', 0, 0), (1519, 1519, 'ad_tags', '', 0, 0), (1520, 1520, 'ad_tags', '', 0, 0), (1521, 1521, 'ad_tags', '', 0, 0), (1522, 1522, 'ad_tags', '', 0, 0), (1523, 1523, 'ad_tags', '', 0, 0), (1524, 1524, 'ad_tags', '', 0, 0), (1525, 1525, 'ad_tags', '', 0, 0), (1526, 1526, 'ad_tags', '', 0, 0), (1527, 1527, 'ad_tags', '', 0, 0), (1528, 1528, 'ad_tags', '', 0, 0), (1529, 1529, 'ad_tags', '', 0, 0), (1530, 1530, 'ad_tags', '', 0, 0), (1531, 1531, 'ad_tags', '', 0, 0), (1532, 1532, 'ad_tags', '', 0, 0), (1533, 1533, 'ad_tags', '', 0, 0), (1534, 1534, 'ad_tags', '', 0, 0), (1539, 1539, 'ad_country', '', 433, 0), (1551, 1551, 'product_cat', '', 1224, 2), (1552, 1552, 'product_cat', '', 0, 0), (1553, 1553, 'product_cat', '', 0, 5), (1554, 1554, 'product_cat', '', 0, 1), (1556, 1556, 'ad_cats', '', 126, 0), (1557, 1557, 'ad_cats', '', 126, 0), (1558, 1558, 'ad_cats', '', 126, 0), (1559, 1559, 'ad_cats', '', 126, 0), (1560, 1560, 'ad_cats', '', 166, 0), (1561, 1561, 'ad_cats', '', 166, 0), (1562, 1562, 'ad_cats', '', 166, 0), (1563, 1563, 'ad_cats', '', 166, 0), (1564, 1564, 'ad_cats', '', 79, 2), (1565, 1565, 'ad_cats', '', 1564, 0), (1566, 1566, 'ad_cats', '', 1564, 0), (1567, 1567, 'ad_cats', '', 1564, 2), (1568, 1568, 'ad_cats', '', 1565, 0), (1569, 1569, 'ad_cats', '', 1565, 0), (1570, 1570, 'ad_cats', '', 1566, 0), (1571, 1571, 'ad_cats', '', 1566, 0), (1572, 1572, 'ad_cats', '', 1567, 0), (1573, 1573, 'ad_cats', '', 1567, 0), (1574, 1574, 'ad_cats', '', 1567, 0), (1575, 1575, 'ad_cats', '', 79, 1), (1576, 1576, 'ad_cats', '', 1575, 1), (1577, 1577, 'ad_cats', '', 1575, 0), (1578, 1578, 'ad_cats', '', 1575, 0), (1579, 1579, 'ad_cats', '', 1576, 0), (1580, 1580, 'ad_cats', '', 1576, 0), (1581, 1581, 'ad_cats', '', 1577, 0), (1582, 1582, 'ad_cats', '', 1577, 0), (1583, 1583, 'ad_cats', '', 1578, 0), (1584, 1584, 'ad_cats', '', 1578, 0), (1585, 1585, 'ad_cats', '', 0, 2), (1586, 1586, 'ad_cats', '', 1585, 0), (1587, 1587, 'ad_cats', '', 1585, 1), (1588, 1588, 'ad_cats', '', 1585, 1), (1589, 1589, 'ad_cats', '', 1585, 0), (1590, 1590, 'ad_cats', '', 1589, 0), (1591, 1591, 'ad_cats', '', 1589, 0), (1592, 1592, 'ad_cats', '', 1589, 0), (1593, 1593, 'ad_cats', '', 1590, 0), (1594, 1594, 'ad_cats', '', 1590, 0), (1595, 1595, 'ad_cats', '', 1591, 0), (1596, 1596, 'ad_cats', '', 1588, 0), (1597, 1597, 'ad_cats', '', 1588, 1), (1598, 1598, 'ad_cats', '', 1588, 0), (1599, 1599, 'ad_cats', '', 1587, 0), (1600, 1600, 'ad_cats', '', 1587, 0), (1601, 1601, 'ad_cats', '', 1587, 1), (1602, 1602, 'ad_cats', '', 1599, 0), (1603, 1603, 'ad_cats', '', 1600, 0), (1604, 1604, 'ad_cats', '', 1600, 0), (1605, 1605, 'ad_cats', '', 1600, 0), (1606, 1606, 'ad_cats', '', 1601, 1), (1607, 1607, 'ad_cats', '', 1586, 0), (1608, 1608, 'ad_cats', '', 1586, 0), (1609, 1609, 'ad_cats', '', 1586, 0), (1610, 1610, 'ad_cats', '', 0, 2), (1611, 1611, 'ad_cats', '', 1610, 1), (1612, 1612, 'ad_cats', '', 1610, 1), (1613, 1613, 'ad_cats', '', 1610, 0), (1614, 1614, 'ad_cats', '', 1611, 1), (1615, 1615, 'ad_cats', '', 1611, 0), (1616, 1616, 'ad_cats', '', 1611, 0), (1617, 1617, 'ad_cats', '', 1611, 0), (1619, 1619, 'ad_cats', '', 1612, 0), (1620, 1620, 'ad_cats', '', 1612, 1), (1621, 1621, 'ad_cats', '', 1612, 0), (1622, 1622, 'ad_cats', '', 1612, 0), (1623, 1623, 'ad_cats', '', 1613, 0), (1624, 1624, 'ad_cats', '', 1613, 0), (1625, 1625, 'ad_cats', '', 1613, 0), (1626, 1626, 'ad_cats', '', 1613, 0), (1627, 1627, 'ad_cats', '', 0, 2), (1629, 1629, 'ad_cats', '', 1627, 1), (1630, 1630, 'ad_cats', '', 1627, 0), (1631, 1631, 'ad_cats', '', 1627, 1), (1632, 1632, 'ad_cats', '', 1629, 0); 

INSERT INTO `wp_term_taxonomy` (`term_taxonomy_id`, `term_id`, `taxonomy`, `description`, `parent`, `count`) VALUES (1633, 1633, 'ad_cats', '', 1629, 0), (1634, 1634, 'ad_cats', '', 1629, 0), (1635, 1635, 'ad_cats', '', 1629, 0), (1636, 1636, 'ad_cats', '', 1635, 0), (1637, 1637, 'ad_cats', '', 1635, 0), (1638, 1638, 'ad_cats', '', 1635, 0), (1639, 1639, 'ad_cats', '', 1634, 0), (1640, 1640, 'ad_cats', '', 1634, 0), (1641, 1641, 'ad_cats', '', 1634, 0), (1642, 1642, 'ad_cats', '', 1633, 0), (1643, 1643, 'ad_cats', '', 1633, 0), (1644, 1644, 'ad_cats', '', 1633, 0), (1645, 1645, 'ad_cats', '', 1632, 0), (1646, 1646, 'ad_cats', '', 1632, 0), (1647, 1647, 'ad_cats', '', 1632, 0), (1648, 1648, 'ad_cats', '', 1630, 0), (1649, 1649, 'ad_cats', '', 1630, 0), (1650, 1650, 'ad_cats', '', 1630, 0), (1651, 1651, 'ad_cats', '', 1648, 0), (1652, 1652, 'ad_cats', '', 1648, 0), (1653, 1653, 'ad_cats', '', 1648, 0), (1654, 1654, 'ad_cats', '', 1649, 0), (1655, 1655, 'ad_cats', '', 1649, 0), (1656, 1656, 'ad_cats', '', 1649, 0), (1657, 1657, 'ad_cats', '', 1650, 0), (1658, 1658, 'ad_cats', '', 1650, 0), (1659, 1659, 'ad_cats', '', 1631, 0), (1660, 1660, 'ad_cats', '', 1631, 0), (1661, 1661, 'ad_cats', '', 1631, 0), (1662, 1662, 'ad_cats', '', 1661, 0), (1663, 1663, 'ad_cats', '', 1661, 0), (1664, 1664, 'ad_cats', '', 1661, 0), (1665, 1665, 'ad_cats', '', 1660, 0), (1666, 1666, 'ad_cats', '', 1660, 0), (1667, 1667, 'ad_cats', '', 1660, 0), (1668, 1668, 'ad_cats', '', 1659, 0), (1669, 1669, 'ad_cats', '', 1659, 0), (1670, 1670, 'ad_cats', '', 1659, 1), (1671, 1671, 'ad_tags', '', 0, 1), (1672, 1672, 'ad_tags', '', 0, 1), (1673, 1673, 'ad_tags', '', 0, 1), (1674, 1674, 'ad_tags', '', 0, 1), (1675, 1675, 'ad_tags', '', 0, 3), (1676, 1676, 'ad_tags', '', 0, 1), (1677, 1677, 'ad_tags', '', 0, 1), (1678, 1678, 'ad_tags', '', 0, 1), (1679, 1679, 'ad_tags', '', 0, 1), (1680, 1680, 'ad_tags', '', 0, 1), (1681, 1681, 'ad_tags', '', 0, 1), (1682, 1682, 'ad_tags', '', 0, 1), (1683, 1683, 'ad_tags', '', 0, 1), (1684, 1684, 'ad_tags', '', 0, 1), (1685, 1685, 'ad_tags', '', 0, 1), (1686, 1686, 'ad_tags', '', 0, 2), (1687, 1687, 'ad_tags', '', 0, 1), (1688, 1688, 'ad_tags', '', 0, 1), (1689, 1689, 'ad_tags', '', 0, 1), (1690, 1690, 'ad_tags', '', 0, 1), (1691, 1691, 'ad_tags', '', 0, 1), (1692, 1692, 'ad_tags', '', 0, 1), (1693, 1693, 'ad_tags', '', 0, 1), (1694, 1694, 'ad_tags', '', 0, 1), (1695, 1695, 'ad_cats', '', 0, 2), (1696, 1696, 'ad_cats', '', 1695, 1), (1697, 1697, 'ad_cats', '', 1695, 0), (1698, 1698, 'ad_cats', '', 1695, 1), (1699, 1699, 'ad_cats', '', 1696, 1), (1700, 1700, 'ad_cats', '', 1696, 0), (1701, 1701, 'ad_cats', '', 1696, 0), (1702, 1702, 'ad_cats', '', 1698, 0), (1703, 1703, 'ad_cats', '', 1698, 0), (1704, 1704, 'ad_cats', '', 1698, 1), (1705, 1705, 'ad_cats', '', 1697, 0), (1706, 1706, 'ad_cats', '', 1705, 0), (1707, 1707, 'ad_tags', '', 0, 2), (1708, 1708, 'ad_tags', '', 0, 1), (1709, 1709, 'ad_tags', '', 0, 1), (1710, 1710, 'ad_tags', '', 0, 1), (1711, 1711, 'ad_tags', '', 0, 1), (1712, 1712, 'ad_tags', '', 0, 2), (1713, 1713, 'ad_tags', '', 0, 1), (1714, 1714, 'ad_tags', '', 0, 1), (1715, 1715, 'ad_tags', '', 0, 1), (1716, 1716, 'ad_tags', '', 0, 1), (1717, 1717, 'ad_tags', '', 0, 1), (1718, 1718, 'ad_tags', '', 0, 1), (1719, 1719, 'ad_tags', '', 0, 1);