INSERT INTO `wp_termmeta` (`meta_id`, `term_id`, `meta_key`, `meta_value`) VALUES
(78, 733, 'product_count_product_cat', '3'),
(79, 1220, 'order', '0'),
(80, 1221, 'order', '0'),
(81, 1222, 'order', '0'),
(82, 1223, 'order', '0'),
(83, 1224, 'order', '0'),
(84, 1225, 'order', '0'),
(85, 1221, 'product_count_product_cat', '0'),
(86, 1220, 'product_count_product_cat', '4'),
(87, 1226, 'order_pa_color', '0'),
(88, 1227, 'order_pa_color', '0'),
(89, 1228, 'order_pa_color', '0'),
(90, 1229, 'order_pa_size', '0'),
(91, 1230, 'order_pa_size', '0'),
(92, 1231, 'order_pa_size', '0'),
(93, 1222, 'product_count_product_cat', '0'),
(94, 1232, 'order_pa_color', '0'),
(95, 1223, 'product_count_product_cat', '4'),
(96, 1233, 'order_pa_color', '0'),
(97, 1224, 'product_count_product_cat', '2'),
(98, 1225, 'product_count_product_cat', '0'),
(99, 1236, 'order', '0'),
(100, 1236, 'product_count_product_cat', '1'),
(116, 1551, 'order', '0'),
(117, 1551, 'product_count_product_cat', '2'),
(118, 1552, 'order', '0'),
(119, 1552, 'product_count_product_cat', '0'),
(120, 1553, 'order', '0'),
(121, 1553, 'product_count_product_cat', '5'),
(122, 1554, 'order', '0'),
(123, 1554, 'product_count_product_cat', '1'),
(252, 721, '_sb_dynamic_form_fields', 'eyJhY3Rpb24iOiJlZGl0ZWR0YWciLCJ0YWdfSUQiOiI3MjEiLCJ0YXhvbm9teSI6InNiX2R5bmFtaWNfZm9ybV90ZW1wbGF0ZXMiLCJfd3Bfb3JpZ2luYWxfaHR0cF9yZWZlcmVyIjoiaHR0cDpcL1wvYWRmb3Jlc3Quc2NyaXB0c2J1bmRsZS5jb21cL3RlY2hmb3Jlc3RcL3dwLWFkbWluXC9lZGl0LXRhZ3MucGhwP3RheG9ub215PXNiX2R5bmFtaWNfZm9ybV90ZW1wbGF0ZXMmcG9zdF90eXBlPWFkX3Bvc3QiLCJfd3Bub25jZSI6IjM3ZWYyZmEyYzQiLCJfd3BfaHR0cF9yZWZlcmVyIjoiXC90ZWNoZm9yZXN0XC93cC1hZG1pblwvdGVybS5waHA/dGF4b25vbXk9c2JfZHluYW1pY19mb3JtX3RlbXBsYXRlcyZ0YWdfSUQ9NzIxJnBvc3RfdHlwZT1hZF9wb3N0JndwX2h0dHBfcmVmZXJlcj0lMkZ0ZWNoZm9yZXN0JTJGd3AtYWRtaW4lMkZlZGl0LXRhZ3MucGhwJTNGdGF4b25vbXklM0RzYl9keW5hbWljX2Zvcm1fdGVtcGxhdGVzJTI2cG9zdF90eXBlJTNEYWRfcG9zdCIsIm5hbWUiOiJUZWNoRm9yZXN0Iiwic2x1ZyI6InRlc3QtdGVtcGxhdGUiLCJkZXNjcmlwdGlvbiI6IiIsIl9zYl9kZWZhdWx0X2NhdF9wcmljZV9zaG93IjoiMSIsIl9zYl9kZWZhdWx0X2NhdF9wcmljZV9yZXF1aXJlZCI6IjEiLCJfc2JfZGVmYXVsdF9jYXRfcHJpY2VfdHlwZV9zaG93IjoiMSIsIl9zYl9kZWZhdWx0X2NhdF9wcmljZV90eXBlX3JlcXVpcmVkIjoiMSIsIl9zYl9kZWZhdWx0X2NhdF92aWRlb19zaG93IjoiMSIsIl9zYl9kZWZhdWx0X2NhdF92aWRlb19yZXF1aXJlZCI6IjEiLCJfc2JfZGVmYXVsdF9jYXRfdGFnc19zaG93IjoiMSIsIl9zYl9kZWZhdWx0X2NhdF90YWdzX3JlcXVpcmVkIjoiMSIsIl9zYl9kZWZhdWx0X2NhdF9pbWFnZV9zaG93IjoiMSIsIl9zYl9kZWZhdWx0X2NhdF9pbWFnZV9yZXF1aXJlZCI6IjEiLCJfc2JfZGVmYXVsdF9jYXRfY29uZGl0aW9uX3Nob3ciOiIxIiwiX3NiX2RlZmF1bHRfY2F0X2NvbmRpdGlvbl9yZXF1aXJlZCI6IjEiLCJfc2JfZGVmYXVsdF9jYXRfd2FycmFudHlfc2hvdyI6IjEiLCJfc2JfZGVmYXVsdF9jYXRfd2FycmFudHlfcmVxdWlyZWQiOiIxIiwiX3NiX2RlZmF1bHRfY2F0X2FkX3R5cGVfc2hvdyI6IjEiLCJfc2JfZGVmYXVsdF9jYXRfYWRfdHlwZV9yZXF1aXJlZCI6IjEiLCJfc2JfZHluYW1pY19mb3JtX3R5cGVzIjpbIjIiLCIyIiwiMiJdLCJfc2JfZHluYW1pY19mb3JtX2luX3NlYXJjaCI6WyJ5ZXMiLCJ5ZXMiLCJ5ZXMiXSwiX3NiX2R5bmFtaWNfZm9ybV9jb2x1bW5zIjpbIjEyIiwiMTIiLCIxMiJdLCJfc2JfZHluYW1pY19mb3JtX3JlcXVpcmVzIjpbIjEiLCIxIiwiMSJdLCJfc2JfZHluYW1pY19mb3JtX3N0YXR1cyI6WyIxIiwiMSIsIjEiXSwiX3NiX2R5bmFtaWNfZm9ybV90aXRsZXMiOlsiU2l6ZSIsIkNvbG9yIiwiV2VpZ2h0Il0sIl9zYl9keW5hbWljX2Zvcm1fc2x1Z3MiOlsibW9kZWwiLCJjb2xvciIsIm1ha2UiXSwiX3NiX2R5bmFtaWNfZm9ybV92YWx1ZXMiOlsiU2l6ZSAxfFNpemUgMnxTaXplIDN8U2l6ZSA0IiwiQ29sb3IgMXxDb2xvciAyfENvbG9yIDN8Q29sb3IgNCIsIldlaWdodCAxfFdlaWdodCAyfFdlaWdodCAzfFdlaWdodCA0Il19'),
(269, 1765, '_sb_category_template', '1764'),
(270, 1766, '_sb_category_template', '1764'),
(271, 1767, '_sb_category_template', '1764'),
(272, 1768, '_sb_category_template', '1764'),
(273, 1769, '_sb_category_template', '1764'),
(274, 1770, '_sb_category_template', '1764'),
(275, 1771, '_sb_category_template', '1764'),
(276, 1772, '_sb_category_template', '1764'),
(277, 1773, '_sb_category_template', '1764'),
(278, 1774, '_sb_category_template', '1764'),
(279, 1775, '_sb_category_template', '1764'),
(280, 1776, '_sb_category_template', '1764'),
(281, 1777, '_sb_category_template', '1764'),
(282, 1778, '_sb_category_template', '1764'),
(283, 1779, '_sb_category_template', '1764'),
(284, 1764, '_sb_dynamic_form_fields', 'eyJhY3Rpb24iOiJlZGl0ZWR0YWciLCJ0YWdfSUQiOiIxNzY0IiwidGF4b25vbXkiOiJzYl9keW5hbWljX2Zvcm1fdGVtcGxhdGVzIiwiX3dwX29yaWdpbmFsX2h0dHBfcmVmZXJlciI6Imh0dHA6XC9cL2FkZm9yZXN0LnNjcmlwdHNidW5kbGUuY29tXC90b3lmb3Jlc3RcL3dwLWFkbWluXC9lZGl0LXRhZ3MucGhwP3RheG9ub215PXNiX2R5bmFtaWNfZm9ybV90ZW1wbGF0ZXMmcG9zdF90eXBlPWFkX3Bvc3QiLCJfd3Bub25jZSI6Ijc4MmE0ZjkyZmYiLCJfd3BfaHR0cF9yZWZlcmVyIjoiXC90b3lmb3Jlc3RcL3dwLWFkbWluXC90ZXJtLnBocD90YXhvbm9teT1zYl9keW5hbWljX2Zvcm1fdGVtcGxhdGVzJnRhZ19JRD0xNzY0JnBvc3RfdHlwZT1hZF9wb3N0JndwX2h0dHBfcmVmZXJlcj0lMkZ0b3lmb3Jlc3QlMkZ3cC1hZG1pbiUyRmVkaXQtdGFncy5waHAlM0Z0YXhvbm9teSUzRHNiX2R5bmFtaWNfZm9ybV90ZW1wbGF0ZXMlMjZwb3N0X3R5cGUlM0RhZF9wb3N0IiwibmFtZSI6IlRveUZvcmVzdCIsInNsdWciOiJ0b3lmb3Jlc3QiLCJkZXNjcmlwdGlvbiI6IiIsIl9zYl9kZWZhdWx0X2NhdF9wcmljZV9zaG93IjoiMSIsIl9zYl9kZWZhdWx0X2NhdF9wcmljZV9yZXF1aXJlZCI6IjEiLCJfc2JfZGVmYXVsdF9jYXRfcHJpY2VfdHlwZV9zaG93IjoiMSIsIl9zYl9kZWZhdWx0X2NhdF9wcmljZV90eXBlX3JlcXVpcmVkIjoiMSIsIl9zYl9kZWZhdWx0X2NhdF92aWRlb19zaG93IjoiMSIsIl9zYl9kZWZhdWx0X2NhdF92aWRlb19yZXF1aXJlZCI6IjAiLCJfc2JfZGVmYXVsdF9jYXRfdGFnc19zaG93IjoiMSIsIl9zYl9kZWZhdWx0X2NhdF90YWdzX3JlcXVpcmVkIjoiMCIsIl9zYl9kZWZhdWx0X2NhdF9pbWFnZV9zaG93IjoiMSIsIl9zYl9kZWZhdWx0X2NhdF9pbWFnZV9yZXF1aXJlZCI6IjAiLCJfc2JfZGVmYXVsdF9jYXRfY29uZGl0aW9uX3Nob3ciOiIxIiwiX3NiX2RlZmF1bHRfY2F0X2NvbmRpdGlvbl9yZXF1aXJlZCI6IjEiLCJfc2JfZGVmYXVsdF9jYXRfd2FycmFudHlfc2hvdyI6IjEiLCJfc2JfZGVmYXVsdF9jYXRfd2FycmFudHlfcmVxdWlyZWQiOiIxIiwiX3NiX2RlZmF1bHRfY2F0X2FkX3R5cGVfc2hvdyI6IjEiLCJfc2JfZGVmYXVsdF9jYXRfYWRfdHlwZV9yZXF1aXJlZCI6IjEifQ==');

INSERT INTO `wp_terms` (`term_id`, `name`, `slug`, `term_group`) VALUES
(1, 'Uncategorized', 'uncategorized', 0),
(2, 'simple', 'simple', 0),
(3, 'grouped', 'grouped', 0),
(4, 'variable', 'variable', 0),
(5, 'external', 'external', 0),
(6, 'exclude-from-search', 'exclude-from-search', 0),
(7, 'exclude-from-catalog', 'exclude-from-catalog', 0),
(8, 'featured', 'featured', 0),
(9, 'outofstock', 'outofstock', 0),
(10, 'rated-1', 'rated-1', 0),
(11, 'rated-2', 'rated-2', 0),
(12, 'rated-3', 'rated-3', 0),
(13, 'rated-4', 'rated-4', 0),
(14, 'rated-5', 'rated-5', 0),
(15, 'accord', 'accord', 0),
(16, 'beautiful cat', 'beautiful-cat', 0),
(17, 'beautiful homes', 'beautiful-homes', 0),
(18, 'Bike', 'bike', 0),
(19, 'branded shirts', 'branded-shirts', 0),
(20, 'branded shoes', 'branded-shoes', 0),
(21, 'car', 'car', 0),
(22, 'cat', 'cat', 0),
(23, 'Cat for sale', 'cat-for-sale', 0),
(24, 'civic', 'civic', 0),
(25, 'CURREN', 'curren', 0),
(26, 'CURREN Watch', 'curren-watch', 0),
(27, 'CURREN watch for sale', 'curren-watch-for-sale', 0),
(28, 'Dell', 'dell', 0),
(29, 'Dell Laptops', 'dell-laptops', 0),
(30, 'Dell\'s Latitude', 'dells-latitude', 0),
(31, 'Dimond', 'dimond', 0),
(32, 'Ducati bike', 'ducati-bike', 0),
(33, 'Ducati Multistrada 1200 S', 'ducati-multistrada-1200-s', 0),
(34, 'Entaniya 250 Micro fisheye lenses', 'entaniya-250-micro-fisheye-lenses', 0),
(35, 'Entaniya 250 Micro fisheye lenses feature', 'entaniya-250-micro-fisheye-lenses-feature', 0),
(36, 'Galaxy C9', 'galaxy-c9', 0),
(37, 'good looking shirts', 'good-looking-shirts', 0),
(38, 'honda', 'honda', 0),
(39, 'house sale rule', 'house-sale-rule', 0),
(40, 'how to buy home', 'how-to-buy-home', 0),
(41, 'how to find a home', 'how-to-find-a-home', 0),
(42, 'i phone 7', 'i-phone-7', 0),
(43, 'i phone 7 feature', 'i-phone-7-feature', 0),
(44, 'Lamborghini Aventador', 'lamborghini-aventador', 0),
(45, 'MacBook', 'macbook', 0),
(46, 'MacBook Air', 'macbook-air', 0),
(47, 'MacBook Air 2017', 'macbook-air-2017', 0),
(48, 'MacBook Air for sale', 'macbook-air-for-sale', 0),
(49, 'men shirts', 'men-shirts', 0),
(50, 'New model ofLamborghini Aventador', 'new-model-oflamborghini-aventador', 0),
(51, 'Plated CZ Diamon rings', 'plated-cz-diamon-rings', 0),
(52, 'Properties of i phone 7', 'properties-of-i-phone-7', 0),
(53, 'purchasing any house', 'purchasing-any-house', 0),
(54, 'Rings', 'rings', 0),
(55, 'rule of purchasing any house', 'rule-of-purchasing-any-house', 0),
(56, 'Samsung', 'samsung', 0),
(57, 'shirt', 'shirt', 0),
(58, 'shoes', 'shoes', 0),
(59, 'shoes for sale', 'shoes-for-sale', 0),
(60, 'soney camera', 'soney-camera', 0),
(61, 'Soney mobiles for sale', 'soney-mobiles-for-sale', 0),
(62, 'Sony mobiles', 'sony-mobiles', 0),
(63, 'Sony Xperia XZ', 'sony-xperia-xz', 0),
(64, 'sports', 'sports', 0),
(65, 'Sports Bike 2015', 'sports-bike-2015', 0),
(66, 'stylish Lamborghini Aventador', 'stylish-lamborghini-aventador', 0),
(67, 'Unveils Galaxy C9', 'unveils-galaxy-c9', 0),
(68, 'watch', 'watch', 0),
(69, 'Yamaha', 'yamaha', 0),
(70, 'Yamaha YZF', 'yamaha-yzf', 0),
(71, 'Yamaha YZF-R3', 'yamaha-yzf-r3', 0),
(112, 'Buy', 'buy', 0),
(149, 'Exchange', 'exchange', 0),
(195, 'Lost and Found', 'lost-and-found', 0),
(206, 'New', 'new', 0),
(213, 'No', 'no', 0),
(241, 'Sell', 'sell', 0),
(272, 'Used', 'used', 0),
(287, 'Yes', 'yes', 0),
(334, '$', 'aud', 0),
(335, '¥', 'cny', 0),
(336, '﷼', 'qar', 0),
(337, '₨', 'pkr', 0),
(341, '£', 'egp', 0),
(342, '₽', 'rub', 0),
(343, '฿', 'thb', 0),
(344, 'Дин', 'rsd', 0),
(345, 'Main Menu', 'main-menu', 0),
(433, 'United States', 'united-states', 0),
(434, 'Alabama', 'alabama', 0),
(435, 'Arizona', 'arizona', 0),
(436, 'Arkansas', 'arkansas', 0),
(437, 'California', 'california', 0),
(438, 'Colorado', 'colorado', 0),
(439, 'Connecticut', 'connecticut', 0),
(440, 'Delaware', 'delaware', 0),
(441, 'District of Columbia', 'district-of-columbia', 0),
(442, 'Florida', 'florida', 0),
(443, 'Georgia', 'georgia', 0),
(444, 'New Hampshire', 'new-hampshire', 0),
(445, 'New Jersey', 'new-jersey', 0),
(446, 'New Mexico', 'new-mexico', 0),
(447, 'New York', 'new-york', 0),
(448, 'North Carolina', 'north-carolina', 0),
(449, 'Washington', 'washington', 0),
(450, 'Anniston', 'anniston', 0),
(451, 'Chickasaw', 'chickasaw', 0),
(452, 'Demopolis', 'demopolis', 0),
(453, 'Enterprise', 'enterprise', 0),
(454, 'Phenix City', 'phenix-city', 0),
(455, 'Sheffield', 'sheffield', 0),
(456, 'Avondale', 'avondale', 0),
(457, 'Bisbee', 'bisbee', 0),
(458, 'Casa Grande', 'casa-grande', 0),
(459, 'Kingman', 'kingman', 0),
(460, 'Lake Havasu City', 'lake-havasu-city', 0),
(461, 'Carmel', 'carmel', 0),
(462, 'Claremont', 'claremont', 0),
(463, 'Compton', 'compton', 0),
(464, 'Costa Mesa', 'costa-mesa', 0),
(465, 'Downey', 'downey', 0),
(466, 'Belle Glade', 'belle-glade', 0),
(467, 'Boca Raton', 'boca-raton', 0),
(468, 'De Land', 'de-land', 0),
(469, 'Fort Lauderdale', 'fort-lauderdale', 0),
(470, 'Hollywood', 'hollywood', 0),
(471, 'Homestead', 'homestead', 0),
(472, 'Melbourne', 'melbourne', 0),
(473, 'Miami', 'miami', 0),
(474, 'Augusta', 'augusta', 0),
(475, 'Bainbridge', 'bainbridge', 0),
(476, 'Blairsville', 'blairsville', 0),
(477, 'Carrollton', 'carrollton', 0),
(478, 'Dalton', 'dalton', 0),
(479, 'Berlin', 'berlin', 0),
(480, 'Concord', 'concord', 0),
(481, 'Derry', 'derry', 0),
(482, 'Manchester', 'manchester', 0),
(483, 'Asbury Park', 'asbury-park', 0),
(484, 'Bloomfield', 'bloomfield', 0),
(485, 'Clifton', 'clifton', 0),
(486, 'Elizabeth', 'elizabeth', 0),
(487, 'Long Beach', 'long-beach', 0),
(488, 'Belen', 'belen', 0),
(489, 'Clovis', 'clovis', 0),
(490, 'Hobbs', 'hobbs', 0),
(491, 'Roswell', 'roswell', 0),
(492, 'Tucumcari', 'tucumcari', 0),
(493, 'Binghamton', 'binghamton', 0),
(494, 'Crown Point', 'crown-point', 0),
(495, 'Hudson', 'hudson', 0),
(496, 'Johnstown', 'johnstown', 0),
(497, 'Durham', 'durham', 0),
(498, 'Edenton', 'edenton', 0),
(499, 'Gastonia', 'gastonia', 0),
(500, 'Henderson', 'henderson', 0),
(501, 'Jacksonville', 'jacksonville', 0),
(502, 'Aberdeen', 'aberdeen', 0),
(503, 'Anacortes', 'anacortes', 0),
(504, 'Auburn', 'auburn', 0),
(505, 'Bellevue', 'bellevue', 0),
(506, 'Bellingham', 'bellingham', 0),
(507, 'Bremerton', 'bremerton', 0),
(721, 'TechForest', 'test-template', 0),
(733, 'Uncategorized', 'uncategorized', 0),
(1220, 'Clothing', 'clothing', 0),
(1221, 'Tshirts', 'tshirts', 0),
(1222, 'Hoodies', 'hoodies', 0),
(1223, 'Accessories', 'accessories', 0),
(1224, 'Music', 'music', 0),
(1225, 'Decor', 'decor', 0),
(1226, 'Blue', 'blue', 0),
(1227, 'Green', 'green', 0),
(1228, 'Red', 'red', 0),
(1229, 'Large', 'large', 0),
(1230, 'Medium', 'medium', 0),
(1231, 'Small', 'small', 0),
(1232, 'Gray', 'gray', 0),
(1233, 'Yellow', 'yellow', 0),
(1236, 'Fashion', 'fashion', 0),
(1539, 'Johnstown', 'johnstown-united-states', 0),
(1551, 'HeadPhones', 'headphones', 0),
(1552, 'New Laptop', 'new-laptop', 0),
(1553, 'Mobile &amp; Laptops', 'mobile-laptops', 0),
(1554, 'Camera', 'camera', 0),
(1762, 'services', 'services', 0),
(1763, 'Quick Links', 'quick-links', 0),
(1764, 'ToyForest', 'toyforest', 0),
(1765, 'Building Toys', 'building-toys', 0),
(1766, 'Racing Toys', 'racing-toys', 0),
(1767, 'Dolls', 'dolls', 0),
(1768, 'Dresses', 'dresses', 0),
(1769, 'Accessories', 'accessories', 0),
(1770, 'Arts &amp; Craft', 'arts-craft', 0),
(1771, 'Sports', 'sports', 0),
(1772, 'Cars', 'cars', 0),
(1773, 'Trucks', 'trucks', 0),
(1774, 'Bikes', 'bikes', 0),
(1775, 'Action Toys', 'action-toys', 0),
(1776, 'Disney', 'disney', 0),
(1777, 'Minions', 'minions', 0),
(1778, 'Lego', 'lego', 0),
(1779, 'Baby Toys', 'baby-toys', 0),
(1781, 'Pakistan', 'pakistan', 0),
(1782, 'India', 'india', 0),
(1783, 'China', 'china', 0),
(1784, 'Malaysia', 'malaysia', 0),
(1785, 'Turkey', 'turkey', 0),
(1786, 'Istanbul', 'istanbul', 0),
(1787, 'Lahore', 'lahore', 0),
(1788, 'Mumbai', 'mumbai', 0),
(1789, 'Germany', 'germany', 0),
(1790, 'Canada', 'canada', 0),
(1791, 'Australia', 'australia', 0),
(1814, 'Useful Links', 'useful-links', 0);

INSERT INTO `wp_term_relationships` (`object_id`, `term_taxonomy_id`, `term_order`) VALUES
(0, 201, 0),
(0, 514, 0),
(0, 552, 0),
(0, 654, 0),
(0, 739, 0),
(0, 740, 0),
(0, 741, 0),
(0, 1084, 0),
(0, 1186, 0),
(0, 1187, 0),
(0, 1188, 0),
(0, 1189, 0),
(0, 1482, 0),
(0, 1483, 0),
(0, 1484, 0),
(68, 2, 0),
(68, 1223, 0),
(68, 1227, 0),
(117, 112, 0),
(117, 206, 0),
(117, 213, 0),
(117, 337, 0),
(117, 433, 0),
(117, 442, 0),
(117, 470, 0),
(117, 1765, 0),
(361, 112, 0),
(361, 206, 0),
(361, 287, 0),
(361, 335, 0),
(361, 433, 0),
(361, 437, 0),
(361, 465, 0),
(361, 1771, 0),
(477, 1, 0),
(477, 15, 0),
(477, 21, 0),
(477, 24, 0),
(477, 38, 0),
(477, 64, 0),
(488, 1, 0),
(488, 17, 0),
(488, 40, 0),
(488, 41, 0),
(499, 1, 0),
(501, 1, 0),
(512, 1, 0),
(514, 1, 0),
(749, 2, 0),
(749, 733, 0),
(753, 2, 0),
(753, 733, 0),
(1085, 2, 0),
(1085, 733, 0),
(2313, 1, 0),
(2313, 195, 0),
(2313, 272, 0),
(2313, 287, 0),
(2348, 112, 0),
(2348, 206, 0),
(2348, 334, 0),
(2348, 433, 0),
(2353, 334, 0),
(2353, 433, 0),
(2353, 434, 0),
(2354, 272, 0),
(2354, 287, 0),
(2354, 336, 0),
(2354, 433, 0),
(2354, 435, 0),
(2354, 458, 0),
(2368, 213, 0),
(2368, 241, 0),
(2368, 272, 0),
(2368, 335, 0),
(2368, 433, 0),
(2368, 435, 0),
(2371, 241, 0),
(2371, 341, 0),
(2371, 433, 0),
(2371, 447, 0),
(2371, 495, 0),
(2433, 345, 0),
(2440, 345, 0),
(2442, 345, 0),
(2444, 345, 0),
(2447, 345, 0),
(2449, 345, 0),
(2451, 345, 0),
(2453, 345, 0),
(2455, 345, 0),
(2458, 345, 0),
(2460, 345, 0),
(2462, 345, 0),
(2467, 345, 0),
(2469, 345, 0),
(2474, 345, 0),
(2476, 345, 0),
(2478, 345, 0),
(2479, 345, 0),
(2480, 345, 0),
(2481, 345, 0),
(2482, 345, 0),
(2483, 345, 0),
(2484, 345, 0),
(2485, 345, 0),
(2488, 334, 0),
(2488, 433, 0),
(2509, 112, 0),
(2509, 334, 0),
(2509, 433, 0),
(2510, 213, 0),
(2510, 241, 0),
(2510, 272, 0),
(2510, 336, 0),
(2510, 433, 0),
(2510, 435, 0),
(2527, 345, 0),
(2528, 345, 0),
(2529, 345, 0),
(2530, 345, 0),
(2531, 345, 0),
(2532, 345, 0),
(2533, 345, 0),
(2534, 345, 0),
(2535, 345, 0),
(2536, 345, 0),
(2537, 345, 0),
(2538, 345, 0),
(2539, 345, 0),
(2540, 345, 0),
(2541, 345, 0),
(2542, 345, 0),
(2543, 345, 0),
(2549, 345, 0),
(2550, 345, 0),
(2651, 149, 0),
(2651, 272, 0),
(2651, 287, 0),
(2651, 343, 0),
(2930, 149, 0),
(2930, 272, 0),
(2930, 287, 0),
(2930, 334, 0),
(2930, 433, 0),
(2930, 437, 0),
(2930, 462, 0),
(3566, 206, 0),
(3566, 241, 0),
(3566, 287, 0),
(3566, 334, 0),
(3566, 433, 0),
(3566, 435, 0),
(3566, 458, 0),
(3759, 241, 0),
(3759, 272, 0),
(3759, 334, 0),
(3759, 433, 0),
(4166, 206, 0),
(4166, 241, 0),
(4166, 287, 0),
(4166, 334, 0),
(4166, 433, 0),
(7096, 733, 0),
(7097, 733, 0),
(7098, 733, 0),
(7099, 733, 0),
(7100, 733, 0),
(7101, 733, 0),
(7106, 733, 0),
(7135, 2, 0),
(7135, 1236, 0),
(7137, 2, 0),
(7137, 8, 0),
(7137, 1223, 0),
(7139, 2, 0),
(7139, 8, 0),
(7139, 1223, 0),
(7140, 2, 0),
(7140, 1223, 0),
(7140, 1226, 0),
(7855, 345, 0),
(7865, 345, 0),
(7866, 345, 0),
(7873, 345, 0),
(7874, 345, 0),
(7877, 345, 0),
(7878, 345, 0),
(9150, 2, 0),
(9150, 1553, 0),
(9154, 2, 0),
(9154, 1553, 0),
(9155, 2, 0),
(9155, 1554, 0),
(9157, 2, 0),
(9157, 1553, 0),
(9159, 2, 0),
(9159, 1553, 0),
(9162, 2, 0),
(9162, 1551, 0),
(9163, 2, 0),
(9163, 1553, 0),
(9167, 2, 0),
(9167, 1551, 0),
(9204, 206, 0),
(9204, 241, 0),
(9204, 287, 0),
(9204, 334, 0),
(9204, 433, 0),
(9204, 436, 0),
(9204, 1767, 0),
(9204, 1768, 0),
(9208, 206, 0),
(9208, 213, 0),
(9208, 241, 0),
(9208, 337, 0),
(9208, 1775, 0),
(9208, 1781, 0),
(9208, 1787, 0),
(9212, 112, 0),
(9212, 206, 0),
(9212, 287, 0),
(9212, 341, 0),
(9212, 433, 0),
(9212, 437, 0),
(9212, 463, 0),
(9212, 1775, 0),
(9216, 112, 0),
(9216, 206, 0),
(9216, 287, 0),
(9216, 341, 0),
(9216, 433, 0),
(9216, 438, 0),
(9216, 1775, 0),
(9226, 112, 0),
(9226, 206, 0),
(9226, 287, 0),
(9226, 337, 0),
(9226, 1765, 0),
(9226, 1781, 0),
(9226, 1787, 0),
(9240, 112, 0),
(9240, 206, 0),
(9240, 287, 0),
(9240, 343, 0),
(9240, 433, 0),
(9240, 438, 0),
(9240, 1765, 0),
(9243, 206, 0),
(9243, 241, 0),
(9243, 287, 0),
(9243, 334, 0),
(9243, 433, 0),
(9243, 434, 0),
(9243, 454, 0),
(9243, 1771, 0),
(9376, 112, 0),
(9376, 206, 0),
(9376, 287, 0),
(9376, 334, 0),
(9376, 433, 0),
(9376, 437, 0),
(9376, 464, 0),
(9376, 1779, 0),
(9383, 241, 0),
(9383, 272, 0),
(9383, 287, 0),
(9383, 334, 0),
(9383, 433, 0),
(9383, 436, 0),
(9383, 1766, 0),
(9386, 345, 0),
(9387, 345, 0),
(9388, 345, 0),
(9389, 345, 0),
(9395, 345, 0),
(9398, 345, 0),
(9498, 206, 0),
(9498, 213, 0),
(9498, 241, 0),
(9498, 342, 0),
(9498, 433, 0),
(9498, 1765, 0),
(9503, 112, 0),
(9503, 206, 0),
(9503, 213, 0),
(9503, 334, 0),
(9503, 433, 0),
(9503, 1766, 0),
(9503, 1772, 0),
(9512, 112, 0),
(9512, 206, 0),
(9512, 213, 0),
(9512, 334, 0),
(9512, 433, 0),
(9512, 448, 0),
(9512, 497, 0),
(9512, 1766, 0),
(9512, 1772, 0),
(9519, 206, 0),
(9519, 241, 0),
(9519, 287, 0),
(9519, 334, 0),
(9519, 433, 0),
(9519, 435, 0),
(9519, 458, 0),
(9519, 1779, 0),
(9618, 1762, 0),
(9619, 1762, 0),
(9620, 1762, 0),
(9621, 1763, 0),
(9624, 1763, 0),
(9625, 1763, 0),
(9626, 1763, 0),
(9727, 112, 0),
(9727, 206, 0),
(9727, 287, 0),
(9727, 334, 0),
(9727, 433, 0),
(9727, 434, 0),
(9727, 454, 0),
(9727, 1766, 0),
(9727, 1772, 0),
(9866, 206, 0),
(9866, 213, 0),
(9866, 241, 0),
(9866, 335, 0),
(9866, 1765, 0),
(9866, 1785, 0),
(9866, 1786, 0),
(9869, 112, 0),
(9869, 206, 0),
(9869, 213, 0),
(9869, 334, 0),
(9869, 433, 0),
(9869, 434, 0),
(9869, 451, 0),
(9869, 1765, 0),
(9873, 206, 0),
(9873, 213, 0),
(9873, 241, 0),
(9873, 334, 0),
(9873, 1775, 0),
(9873, 1782, 0),
(9873, 1788, 0),
(9877, 112, 0),
(9877, 206, 0),
(9877, 213, 0),
(9877, 334, 0),
(9877, 433, 0),
(9877, 437, 0),
(9877, 461, 0),
(9877, 1775, 0),
(9880, 206, 0),
(9880, 241, 0),
(9880, 287, 0),
(9880, 334, 0),
(9880, 433, 0),
(9880, 435, 0),
(9880, 460, 0),
(9880, 1766, 0),
(9880, 1772, 0),
(9888, 1814, 0),
(9889, 1814, 0),
(9890, 1814, 0),
(9891, 1814, 0);

INSERT INTO `wp_term_taxonomy` (`term_taxonomy_id`, `term_id`, `taxonomy`, `description`, `parent`, `count`) VALUES
(1, 1, 'category', '', 0, 6),
(2, 2, 'product_type', '', 0, 16),
(3, 3, 'product_type', '', 0, 0),
(4, 4, 'product_type', '', 0, 0),
(5, 5, 'product_type', '', 0, 0),
(6, 6, 'product_visibility', '', 0, 0),
(7, 7, 'product_visibility', '', 0, 0),
(8, 8, 'product_visibility', '', 0, 2),
(9, 9, 'product_visibility', '', 0, 0),
(10, 10, 'product_visibility', '', 0, 0),
(11, 11, 'product_visibility', '', 0, 0),
(12, 12, 'product_visibility', '', 0, 0),
(13, 13, 'product_visibility', '', 0, 0),
(14, 14, 'product_visibility', '', 0, 0),
(15, 15, 'post_tag', '', 0, 1),
(16, 16, 'post_tag', '', 0, 0),
(17, 17, 'post_tag', '', 0, 1),
(18, 18, 'post_tag', '', 0, 0),
(19, 19, 'post_tag', '', 0, 0),
(20, 20, 'post_tag', '', 0, 0),
(21, 21, 'post_tag', '', 0, 1),
(22, 22, 'post_tag', '', 0, 0),
(23, 23, 'post_tag', '', 0, 0),
(24, 24, 'post_tag', '', 0, 1),
(25, 25, 'post_tag', '', 0, 0),
(26, 26, 'post_tag', '', 0, 0),
(27, 27, 'post_tag', '', 0, 0),
(28, 28, 'post_tag', '', 0, 0),
(29, 29, 'post_tag', '', 0, 0),
(30, 30, 'post_tag', '', 0, 0),
(31, 31, 'post_tag', '', 0, 0),
(32, 32, 'post_tag', '', 0, 0),
(33, 33, 'post_tag', '', 0, 0),
(34, 34, 'post_tag', '', 0, 0),
(35, 35, 'post_tag', '', 0, 0),
(36, 36, 'post_tag', '', 0, 0),
(37, 37, 'post_tag', '', 0, 0),
(38, 38, 'post_tag', '', 0, 1),
(39, 39, 'post_tag', '', 0, 0),
(40, 40, 'post_tag', '', 0, 1),
(41, 41, 'post_tag', '', 0, 1),
(42, 42, 'post_tag', '', 0, 0),
(43, 43, 'post_tag', '', 0, 0),
(44, 44, 'post_tag', '', 0, 0),
(45, 45, 'post_tag', '', 0, 0),
(46, 46, 'post_tag', '', 0, 0),
(47, 47, 'post_tag', '', 0, 0),
(48, 48, 'post_tag', '', 0, 0),
(49, 49, 'post_tag', '', 0, 0),
(50, 50, 'post_tag', '', 0, 0),
(51, 51, 'post_tag', '', 0, 0),
(52, 52, 'post_tag', '', 0, 0),
(53, 53, 'post_tag', '', 0, 0),
(54, 54, 'post_tag', '', 0, 0),
(55, 55, 'post_tag', '', 0, 0),
(56, 56, 'post_tag', '', 0, 0),
(57, 57, 'post_tag', '', 0, 0),
(58, 58, 'post_tag', '', 0, 0),
(59, 59, 'post_tag', '', 0, 0),
(60, 60, 'post_tag', '', 0, 0),
(61, 61, 'post_tag', '', 0, 0),
(62, 62, 'post_tag', '', 0, 0),
(63, 63, 'post_tag', '', 0, 0),
(64, 64, 'post_tag', '', 0, 1),
(65, 65, 'post_tag', '', 0, 0),
(66, 66, 'post_tag', '', 0, 0),
(67, 67, 'post_tag', '', 0, 0),
(68, 68, 'post_tag', '', 0, 0),
(69, 69, 'post_tag', '', 0, 0),
(70, 70, 'post_tag', '', 0, 0),
(71, 71, 'post_tag', '', 0, 0),
(112, 112, 'ad_type', '', 0, 12),
(149, 149, 'ad_type', '', 0, 0),
(195, 195, 'ad_type', '', 0, 0),
(206, 206, 'ad_condition', '', 0, 20),
(213, 213, 'ad_warranty', '', 0, 9),
(241, 241, 'ad_type', '', 0, 9),
(272, 272, 'ad_condition', '', 0, 1),
(287, 287, 'ad_warranty', '', 0, 12),
(334, 334, 'ad_currency', '', 0, 12),
(335, 335, 'ad_currency', '', 0, 2),
(336, 336, 'ad_currency', '', 0, 0),
(337, 337, 'ad_currency', '', 0, 3),
(341, 341, 'ad_currency', '', 0, 2),
(342, 342, 'ad_currency', '', 0, 1),
(343, 343, 'ad_currency', '', 0, 1),
(344, 344, 'ad_currency', '', 0, 0),
(345, 345, 'nav_menu', '', 0, 56),
(433, 433, 'ad_country', '', 0, 17),
(434, 434, 'ad_country', '', 433, 3),
(435, 435, 'ad_country', '', 433, 2),
(436, 436, 'ad_country', '', 433, 2),
(437, 437, 'ad_country', '', 433, 4),
(438, 438, 'ad_country', '', 433, 2),
(439, 439, 'ad_country', '', 433, 0),
(440, 440, 'ad_country', '', 433, 0),
(441, 441, 'ad_country', '', 433, 0),
(442, 442, 'ad_country', '', 433, 1),
(443, 443, 'ad_country', '', 433, 0),
(444, 444, 'ad_country', '', 433, 0),
(445, 445, 'ad_country', '', 433, 0),
(446, 446, 'ad_country', '', 433, 0),
(447, 447, 'ad_country', '', 433, 0),
(448, 448, 'ad_country', '', 433, 1),
(449, 449, 'ad_country', '', 433, 0),
(450, 450, 'ad_country', '', 434, 0),
(451, 451, 'ad_country', '', 434, 1),
(452, 452, 'ad_country', '', 434, 0),
(453, 453, 'ad_country', '', 434, 0),
(454, 454, 'ad_country', '', 434, 2),
(455, 455, 'ad_country', '', 434, 0),
(456, 456, 'ad_country', '', 435, 0),
(457, 457, 'ad_country', '', 435, 0),
(458, 458, 'ad_country', '', 435, 1),
(459, 459, 'ad_country', '', 435, 0),
(460, 460, 'ad_country', '', 435, 1),
(461, 461, 'ad_country', '', 437, 1),
(462, 462, 'ad_country', '', 437, 0),
(463, 463, 'ad_country', '', 437, 1),
(464, 464, 'ad_country', '', 437, 1),
(465, 465, 'ad_country', '', 437, 1),
(466, 466, 'ad_country', '', 442, 0),
(467, 467, 'ad_country', '', 442, 0),
(468, 468, 'ad_country', '', 442, 0),
(469, 469, 'ad_country', '', 442, 0),
(470, 470, 'ad_country', '', 442, 1),
(471, 471, 'ad_country', '', 442, 0),
(472, 472, 'ad_country', '', 442, 0),
(473, 473, 'ad_country', '', 442, 0),
(474, 474, 'ad_country', '', 443, 0),
(475, 475, 'ad_country', '', 443, 0),
(476, 476, 'ad_country', '', 443, 0),
(477, 477, 'ad_country', '', 443, 0),
(478, 478, 'ad_country', '', 443, 0),
(479, 479, 'ad_country', '', 444, 0),
(480, 480, 'ad_country', '', 444, 0),
(481, 481, 'ad_country', '', 444, 0),
(482, 482, 'ad_country', '', 444, 0),
(483, 483, 'ad_country', '', 445, 0),
(484, 484, 'ad_country', '', 445, 0),
(485, 485, 'ad_country', '', 445, 0),
(486, 486, 'ad_country', '', 445, 0),
(487, 487, 'ad_country', '', 445, 0),
(488, 488, 'ad_country', '', 446, 0),
(489, 489, 'ad_country', '', 446, 0),
(490, 490, 'ad_country', '', 446, 0),
(491, 491, 'ad_country', '', 446, 0),
(492, 492, 'ad_country', '', 446, 0),
(493, 493, 'ad_country', '', 447, 0),
(494, 494, 'ad_country', '', 447, 0),
(495, 495, 'ad_country', '', 447, 0),
(496, 496, 'ad_country', '', 447, 0),
(497, 497, 'ad_country', '', 448, 1),
(498, 498, 'ad_country', '', 448, 0),
(499, 499, 'ad_country', '', 448, 0),
(500, 500, 'ad_country', '', 448, 0),
(501, 501, 'ad_country', '', 448, 0),
(502, 502, 'ad_country', '', 449, 0),
(503, 503, 'ad_country', '', 449, 0),
(504, 504, 'ad_country', '', 449, 0),
(505, 505, 'ad_country', '', 449, 0),
(506, 506, 'ad_country', '', 449, 0),
(507, 507, 'ad_country', '', 449, 0),
(721, 721, 'sb_dynamic_form_templates', '', 0, 0),
(733, 733, 'product_cat', '', 0, 3),
(1220, 1220, 'product_cat', '', 0, 0),
(1221, 1221, 'product_cat', '', 1220, 0),
(1222, 1222, 'product_cat', '', 1220, 0),
(1223, 1223, 'product_cat', '', 1220, 4),
(1224, 1224, 'product_cat', '', 0, 0),
(1225, 1225, 'product_cat', '', 0, 0),
(1226, 1226, 'pa_color', '', 0, 1),
(1227, 1227, 'pa_color', '', 0, 1),
(1228, 1228, 'pa_color', '', 0, 0),
(1229, 1229, 'pa_size', '', 0, 0),
(1230, 1230, 'pa_size', '', 0, 0),
(1231, 1231, 'pa_size', '', 0, 0),
(1232, 1232, 'pa_color', '', 0, 0),
(1233, 1233, 'pa_color', '', 0, 0),
(1236, 1236, 'product_cat', '', 0, 1),
(1539, 1539, 'ad_country', '', 433, 0),
(1551, 1551, 'product_cat', '', 1224, 2),
(1552, 1552, 'product_cat', '', 0, 0),
(1553, 1553, 'product_cat', '', 0, 5),
(1554, 1554, 'product_cat', '', 0, 1),
(1762, 1762, 'nav_menu', '', 0, 3),
(1763, 1763, 'nav_menu', '', 0, 4),
(1764, 1764, 'sb_dynamic_form_templates', '', 0, 0),
(1765, 1765, 'ad_cats', '', 0, 6),
(1766, 1766, 'ad_cats', '', 0, 5),
(1767, 1767, 'ad_cats', '', 0, 1),
(1768, 1768, 'ad_cats', '', 1767, 1),
(1769, 1769, 'ad_cats', '', 1767, 0),
(1770, 1770, 'ad_cats', '', 0, 0),
(1771, 1771, 'ad_cats', '', 0, 2),
(1772, 1772, 'ad_cats', '', 1766, 4),
(1773, 1773, 'ad_cats', '', 1766, 0),
(1774, 1774, 'ad_cats', '', 1766, 0),
(1775, 1775, 'ad_cats', '', 0, 5),
(1776, 1776, 'ad_cats', '', 0, 0),
(1777, 1777, 'ad_cats', '', 0, 0),
(1778, 1778, 'ad_cats', '', 0, 0),
(1779, 1779, 'ad_cats', '', 0, 2),
(1781, 1781, 'ad_country', '', 0, 2),
(1782, 1782, 'ad_country', '', 0, 1),
(1783, 1783, 'ad_country', '', 0, 0),
(1784, 1784, 'ad_country', '', 0, 0),
(1785, 1785, 'ad_country', '', 0, 1),
(1786, 1786, 'ad_country', '', 1785, 1),
(1787, 1787, 'ad_country', '', 1781, 2),
(1788, 1788, 'ad_country', '', 1782, 1),
(1789, 1789, 'ad_country', '', 0, 0),
(1790, 1790, 'ad_country', '', 0, 0),
(1791, 1791, 'ad_country', '', 0, 0),
(1814, 1814, 'nav_menu', '', 0, 4);